User,CARD INDEX,Card Brand,Card Type,Card Number,Expires,CVV,Has Chip,Cards Issued,Credit Limit,Acct Open Date,Year PIN last Changed,Card on Dark Web
0,0,Visa,Debit,4344676511950444,12/2022,623,YES,2,24295.0,09/2002,2008,No
0,1,Visa,Debit,4956965974959986,12/2020,393,YES,2,21968.0,04/2014,2014,No
0,2,Visa,Debit,4582313478255491,02/2024,719,YES,2,46414.0,07/2003,2004,No
0,3,Visa,Credit,4879494103069057,08/2024,693,NO,1,12400.0,01/2003,2012,No
0,4,Mastercard,Debit (Prepaid),5722874738736011,03/2009,75,YES,1,28.0,09/2008,2009,No
1,0,Visa,Credit,4404898874682993,09/2003,736,YES,1,27500.0,09/2003,2012,No
1,1,Visa,Debit,4001482973848631,07/2022,972,YES,2,28508.0,02/2011,2011,No
1,2,Mastercard,Debit,5627220683410948,06/2022,48,YES,2,9022.0,07/2003,2015,No
1,3,Mastercard,Debit (Prepaid),5711382187309326,11/2020,722,YES,2,54.0,06/2010,2015,No
1,4,Mastercard,Debit (Prepaid),5766121508358701,02/2023,908,YES,1,99.0,07/2006,2012,No
2,0,Mastercard,Debit,5495199163052054,03/2022,677,YES,2,31599.0,10/2009,2009,No
2,1,Mastercard,Debit,5804499644308599,07/2023,258,NO,2,27480.0,03/2002,2008,No
2,2,Mastercard,Debit,5766352389579834,02/2020,992,YES,1,26743.0,03/2019,2019,No
2,3,Visa,Debit,4242015583697294,06/2020,928,YES,1,31463.0,04/2014,2014,No
2,4,Mastercard,Debit,5191030913182493,06/2024,360,YES,1,16055.0,09/2009,2009,No
3,0,Visa,Credit,4017261190134817,05/2015,877,YES,2,98100.0,01/2011,2011,No
3,1,Mastercard,Debit (Prepaid),5581970288727991,06/2020,448,YES,1,62.0,02/2007,2007,No
3,2,Visa,Debit,4032240655674503,06/2022,53,YES,1,132439.0,11/2010,2011,No
3,3,Visa,Debit,4935974646456357,06/2020,649,YES,1,125723.0,10/2009,2010,No
4,0,Mastercard,Debit,5905027855347659,01/2022,886,YES,1,34900.0,12/1999,2012,No
5,0,Visa,Credit,4099623033306950,09/2021,74,YES,2,9900.0,01/2002,2019,No
5,1,Visa,Debit,4281200324251212,07/2013,865,YES,2,21587.0,09/2007,2007,No
5,2,Visa,Credit,4411456925570768,11/2022,922,YES,2,15800.0,11/2005,2011,No
6,0,Mastercard,Debit,5202477865497336,04/2022,861,YES,1,29964.0,06/2005,2014,No
6,1,Mastercard,Credit,5089768442116305,07/2023,686,YES,2,11200.0,09/2010,2010,No
6,2,Mastercard,Debit,5767339719294372,12/2021,669,NO,2,26753.0,10/2014,2014,No
7,0,Visa,Debit,4595831603224644,05/2023,689,NO,2,17480.0,01/2020,2020,No
8,0,Mastercard,Debit,5341049613275152,09/2021,396,YES,2,26546.0,11/2009,2009,No
8,1,Mastercard,Debit,5668831527649353,01/2021,356,YES,1,23253.0,09/2017,2017,No
8,2,Visa,Credit,4400056931148232,02/2021,497,YES,1,16100.0,01/2005,2014,No
8,3,Visa,Credit,4808554251869440,02/2021,921,YES,2,8700.0,01/2012,2012,No
8,4,Mastercard,Debit,5224739362243611,01/2019,922,YES,1,29333.0,05/2012,2012,No
9,0,Mastercard,Debit,5294178176133532,07/2024,265,YES,2,9496.0,07/2009,2012,No
10,0,Visa,Debit,4857799018106614,07/2021,930,YES,1,25499.0,02/2020,2020,No
10,1,Visa,Debit,4324062360619923,02/2020,358,YES,1,18641.0,02/2020,2020,No
11,0,Visa,Debit,4852639114720724,05/2023,995,YES,1,26019.0,01/2020,2020,No
12,0,Mastercard,Debit,5656383455895230,01/2021,547,YES,1,25845.0,02/2020,2020,No
13,0,Visa,Debit,4556928160477229,06/2023,64,YES,2,2365.0,01/2007,2009,No
13,1,Mastercard,Debit,5515782790823587,06/2023,419,YES,2,18684.0,07/2006,2017,No
13,2,Visa,Credit,4508388296516458,02/2021,364,NO,2,7400.0,02/2020,2020,No
14,0,Mastercard,Debit,5548265564669334,12/2024,145,YES,2,4147.0,12/2008,2016,No
15,0,Visa,Debit (Prepaid),4986270376099447,04/2022,385,YES,1,76.0,12/2012,2012,No
15,1,Discover,Credit,6726060094896113,01/2009,105,NO,1,4700.0,12/2008,2014,No
15,2,Visa,Credit,4157109762296149,06/2021,433,YES,2,5800.0,08/2007,2011,No
15,3,Mastercard,Debit,5231462717450524,03/2024,754,YES,2,12082.0,08/2016,2016,No
15,4,Mastercard,Credit,5074836567307562,03/2023,741,NO,2,6000.0,06/2002,2010,No
15,5,Visa,Debit,4986369179342271,11/2009,367,YES,1,620.0,02/2002,2014,No
16,0,Mastercard,Debit,5892013969159900,08/2022,879,YES,1,14499.0,01/2008,2008,No
16,1,Mastercard,Debit,5179157151686144,07/2023,457,YES,2,12332.0,08/2007,2009,No
16,2,Mastercard,Debit,5569640141329524,09/2024,904,YES,1,18424.0,08/2013,2013,No
16,3,Visa,Credit,4708914311449293,07/2023,149,NO,1,15400.0,08/2003,2008,No
16,4,Visa,Debit,4795724941278913,02/2022,136,YES,2,14548.0,08/2007,2013,No
16,5,Mastercard,Credit,5300159511214994,12/2016,740,YES,2,10100.0,09/2016,2016,No
17,0,Discover,Credit,6580244636542196,04/2011,416,YES,1,11200.0,02/2004,2008,No
17,1,Mastercard,Debit,5032457975030967,10/2024,240,YES,2,20291.0,12/2009,2011,No
17,2,Visa,Debit,4382324870900908,08/2018,852,YES,1,32092.0,01/2006,2010,No
17,3,Mastercard,Debit,5456808094753905,02/2020,217,YES,1,20463.0,01/2020,2020,No
18,0,Visa,Debit,4465362453388909,08/2022,738,YES,1,15802.0,01/2020,2020,No
18,1,Visa,Debit,4668447208616693,02/2020,314,NO,2,4612.0,02/2020,2020,No
18,2,Discover,Credit,6377595394803324,07/2020,675,YES,2,19900.0,01/2020,2020,No
19,0,Mastercard,Debit (Prepaid),5117090980312402,10/2020,42,YES,1,73.0,02/2000,2012,No
19,1,Mastercard,Debit,5377858405611171,01/2024,24,YES,1,11858.0,09/2009,2010,No
19,2,Mastercard,Debit,5585238056278288,03/2005,749,YES,1,9664.0,01/1998,2011,No
19,3,Mastercard,Debit,5355281784290567,06/2020,810,YES,1,8367.0,03/2009,2009,No
19,4,Visa,Credit,4150093118072730,06/2022,135,YES,2,6100.0,02/2004,2009,No
20,0,Mastercard,Debit,5979295728871785,02/2020,630,YES,3,9944.0,02/2020,2020,No
20,1,Visa,Credit,4473643731469839,01/2020,771,YES,1,7900.0,01/2020,2020,No
20,2,Visa,Credit,4800116569994473,12/2020,201,YES,1,5600.0,02/2020,2020,No
21,0,Visa,Debit,4832328468851061,08/2023,580,YES,1,68400.0,01/2020,2020,No
21,1,Mastercard,Debit,5278075482033392,04/2023,437,YES,2,77237.0,01/2020,2020,No
22,0,Visa,Debit,4869845530765333,08/2024,701,YES,2,4488.0,07/2002,2015,No
22,1,Visa,Credit,4231526239204033,02/2020,499,YES,2,12500.0,11/2014,2014,No
23,0,Mastercard,Debit,5813611925507601,12/2020,734,YES,2,23432.0,09/2001,2008,No
23,1,Amex,Credit,366520954874839,05/2022,447,YES,2,8800.0,05/2005,2011,No
24,0,Mastercard,Credit,5392697458480962,02/2020,886,YES,2,12100.0,02/2020,2020,No
25,0,Mastercard,Debit,5048151330736425,02/2020,931,YES,1,9708.0,01/2020,2020,No
25,1,Amex,Credit,371643368691556,11/2021,683,YES,2,12000.0,07/2009,2011,No
25,2,Mastercard,Debit,5700734711260263,11/2023,230,YES,1,11973.0,03/2012,2012,No
26,0,Mastercard,Debit,5389442391430673,02/2022,658,YES,2,13601.0,10/2006,2014,No
26,1,Mastercard,Credit,5079116875907423,01/2024,849,YES,2,7800.0,02/2020,2020,No
27,0,Visa,Debit,4390425683290569,10/2023,790,YES,2,17816.0,08/2008,2016,No
28,0,Mastercard,Debit,5217568630125704,03/2021,625,NO,2,17707.0,10/2010,2010,No
28,1,Amex,Credit,397856635669220,11/2020,2,YES,1,9500.0,05/2005,2009,No
29,0,Mastercard,Debit,5529182104663869,01/2022,182,YES,1,19110.0,05/2010,2011,No
29,1,Mastercard,Debit,5489017664251289,08/2023,196,YES,1,13428.0,10/2016,2016,No
29,2,Mastercard,Debit,5793675314684781,06/2022,43,YES,1,24608.0,08/2005,2009,No
29,3,Mastercard,Debit,5845373196638993,09/2022,111,YES,1,13441.0,01/2008,2011,No
30,0,Mastercard,Debit (Prepaid),5750288075891808,02/2020,788,YES,2,74.0,01/2020,2020,No
31,0,Mastercard,Debit,5429789020188285,10/2012,674,YES,1,17872.0,06/2008,2008,No
31,1,Mastercard,Credit,5301114615829913,09/2022,425,YES,1,12900.0,12/2003,2010,No
31,2,Mastercard,Debit,5571104183564029,05/2024,52,YES,2,25264.0,03/2006,2020,No
31,3,Mastercard,Debit,5401948301255038,12/2022,920,YES,2,20634.0,03/2005,2007,No
32,0,Visa,Credit,4295364044956974,04/2007,656,YES,2,12200.0,12/2006,2010,No
32,1,Visa,Credit,4737484014371342,02/2010,221,YES,2,5500.0,01/2008,2008,No
33,0,Visa,Credit,4509365132510769,03/2020,281,NO,2,6600.0,02/2020,2020,No
33,1,Mastercard,Debit,5068255294282305,11/2020,890,YES,1,25815.0,12/2017,2017,No
34,0,Amex,Credit,354813103334804,06/2021,527,YES,2,8400.0,01/2014,2014,No
34,1,Mastercard,Debit,5910929635230868,02/2020,525,YES,1,21628.0,03/2001,2008,No
34,2,Mastercard,Debit,5400182448188961,10/2021,412,YES,1,24232.0,07/2009,2009,No
35,0,Mastercard,Debit,5039048842448184,11/2023,339,YES,2,10775.0,02/2009,2010,No
35,1,Mastercard,Debit (Prepaid),5672012369002302,02/2020,598,YES,2,105.0,06/2007,2013,No
36,0,Visa,Credit,4336733185475861,01/2021,221,NO,2,7100.0,11/2010,2010,No
36,1,Mastercard,Debit,5985582173054292,07/2024,951,YES,1,29351.0,11/2005,2007,No
36,2,Mastercard,Debit,5281056728185174,03/2020,835,YES,2,15125.0,04/2008,2012,No
36,3,Mastercard,Credit,5615660494634705,11/2021,865,YES,2,8000.0,11/2003,2008,No
36,4,Mastercard,Debit (Prepaid),5314878099448745,05/2011,994,YES,1,83.0,11/2010,2010,No
37,0,Amex,Credit,311095486859536,01/2024,536,YES,2,23700.0,07/2012,2012,No
38,0,Visa,Credit,4624747592911129,02/2024,986,YES,2,700.0,12/2016,2016,No
39,0,Mastercard,Debit,5595562388674401,07/2024,594,YES,2,7488.0,07/2006,2016,No
40,0,Visa,Credit,4171022488649333,01/2002,225,NO,1,24900.0,02/1999,2010,No
40,1,Mastercard,Debit,5246337038556761,06/2021,638,YES,2,30971.0,03/2005,2020,No
40,2,Amex,Credit,399966116933253,01/2024,343,YES,1,24400.0,01/2020,2020,No
40,3,Mastercard,Debit,5064137987234665,02/2020,599,YES,2,53549.0,01/2020,2020,No
40,4,Visa,Debit,4905540969337037,09/2018,573,YES,1,53036.0,10/2013,2013,No
40,5,Mastercard,Debit,5703849820939467,12/2024,300,YES,1,35750.0,08/2011,2011,No
40,6,Visa,Debit,4055403312631050,07/2021,902,YES,1,33375.0,03/2013,2013,No
41,0,Visa,Debit (Prepaid),4587476056357151,07/2023,858,YES,2,22.0,12/2010,2010,No
41,1,Discover,Credit,6521426249819196,11/2020,608,YES,1,13100.0,08/2014,2014,No
41,2,Visa,Debit,4199712815274632,10/2024,440,YES,1,16516.0,07/2003,2011,No
41,3,Mastercard,Credit,5172743861765175,07/2016,906,YES,1,15700.0,05/2004,2011,No
41,4,Mastercard,Debit,5214643602729093,05/2024,474,YES,1,21058.0,08/2003,2007,No
42,0,Visa,Debit,4013876625955765,10/2023,543,YES,2,36425.0,01/2002,2004,No
42,1,Visa,Debit (Prepaid),4966050979388902,03/2021,585,YES,2,91.0,12/2016,2016,No
42,2,Mastercard,Credit,5247576622089394,09/2021,379,YES,1,13400.0,04/2005,2014,No
42,3,Mastercard,Credit,5911319900289832,04/2021,37,YES,2,21600.0,04/2010,2010,No
43,0,Mastercard,Debit,5058769177189803,02/2020,12,NO,1,9090.0,02/2020,2020,No
44,0,Visa,Debit,4682877628388639,02/2023,846,NO,1,25942.0,11/2012,2012,No
44,1,Mastercard,Credit,5882842508952744,07/2019,614,YES,2,10700.0,02/2003,2013,No
44,2,Mastercard,Credit,5637149260486793,07/2022,630,YES,2,4900.0,02/2020,2020,No
45,0,Mastercard,Credit,5115700923413241,04/2022,587,NO,1,18100.0,02/2020,2020,No
46,0,Amex,Credit,324640473359364,03/2024,659,YES,2,7200.0,01/2020,2020,No
47,0,Mastercard,Debit,5033428838471726,02/2020,546,YES,2,22660.0,07/2004,2007,No
47,1,Discover,Credit,6969946254132652,12/2022,588,YES,1,19800.0,05/2011,2011,No
47,2,Mastercard,Credit,5181226307106931,11/2024,820,YES,2,15500.0,01/2005,2014,No
47,3,Visa,Debit (Prepaid),4310689470082080,06/2023,458,YES,1,13.0,01/2005,2008,No
47,4,Mastercard,Debit,5051066154001741,06/2021,526,YES,2,4317.0,07/2001,2011,No
48,0,Mastercard,Debit,5456915066505066,12/2021,553,NO,1,14719.0,03/2000,2008,No
48,1,Mastercard,Debit,5132664334960880,05/2021,593,YES,1,9532.0,09/2017,2017,No
48,2,Mastercard,Credit,5752873844240568,03/2020,486,YES,1,10900.0,07/2006,2014,No
49,0,Mastercard,Credit,5494228198326752,09/2024,428,YES,2,6200.0,11/2001,2012,No
49,1,Mastercard,Debit,5789639625525459,12/2012,43,YES,2,2903.0,11/2005,2011,No
49,2,Mastercard,Debit,5392957769023387,10/2020,803,YES,2,4355.0,12/1999,2010,No
50,0,Mastercard,Debit,5182820825620434,04/2021,126,YES,1,28963.0,11/2007,2012,No
50,1,Mastercard,Debit,5102353988152905,12/2022,667,YES,2,20913.0,05/2016,2016,No
50,2,Mastercard,Debit,5033135709911480,07/2024,170,YES,1,23344.0,02/2010,2010,No
50,3,Mastercard,Debit,5611522756791997,01/2020,882,YES,2,33642.0,10/2016,2016,No
51,0,Mastercard,Debit,5037404409791945,01/2022,681,YES,1,14695.0,09/2010,2011,No
52,0,Mastercard,Credit,5571363047071896,09/2023,510,YES,1,13200.0,01/2007,2015,No
52,1,Visa,Debit,4083033843851772,01/2020,173,YES,1,29950.0,09/2008,2013,No
52,2,Visa,Credit,4829916759482899,07/2024,768,YES,2,4600.0,12/2007,2011,No
53,0,Mastercard,Debit,5458492483408549,12/2022,92,YES,1,10051.0,04/2002,2011,No
53,1,Mastercard,Debit,5879094230635425,12/2015,729,YES,2,9796.0,02/2003,2013,No
54,0,Mastercard,Debit,5769435406360328,10/2021,957,YES,1,17826.0,10/2009,2009,No
54,1,Mastercard,Debit,5588799529406913,11/2024,778,YES,1,19086.0,12/2006,2009,No
54,2,Visa,Debit,4410685608952637,06/2024,265,YES,2,17345.0,10/2014,2014,No
54,3,Visa,Debit,4470822684089911,09/2020,923,YES,2,17976.0,02/2013,2013,No
54,4,Visa,Debit,4804338444306727,01/2022,279,YES,2,16447.0,01/2019,2019,No
55,0,Visa,Debit,4194362281636453,10/2024,271,YES,2,29573.0,10/2008,2009,No
55,1,Mastercard,Debit (Prepaid),5436469451844829,12/2021,48,YES,2,98.0,12/2010,2010,No
55,2,Mastercard,Debit,5648865641388293,08/2019,71,YES,2,2559.0,08/2002,2012,No
55,3,Mastercard,Debit,5914243757284149,10/2012,436,YES,2,6552.0,01/2003,2010,No
56,0,Mastercard,Credit,5193780952753626,01/2021,591,YES,2,13800.0,01/2020,2020,No
57,0,Mastercard,Debit,5957925302951752,08/2020,746,YES,1,16375.0,02/2020,2020,No
57,1,Visa,Debit,4557061225558443,05/2023,780,YES,1,14213.0,01/2020,2020,No
57,2,Visa,Debit (Prepaid),4883222888293069,09/2020,2,YES,1,73.0,02/2020,2020,No
58,0,Mastercard,Debit,5476407228285230,11/2022,688,YES,2,53466.0,07/2007,2013,No
59,0,Visa,Credit,4698943729070491,09/2020,450,YES,1,6600.0,01/2011,2013,No
59,1,Mastercard,Credit,5579147219556308,06/2022,806,NO,2,7200.0,12/2015,2015,No
60,0,Mastercard,Debit,5099614207935768,11/2020,856,YES,1,2868.0,01/2020,2020,No
60,1,Discover,Credit,6177503172021506,05/2024,97,YES,1,3400.0,01/2020,2020,No
61,0,Mastercard,Debit,5188130978534931,01/2022,446,YES,1,12915.0,10/2011,2013,No
61,1,Visa,Debit (Prepaid),4860320285002452,12/2023,366,YES,2,84.0,04/2009,2017,No
61,2,Discover,Credit,6417599205270844,07/2021,504,YES,2,17600.0,04/2018,2018,No
61,3,Mastercard,Debit,5516722949603675,12/2012,621,YES,1,31542.0,11/2006,2009,No
61,4,Mastercard,Debit,5891053637541514,02/2022,362,YES,2,23049.0,06/2013,2013,No
61,5,Visa,Debit,4222570131769035,05/2020,141,YES,1,29734.0,12/2017,2017,No
61,6,Visa,Credit,4453742478192143,01/2020,346,YES,2,27000.0,09/2011,2016,No
61,7,Mastercard,Debit (Prepaid),5335984658439104,11/2022,320,YES,1,18.0,03/2008,2010,No
62,0,Mastercard,Debit,5708150083756692,04/2023,824,YES,1,17848.0,12/2015,2015,No
62,1,Mastercard,Debit,5238684130320063,11/2022,870,NO,1,25563.0,05/2010,2010,No
62,2,Visa,Credit,4740880792169372,04/2020,168,YES,2,12000.0,10/2010,2010,No
62,3,Amex,Credit,361648729239104,11/2018,709,NO,2,6600.0,02/2012,2012,No
63,0,Amex,Credit,363305614201313,09/2023,943,NO,1,5600.0,01/2020,2020,No
63,1,Visa,Debit,4360859456629853,11/2022,428,YES,3,11873.0,02/2020,2020,No
63,2,Mastercard,Credit,5498016831726771,02/2020,871,YES,1,7200.0,02/2020,2020,No
64,0,Amex,Credit,381572912003735,08/2024,145,YES,1,10000.0,02/2020,2020,No
64,1,Mastercard,Credit,5079302523329059,04/2023,381,YES,2,500.0,11/2010,2010,No
65,0,Mastercard,Debit,5546998350637125,02/2020,718,YES,1,22697.0,02/2020,2020,No
65,1,Mastercard,Credit,5326031764905960,08/2023,437,YES,1,18000.0,03/2013,2013,No
65,2,Mastercard,Debit,5096150037217374,10/2024,862,YES,1,32903.0,06/2010,2010,No
66,0,Visa,Debit,4489873116412364,08/2021,547,YES,2,12764.0,05/1999,2010,No
66,1,Mastercard,Credit,5621725368325863,10/2022,60,YES,1,6300.0,02/2019,2019,No
67,0,Mastercard,Debit,5923138803280580,02/2022,934,YES,2,7541.0,09/2008,2013,No
67,1,Visa,Debit,4447989421793048,03/2022,995,YES,2,1266.0,06/2007,2012,No
67,2,Mastercard,Credit,5000307662634780,04/2020,263,NO,1,9500.0,09/2014,2014,No
68,0,Mastercard,Debit,5707305515533516,04/2020,203,YES,2,1837.0,06/2010,2010,No
68,1,Mastercard,Debit,5864987017850552,08/2023,258,YES,2,17453.0,02/2006,2008,No
69,0,Visa,Debit,4228885239928189,10/2013,543,NO,1,28283.0,05/2008,2012,No
69,1,Visa,Credit,4210237285941913,04/2020,160,YES,1,13500.0,05/2010,2012,No
69,2,Visa,Credit,4877073763902898,07/2014,786,YES,2,13300.0,06/2012,2012,No
70,0,Mastercard,Debit,5558040779986506,09/2021,69,YES,2,17941.0,04/2009,2009,No
71,0,Visa,Credit,4642496218651973,04/2018,594,YES,1,14400.0,06/2010,2012,No
71,1,Visa,Credit,4244401907291512,04/2020,120,YES,1,4400.0,07/2012,2012,No
71,2,Mastercard,Credit,5157439545898691,03/2020,657,YES,1,13000.0,02/2020,2020,No
71,3,Visa,Debit,4079516725179269,04/2023,72,YES,2,22701.0,02/2020,2020,No
72,0,Mastercard,Credit,5597117503471640,08/2024,934,NO,1,16100.0,02/2020,2020,No
72,1,Mastercard,Debit,5808372218918202,09/2023,138,YES,2,7629.0,02/2020,2020,No
73,0,Mastercard,Debit,5565497732362129,03/2022,430,NO,1,16538.0,04/2012,2012,No
73,1,Visa,Debit,4072893581482208,12/2020,578,YES,2,22746.0,01/2008,2010,No
73,2,Mastercard,Debit,5161929618424764,07/2016,743,YES,1,9737.0,02/2016,2016,No
73,3,Mastercard,Credit,5359358098670039,07/2019,428,YES,1,6500.0,02/2011,2014,No
73,4,Mastercard,Debit,5093514487076217,06/2020,889,YES,2,2650.0,02/2011,2013,No
73,5,Visa,Credit,4409790595650716,05/2012,839,YES,2,8200.0,01/2009,2011,No
73,6,Amex,Credit,373325875666765,01/2022,204,YES,2,6200.0,11/2006,2013,No
74,0,Amex,Credit,366837170672753,01/2021,803,YES,2,22600.0,11/2006,2014,No
74,1,Mastercard,Debit,5260255791659846,05/2024,428,YES,2,6940.0,03/2006,2009,No
74,2,Mastercard,Debit,5911939393457828,03/2024,410,YES,2,23408.0,04/1996,2008,No
74,3,Visa,Credit,4226284680001632,09/2022,966,YES,2,9700.0,11/2004,2007,No
75,0,Mastercard,Debit,5624997997810589,06/2024,992,NO,2,10538.0,07/2006,2006,No
75,1,Mastercard,Debit,5752209560237460,03/2023,385,YES,2,6853.0,08/2001,2006,No
75,2,Mastercard,Debit,5470018669871087,10/2020,598,YES,2,607.0,12/2002,2010,No
75,3,Mastercard,Credit,5764603958082866,08/2021,397,YES,1,0.0,08/2010,2010,No
75,4,Visa,Debit,4378354586828464,06/2021,644,YES,2,8253.0,10/2004,2011,No
76,0,Visa,Debit,4415203972868492,09/2020,847,YES,2,8492.0,01/2020,2020,No
77,0,Visa,Credit,4716309780327853,07/2022,275,YES,1,9100.0,01/2010,2010,No
77,1,Mastercard,Credit,5175414290540891,04/2022,497,NO,2,2600.0,07/2011,2011,No
77,2,Mastercard,Credit,5079431552272493,05/2024,813,NO,1,7300.0,11/2002,2010,No
78,0,Visa,Credit,4841586209388617,08/2020,207,YES,1,15000.0,10/2009,2009,No
78,1,Mastercard,Credit,5133341979041600,04/2024,497,YES,2,18700.0,02/2020,2020,No
78,2,Visa,Debit,4044685132149960,05/2021,579,YES,1,21458.0,01/2020,2020,No
78,3,Visa,Credit,4825181289428263,04/2020,635,NO,1,15700.0,11/2010,2014,No
79,0,Mastercard,Debit,5533057740649374,01/2020,13,YES,2,20765.0,12/2014,2014,No
79,1,Mastercard,Debit,5137811039972629,06/2022,170,NO,2,18101.0,02/2020,2020,No
79,2,Visa,Credit,4409545480052957,11/2024,528,YES,1,8400.0,02/2020,2020,No
79,3,Mastercard,Debit,5169705466479218,03/2020,66,YES,1,1737.0,01/2020,2020,No
80,0,Mastercard,Credit,5782138554730431,02/2020,217,YES,2,20900.0,02/2020,2020,No
80,1,Visa,Credit,4450097042295695,11/2021,601,YES,1,23700.0,02/2020,2020,No
80,2,Mastercard,Credit,5298079382002761,11/2021,989,YES,1,17500.0,01/2020,2020,No
81,0,Visa,Debit,4911894810892317,06/2024,769,YES,1,26083.0,12/2009,2009,No
81,1,Visa,Debit,4394014058373538,10/2022,943,YES,1,31589.0,05/2008,2008,No
81,2,Visa,Credit,4984110253172329,06/2021,453,YES,2,24200.0,10/2000,2013,No
82,0,Mastercard,Debit,5658875071888530,02/2020,190,YES,2,18321.0,02/2020,2020,No
83,0,Mastercard,Debit,5377126168537132,10/2022,94,YES,2,7551.0,11/2002,2010,No
83,1,Mastercard,Debit,5606824501502078,06/2014,451,YES,1,15377.0,08/2004,2011,No
83,2,Visa,Debit,4501704511432206,03/2023,324,YES,1,12990.0,10/2007,2016,No
83,3,Visa,Debit,4015096339812707,02/2023,494,YES,1,8509.0,06/2010,2010,No
84,0,Visa,Debit,4467199760802877,11/2014,176,YES,1,96907.0,11/2014,2014,No
84,1,Visa,Credit,4081474027835147,07/2015,45,YES,1,43900.0,03/2008,2013,No
84,2,Visa,Debit (Prepaid),4868297041449163,10/2020,440,YES,2,76.0,11/2005,2007,No
85,0,Mastercard,Debit,5843714671989158,01/2020,533,YES,2,50915.0,01/2020,2020,No
85,1,Visa,Debit,4052306795072868,12/2021,369,YES,2,31767.0,02/2020,2020,No
86,0,Visa,Credit,4229889369220690,04/2024,82,YES,2,13200.0,07/2008,2010,No
86,1,Mastercard,Credit,5936949471946678,10/2022,372,YES,2,16000.0,02/2011,2012,No
86,2,Visa,Debit,4748458102584203,07/2024,223,YES,2,18132.0,01/2020,2020,No
86,3,Visa,Credit,4862788591864799,02/2019,466,YES,1,300.0,04/2012,2012,No
87,0,Mastercard,Debit,5736838327060448,11/2022,714,YES,2,2236.0,05/2000,2015,No
87,1,Visa,Debit,4528854599819268,08/2019,451,YES,2,21591.0,09/2010,2010,No
88,0,Mastercard,Debit,5956798767354537,04/2020,927,YES,2,11521.0,02/2020,2020,No
88,1,Visa,Credit,4949830998579625,06/2020,561,NO,1,8600.0,01/2020,2020,No
89,0,Amex,Credit,323782494048404,03/2020,659,YES,1,9800.0,08/2003,2010,No
89,1,Visa,Credit,4172882144788973,03/2012,902,YES,2,11300.0,02/2008,2009,No
89,2,Mastercard,Credit,5153494647482349,10/2019,492,YES,1,8400.0,04/2009,2011,No
89,3,Mastercard,Debit,5513208341097350,12/2023,789,YES,1,16597.0,01/1999,2009,No
89,4,Amex,Credit,316138720673532,09/2020,876,YES,2,9400.0,09/2008,2008,No
90,0,Visa,Debit,4709941855155413,12/2008,122,YES,1,18702.0,12/2007,2007,No
91,0,Visa,Debit,4725438629956463,06/2022,675,YES,1,24806.0,06/2007,2007,No
91,1,Visa,Debit,4992990568824247,05/2023,457,YES,1,19856.0,11/2007,2011,No
92,0,Visa,Debit (Prepaid),4580252759299284,02/2021,397,YES,2,68.0,02/2010,2010,No
92,1,Amex,Credit,347103137777594,12/2022,791,YES,2,4900.0,06/2009,2009,No
93,0,Mastercard,Debit,5779387577644606,02/2022,421,YES,1,13390.0,02/2020,2020,No
93,1,Amex,Credit,343258769247986,11/2024,210,YES,3,8400.0,02/2020,2020,No
94,0,Amex,Credit,374396421501669,03/2024,659,YES,2,13700.0,02/2012,2012,No
95,0,Discover,Credit,6308795344040919,11/2024,205,YES,2,4200.0,06/2016,2016,No
96,0,Visa,Debit,4439832703761219,08/2020,424,YES,2,2292.0,10/2009,2015,No
96,1,Amex,Credit,304372446656131,03/2021,495,YES,1,8800.0,07/2010,2010,No
97,0,Mastercard,Credit,5881384408371205,03/2023,312,NO,2,7600.0,11/2006,2009,No
97,1,Visa,Credit,4966727954053977,11/2021,756,YES,2,6200.0,05/2005,2018,No
98,0,Mastercard,Credit,5784959743819578,07/2023,348,YES,1,12900.0,06/1999,2011,No
98,1,Mastercard,Debit,5617375085275816,06/2022,228,YES,2,18820.0,09/2008,2015,No
98,2,Visa,Debit,4813292561037475,07/2005,979,YES,2,16167.0,06/2004,2009,No
98,3,Mastercard,Credit,5659042637826477,06/2023,857,YES,2,4200.0,02/2007,2011,No
98,4,Mastercard,Debit,5691123059106648,08/2024,190,YES,2,18861.0,06/2006,2011,No
98,5,Visa,Debit,4803335286454198,02/2020,568,NO,1,27231.0,02/2011,2011,No
99,0,Visa,Debit,4274334344737347,12/2024,174,YES,1,24390.0,02/2020,2020,No
99,1,Mastercard,Debit,5073514573038606,02/2023,802,YES,1,3106.0,02/2020,2020,No
100,0,Mastercard,Debit,5550999995379539,07/2020,980,YES,2,13595.0,03/2006,2010,No
100,1,Discover,Credit,6616646974839947,11/2009,72,NO,2,12300.0,10/2009,2009,No
100,2,Mastercard,Credit,5384097503885721,02/2019,704,YES,2,12300.0,08/2005,2009,No
100,3,Mastercard,Debit,5082019741631139,04/2021,459,YES,1,20743.0,06/2016,2016,No
100,4,Mastercard,Debit,5843429452249829,08/2021,570,YES,2,17706.0,06/2003,2010,No
100,5,Mastercard,Debit,5898198294277172,08/2022,332,YES,2,20962.0,05/2009,2009,No
100,6,Mastercard,Debit,5433366978583845,03/2024,530,YES,2,19439.0,01/1997,2007,No
101,0,Visa,Debit,4073664438482773,03/2022,973,NO,1,30160.0,06/2003,2017,No
101,1,Amex,Credit,349088998842560,06/2022,652,YES,2,0.0,06/2018,2018,No
101,2,Visa,Debit,4701143570043786,11/2012,807,NO,1,28937.0,02/2004,2008,No
102,0,Mastercard,Debit (Prepaid),5151149006132572,05/2020,636,NO,2,22.0,03/2005,2011,No
102,1,Mastercard,Debit,5289860104321083,08/2015,59,YES,2,1575.0,01/2004,2005,No
102,2,Mastercard,Debit,5496658602251095,12/2020,962,YES,2,7562.0,10/2002,2011,No
102,3,Mastercard,Debit,5571413073625472,05/2024,741,YES,2,17211.0,08/1999,2013,No
102,4,Visa,Credit,4255418851751854,06/2010,361,NO,2,9500.0,05/2008,2010,No
103,0,Mastercard,Debit,5718393085724653,11/2022,117,YES,2,24191.0,06/2011,2011,No
103,1,Mastercard,Debit (Prepaid),5358119472579247,03/2023,129,YES,2,68.0,07/2005,2006,No
103,2,Mastercard,Debit,5615933957470022,02/2020,432,YES,2,8037.0,05/2007,2010,No
103,3,Mastercard,Debit (Prepaid),5310685272979011,02/2018,830,YES,2,97.0,02/2009,2015,No
104,0,Mastercard,Debit,5198251438400161,05/2021,789,YES,1,15555.0,01/2020,2020,No
104,1,Mastercard,Debit,5306340091674907,05/2016,523,YES,1,18242.0,04/2016,2016,No
104,2,Visa,Debit (Prepaid),4338828980282998,12/2021,148,YES,2,62.0,02/2020,2020,No
104,3,Visa,Debit,4430018858326722,12/2022,451,NO,1,16715.0,01/2020,2020,No
105,0,Mastercard,Debit (Prepaid),5439358068470043,02/2020,309,YES,1,46.0,02/2020,2020,No
106,0,Mastercard,Debit,5139001522381220,04/2021,740,YES,2,20195.0,02/2012,2012,No
106,1,Mastercard,Debit,5420521698473433,07/2019,257,YES,2,39818.0,06/2019,2019,No
106,2,Visa,Debit,4873407892539448,09/2018,423,YES,2,33736.0,05/2010,2010,No
107,0,Mastercard,Debit,5205177909482379,11/2011,911,YES,2,17850.0,08/2008,2008,No
107,1,Amex,Credit,324624221959001,02/2021,846,YES,2,11300.0,08/2005,2008,No
108,0,Visa,Debit,4853013168432421,09/2015,554,NO,2,1981.0,05/2010,2014,No
108,1,Mastercard,Debit,5770027992115355,07/2024,811,YES,1,15695.0,08/2009,2010,No
108,2,Mastercard,Debit,5305462513282842,06/2014,605,YES,2,23475.0,03/2008,2011,No
109,0,Mastercard,Credit,5656749855983523,06/2017,315,YES,1,12900.0,11/2001,2011,No
109,1,Mastercard,Debit (Prepaid),5755720451424427,02/2021,988,YES,1,91.0,04/2011,2011,No
109,2,Mastercard,Debit,5833925436440570,10/2022,344,YES,2,15341.0,02/1999,2014,No
110,0,Mastercard,Debit,5116904368864992,06/2015,698,YES,2,42116.0,09/2010,2011,No
110,1,Mastercard,Debit,5945680972992846,01/2020,843,NO,2,39312.0,01/2020,2020,No
111,0,Visa,Debit,4082503635321960,04/2008,947,NO,2,21370.0,06/2005,2010,No
111,1,Amex,Credit,356204311290241,12/2022,312,YES,2,16700.0,10/2011,2011,No
111,2,Amex,Credit,356951210404599,10/2024,952,YES,1,17800.0,11/2007,2011,No
111,3,Mastercard,Credit,5697567028506344,11/2020,356,YES,2,16200.0,12/2007,2011,No
111,4,Amex,Credit,333504501414647,12/2020,276,YES,1,17700.0,05/2011,2013,No
112,0,Mastercard,Credit,5106045376475662,03/2021,686,YES,1,14600.0,01/2000,2012,No
112,1,Visa,Credit,4899127312611091,07/2024,490,YES,2,10700.0,09/2009,2011,No
112,2,Mastercard,Debit (Prepaid),5241392304445807,07/2023,137,YES,1,89.0,04/2010,2010,No
113,0,Mastercard,Debit,5691422356177731,09/2006,349,YES,3,11398.0,08/2006,2013,No
114,0,Mastercard,Credit,5272030426588008,12/2023,905,YES,2,8200.0,12/2008,2010,No
114,1,Mastercard,Credit,5399201189421219,06/2021,479,YES,1,6100.0,08/2008,2008,No
114,2,Mastercard,Debit,5158754138100901,07/2024,813,YES,1,15820.0,06/2011,2011,No
115,0,Mastercard,Debit,5607458054846909,08/2023,252,YES,2,9774.0,02/2020,2020,No
116,0,Visa,Debit,4199613929770276,09/2023,765,YES,1,22833.0,05/2013,2013,No
116,1,Visa,Debit,4912898188628991,11/2022,446,YES,1,48502.0,01/2020,2020,No
116,2,Visa,Debit,4729953228374508,07/2022,461,YES,2,34888.0,04/2019,2019,No
116,3,Visa,Debit,4164595738782783,08/2019,90,NO,1,29503.0,08/2014,2014,No
116,4,Mastercard,Debit,5036328460113700,08/2021,627,YES,2,19570.0,01/2019,2019,No
116,5,Mastercard,Debit,5975006425756630,12/2023,551,YES,1,22297.0,05/2017,2017,No
116,6,Visa,Debit,4420959167134444,09/2023,75,YES,1,20031.0,06/2015,2015,No
116,7,Mastercard,Debit,5016998590035219,02/2020,597,YES,2,30323.0,02/2020,2020,No
116,8,Amex,Credit,308100975355379,04/2024,881,YES,1,19000.0,01/2020,2020,No
117,0,Mastercard,Debit,5835253444174486,02/2020,308,YES,1,18162.0,07/2018,2018,No
117,1,Visa,Debit (Prepaid),4049734716799356,12/2020,662,YES,1,54.0,01/2020,2020,No
117,2,Mastercard,Credit,5314005209195975,08/2022,991,YES,1,8700.0,02/2020,2020,No
117,3,Mastercard,Debit,5849554532579598,05/2021,767,YES,1,14295.0,01/2020,2020,No
118,0,Visa,Debit,4997798155113400,11/2024,545,NO,1,17620.0,11/2019,2019,No
118,1,Mastercard,Debit,5309940542589432,02/2020,924,YES,2,17201.0,01/2015,2015,No
118,2,Discover,Credit,6108413838069051,08/2021,894,YES,1,8300.0,01/2020,2020,No
119,0,Visa,Debit,4251102360489444,08/2023,439,YES,2,17853.0,11/2008,2011,No
119,1,Mastercard,Debit,5557372707231204,12/2024,434,YES,1,10794.0,04/2018,2018,No
119,2,Mastercard,Debit,5865546237246039,12/2019,155,YES,1,15832.0,11/2010,2011,No
120,0,Mastercard,Debit (Prepaid),5878511318941183,10/2006,699,YES,1,26.0,07/2006,2019,No
120,1,Mastercard,Credit,5825403139414547,05/2013,531,YES,2,16300.0,11/2007,2009,No
121,0,Mastercard,Debit,5407870927189092,10/2024,228,YES,2,14836.0,01/2020,2020,No
121,1,Mastercard,Debit,5089025651729124,07/2024,464,YES,2,13972.0,01/2020,2020,No
122,0,Mastercard,Debit,5847313041147612,06/2024,574,YES,1,33103.0,06/2013,2013,No
122,1,Mastercard,Debit,5454341430423098,09/2023,247,YES,1,20847.0,08/2008,2010,No
122,2,Mastercard,Debit,5183724144988670,11/2013,569,YES,1,31807.0,10/2013,2013,No
122,3,Visa,Credit,4903105068681962,03/2024,274,YES,1,16100.0,02/2002,2014,No
123,0,Mastercard,Debit,5370803294413435,07/2021,851,YES,1,28894.0,05/2002,2011,No
123,1,Visa,Debit (Prepaid),4129518763612024,03/2002,84,YES,1,61.0,02/2002,2009,No
123,2,Visa,Credit,4164752448797896,02/2023,24,YES,1,12500.0,09/2010,2012,No
124,0,Mastercard,Debit,5557896137687493,06/2023,598,YES,2,15409.0,04/2009,2010,No
124,1,Mastercard,Credit,5675172699563859,08/2023,294,YES,1,5300.0,10/2003,2012,No
124,2,Mastercard,Debit,5259283165298575,12/2016,403,YES,1,13469.0,05/2006,2009,No
125,0,Mastercard,Debit,5155446517379011,05/2020,719,YES,1,16524.0,01/2020,2020,No
125,1,Mastercard,Debit,5831064486667385,01/2020,570,NO,1,29526.0,01/2020,2020,No
125,2,Mastercard,Debit,5157956439521808,07/2023,657,YES,1,16407.0,02/2020,2020,No
126,0,Mastercard,Debit (Prepaid),5874195902667119,04/2023,206,YES,2,61.0,06/2008,2015,No
126,1,Mastercard,Debit,5803563077451662,11/2020,827,YES,2,40628.0,10/2009,2014,No
126,2,Mastercard,Debit,5283475217390040,08/2010,149,YES,2,24980.0,04/2008,2014,No
127,0,Mastercard,Debit,5316882967513700,05/2020,122,YES,1,10290.0,02/2020,2020,No
127,1,Mastercard,Debit (Prepaid),5962806753089588,01/2023,217,YES,1,84.0,10/2018,2018,No
128,0,Visa,Debit,4631099146168683,12/2018,597,YES,1,13725.0,03/2007,2014,No
128,1,Visa,Debit,4716755530325962,12/2024,821,YES,2,8278.0,09/2008,2010,No
128,2,Visa,Debit,4053406246662206,09/2020,491,YES,2,13514.0,06/2009,2018,No
128,3,Mastercard,Credit,5105518827174579,11/2024,883,YES,1,3800.0,04/2011,2011,No
129,0,Mastercard,Debit,5192370991764802,10/2024,603,YES,2,15119.0,04/2005,2011,No
130,0,Mastercard,Debit (Prepaid),5182568921946800,01/2021,310,YES,1,81.0,01/2020,2020,No
130,1,Mastercard,Debit,5394718113711366,02/2020,16,YES,1,34183.0,01/2020,2020,No
130,2,Visa,Credit,4864430404023760,07/2022,534,YES,1,22200.0,01/2020,2020,No
131,0,Mastercard,Debit,5124153601404702,02/2022,6,YES,1,15117.0,02/2020,2020,No
131,1,Visa,Debit (Prepaid),4073696489940421,04/2020,274,YES,2,81.0,06/2010,2010,No
132,0,Mastercard,Debit,5476802835185783,05/2023,744,YES,2,1543.0,06/2003,2009,No
133,0,Mastercard,Debit,5753359093924163,09/2024,795,YES,1,22821.0,01/2020,2020,No
133,1,Visa,Credit,4201957315957623,01/2023,619,YES,1,13200.0,02/2020,2020,No
133,2,Mastercard,Debit,5786593463189278,08/2024,58,YES,1,16330.0,01/2020,2020,No
133,3,Visa,Debit (Prepaid),4091173399720381,01/2020,916,NO,2,39.0,01/2020,2020,No
134,0,Mastercard,Credit,5345794459975216,11/2007,412,YES,2,6400.0,11/2007,2011,No
134,1,Visa,Credit,4897384992083944,05/2000,382,YES,1,3500.0,05/2000,2007,No
134,2,Visa,Debit,4171955938083789,04/2023,251,YES,1,12606.0,12/2018,2018,No
134,3,Visa,Debit,4906405312400640,02/2023,579,YES,1,9921.0,01/2018,2018,No
134,4,Visa,Debit (Prepaid),4176098872817204,05/2022,661,YES,2,96.0,08/2007,2009,No
134,5,Mastercard,Debit,5412244076346677,12/2024,594,YES,1,18964.0,02/2003,2009,No
135,0,Mastercard,Debit,5297260201877616,01/2024,580,YES,2,3711.0,04/2007,2013,No
136,0,Mastercard,Debit,5735792874705665,03/2023,748,NO,1,35279.0,02/2015,2015,No
136,1,Visa,Credit,4863498051032543,07/2020,593,YES,2,13800.0,11/2008,2015,No
136,2,Mastercard,Debit,5489970186857774,02/2022,7,YES,2,24215.0,07/2002,2007,No
137,0,Visa,Credit,4508109473981620,09/2024,763,YES,1,19400.0,11/2007,2010,No
137,1,Visa,Debit (Prepaid),4800041020887836,06/2020,59,YES,2,30.0,03/2005,2014,No
137,2,Visa,Debit,4144574679317199,03/2024,543,YES,2,17208.0,01/2010,2016,No
137,3,Mastercard,Credit,5919854740342964,11/2004,604,YES,2,18300.0,01/2001,2011,No
137,4,Mastercard,Debit,5208447578218097,09/2021,126,YES,1,51012.0,02/2014,2014,No
137,5,Amex,Credit,320735955126194,02/2019,686,YES,1,15000.0,01/2009,2011,No
138,0,Visa,Credit,4325807240930443,04/2018,642,YES,1,7600.0,05/2006,2009,No
138,1,Mastercard,Debit,5672870607977288,11/2023,952,YES,2,8052.0,03/2005,2012,No
138,2,Mastercard,Credit,5025018096886549,07/2024,783,YES,1,8600.0,03/2005,2007,No
138,3,Mastercard,Debit,5125159184089047,08/2020,945,YES,2,20128.0,10/2019,2019,No
138,4,Amex,Credit,339948848081416,03/2023,643,YES,1,9000.0,07/2008,2013,No
138,5,Mastercard,Debit (Prepaid),5967922448022597,10/2020,849,YES,2,91.0,11/2011,2012,No
139,0,Amex,Credit,313387157322526,12/2024,961,YES,1,6800.0,02/1996,2009,No
139,1,Mastercard,Debit (Prepaid),5287305063365339,07/2011,597,YES,1,93.0,05/2010,2010,No
139,2,Visa,Credit,4511050153177271,01/2016,263,YES,2,9800.0,03/2013,2013,No
139,3,Visa,Credit,4795565502176661,01/2021,731,YES,2,6700.0,06/2010,2011,No
140,0,Visa,Credit,4515587053760939,05/2023,983,YES,1,9800.0,01/2006,2015,No
140,1,Visa,Debit,4185031026466058,01/2018,48,YES,2,24544.0,06/2006,2013,No
140,2,Mastercard,Debit,5835884730427367,05/2023,642,YES,1,22639.0,05/2008,2010,No
140,3,Discover,Credit,6113979959799077,11/2023,899,YES,1,1100.0,07/2015,2015,No
140,4,Mastercard,Debit (Prepaid),5139150904667380,05/2016,509,YES,1,86.0,04/2013,2013,No
141,0,Visa,Debit,4574373333053393,08/2020,742,YES,2,2330.0,04/2010,2011,No
141,1,Visa,Credit,4806267788873524,08/2020,289,YES,2,5900.0,02/2020,2020,No
142,0,Visa,Debit,4461391532392446,02/2020,981,YES,2,47372.0,12/2007,2008,No
142,1,Visa,Debit,4260012890373386,07/2022,447,NO,2,28127.0,05/2010,2010,No
142,2,Mastercard,Debit (Prepaid),5834771837829829,03/2010,553,YES,1,28.0,09/2006,2006,No
142,3,Visa,Debit,4955481558570019,03/2024,397,YES,2,62081.0,02/2020,2020,No
143,0,Amex,Credit,303639878430454,11/2022,807,YES,1,5800.0,09/2011,2011,No
143,1,Visa,Credit,4060113536623876,07/2016,408,YES,1,6700.0,07/2009,2009,No
143,2,Visa,Credit,4646061658785929,02/2015,856,YES,1,6700.0,03/2006,2012,No
143,3,Mastercard,Debit,5040622566272530,07/2022,87,YES,2,1424.0,12/2004,2012,No
144,0,Mastercard,Debit (Prepaid),5214812311200288,07/2024,453,NO,1,58.0,02/2020,2020,No
144,1,Visa,Credit,4996236791696784,05/2009,700,YES,2,19400.0,07/2006,2008,No
144,2,Visa,Debit,4634979930026450,05/2012,897,YES,2,4052.0,12/2010,2013,No
144,3,Visa,Credit,4437020876913493,05/2010,955,YES,2,9300.0,04/2004,2010,No
145,0,Visa,Credit,4862011857697370,05/2022,405,YES,1,9600.0,02/2020,2020,No
145,1,Mastercard,Debit,5702517198112781,02/2020,24,YES,1,16923.0,02/2020,2020,No
146,0,Mastercard,Credit,5659013286075924,02/2020,777,YES,1,7700.0,01/2020,2020,No
147,0,Mastercard,Debit,5128972927503172,07/2022,466,YES,2,146.0,02/2020,2020,No
148,0,Mastercard,Debit,5677245240966697,03/2023,293,NO,1,12091.0,05/2009,2009,No
148,1,Mastercard,Debit,5854333169733349,11/2006,280,YES,2,11157.0,09/2006,2011,No
148,2,Visa,Credit,4986381278679951,07/2010,21,YES,2,7100.0,12/2002,2012,No
148,3,Mastercard,Debit,5718135133841307,01/2012,915,YES,1,7612.0,08/2010,2011,No
148,4,Visa,Credit,4973662128767227,12/2021,9,YES,2,6100.0,02/2013,2013,No
149,0,Visa,Debit,4724986483917889,07/2023,384,YES,2,27706.0,12/2008,2008,No
149,1,Mastercard,Debit (Prepaid),5651451840802358,04/2009,851,NO,2,45.0,03/2008,2009,No
149,2,Mastercard,Debit,5560330928676135,05/2021,732,NO,2,2046.0,02/2000,2008,No
149,3,Mastercard,Credit,5078189663550754,10/2024,929,YES,1,17400.0,09/2012,2012,No
149,4,Mastercard,Debit,5243545849930026,05/2020,648,YES,1,26231.0,12/2008,2008,No
150,0,Visa,Credit,4325487328684543,02/2009,692,YES,2,18300.0,06/2007,2010,No
150,1,Visa,Credit,4759642688252595,05/2016,644,YES,2,13900.0,07/2001,2014,No
151,0,Mastercard,Credit,5060071689988757,08/2022,113,YES,2,17200.0,06/1999,2013,No
151,1,Visa,Debit,4248867812400739,06/2023,619,YES,2,14217.0,10/2006,2012,No
151,2,Mastercard,Debit,5093901939500036,03/2024,472,YES,2,39533.0,04/2007,2016,No
151,3,Mastercard,Debit,5223300442168271,04/2023,262,YES,2,3141.0,08/2008,2013,No
151,4,Visa,Credit,4941415000431974,11/2022,50,YES,2,12800.0,04/2014,2014,No
151,5,Mastercard,Debit,5431173218728279,01/2020,187,NO,1,38342.0,09/2010,2010,No
152,0,Mastercard,Credit,5229402459571307,01/2020,704,YES,1,3000.0,01/2020,2020,No
153,0,Visa,Debit,4858818886878485,12/2020,125,NO,1,16486.0,02/2020,2020,No
154,0,Mastercard,Debit,5540073375174446,05/2024,684,YES,2,28868.0,01/2020,2020,No
154,1,Mastercard,Debit,5289314952826819,02/2021,998,YES,1,51836.0,01/2020,2020,No
155,0,Visa,Credit,4588933671536303,09/2021,748,YES,2,8900.0,02/2020,2020,No
155,1,Mastercard,Credit,5674179618380471,02/2020,303,YES,1,9900.0,02/2020,2020,No
155,2,Visa,Debit,4913369105929873,02/2020,711,YES,1,22935.0,01/2020,2020,No
155,3,Visa,Credit,4729324689482423,10/2023,582,YES,2,7900.0,02/2020,2020,No
155,4,Mastercard,Debit,5076843052683212,02/2020,969,YES,1,17336.0,12/2014,2014,No
156,0,Visa,Debit,4130633556245301,03/2021,268,YES,2,20206.0,07/2011,2011,No
156,1,Visa,Credit,4214195908881404,10/2023,598,YES,2,9900.0,01/2018,2018,No
156,2,Mastercard,Debit (Prepaid),5928394327706854,11/2021,853,NO,1,78.0,01/2012,2012,No
156,3,Mastercard,Debit,5538135650340797,05/2023,623,YES,1,17335.0,11/2010,2010,No
156,4,Visa,Credit,4088292829841504,06/2024,140,YES,1,9700.0,01/2003,2020,No
157,0,Visa,Debit,4859980421504976,06/2021,971,NO,2,25048.0,12/2004,2010,No
157,1,Visa,Debit,4401743622113558,12/2014,322,YES,1,25214.0,03/2014,2014,No
157,2,Mastercard,Debit,5568521915813745,04/2023,226,YES,1,33580.0,02/2020,2020,No
158,0,Visa,Debit,4851242738517632,04/2013,684,NO,2,1952.0,03/2011,2011,No
159,0,Mastercard,Debit,5059388151009778,05/2023,996,YES,1,18491.0,07/2009,2011,No
159,1,Visa,Credit,4822550416239709,02/2013,509,YES,1,9800.0,08/2010,2014,No
159,2,Mastercard,Credit,5320022308833354,12/2021,92,YES,1,0.0,12/2009,2010,No
160,0,Mastercard,Debit,5097891088528736,09/2023,447,YES,1,5857.0,01/2011,2012,No
160,1,Visa,Debit,4459776057093772,06/2020,869,YES,2,10366.0,10/2007,2014,No
160,2,Visa,Debit,4017542226763671,01/2024,109,YES,1,10161.0,04/2004,2008,No
160,3,Mastercard,Debit,5148390223991031,04/2021,316,YES,2,9297.0,01/2005,2012,No
160,4,Visa,Debit,4898934131827425,09/2021,199,YES,1,12434.0,07/2003,2012,No
161,0,Mastercard,Debit,5943373604505748,04/2020,300,YES,2,29973.0,11/2010,2010,No
161,1,Visa,Debit,4284210826984108,02/2020,154,YES,2,25330.0,09/2015,2015,No
161,2,Visa,Debit,4093850742287208,04/2020,286,YES,2,52609.0,04/2006,2010,No
161,3,Visa,Credit,4329687142518026,10/2020,827,YES,1,25200.0,12/2006,2016,No
162,0,Visa,Debit,4744876175071543,11/2022,747,YES,1,11832.0,12/1996,2007,No
162,1,Visa,Credit,4152829240073093,08/2016,446,YES,1,5400.0,04/2008,2013,No
162,2,Mastercard,Debit,5754695413159461,01/2024,939,NO,1,3384.0,06/2009,2009,No
163,0,Mastercard,Debit,5287533090911331,04/2014,946,YES,1,13756.0,06/2012,2012,No
163,1,Mastercard,Debit,5761884540845430,06/2022,312,YES,1,9263.0,01/2006,2010,No
163,2,Mastercard,Debit,5903499521440697,12/2024,779,YES,1,16899.0,04/2014,2014,No
163,3,Visa,Credit,4814691024249332,01/2022,424,YES,1,5700.0,06/2004,2012,No
163,4,Mastercard,Debit (Prepaid),5955075527372953,05/2021,513,YES,1,46.0,03/2007,2012,No
164,0,Mastercard,Credit,5953949146709597,01/2024,474,YES,2,11400.0,02/2020,2020,No
165,0,Mastercard,Debit (Prepaid),5868862947419305,08/2022,245,YES,1,95.0,11/2011,2011,No
165,1,Mastercard,Credit,5418163465826338,06/2023,559,YES,2,10700.0,02/2007,2015,No
165,2,Amex,Credit,377302862567108,02/2024,524,YES,1,8700.0,06/2011,2011,No
165,3,Visa,Debit,4609477454357089,01/2022,347,YES,2,12150.0,06/2004,2008,No
166,0,Discover,Credit,6617202891382002,03/2019,499,YES,1,7800.0,06/2017,2017,No
166,1,Visa,Debit,4863697166227070,10/2013,748,NO,1,13761.0,02/2013,2013,No
167,0,Visa,Debit,4525977155603081,06/2020,662,YES,2,45377.0,07/2010,2011,No
168,0,Mastercard,Debit,5168144985829715,01/2020,454,YES,1,18091.0,01/2020,2020,No
168,1,Mastercard,Debit,5081154452848669,12/2022,211,YES,1,14514.0,01/2020,2020,No
169,0,Mastercard,Credit,5540056584502163,03/2022,749,YES,1,15900.0,02/2020,2020,No
169,1,Visa,Credit,4089244507142221,12/2020,999,YES,1,13000.0,01/2020,2020,No
169,2,Visa,Debit,4084435358903514,09/2021,778,YES,2,17905.0,01/2020,2020,No
170,0,Visa,Credit,4015255845214445,07/2022,244,YES,2,7000.0,11/2010,2011,No
170,1,Visa,Credit,4998601196255206,07/2020,12,YES,3,7100.0,04/2010,2010,No
170,2,Mastercard,Debit,5832356224925490,06/2024,245,YES,2,16476.0,05/2005,2008,No
170,3,Visa,Credit,4984837369742443,10/2009,257,NO,2,7200.0,12/2006,2011,No
171,0,Mastercard,Credit,5929898393818083,10/2017,671,YES,1,11800.0,12/2010,2011,No
171,1,Mastercard,Debit,5284022658441928,12/2018,405,YES,2,6832.0,08/2010,2015,No
171,2,Mastercard,Debit,5534901273086337,12/2023,387,YES,2,6222.0,09/2009,2009,No
172,0,Amex,Credit,369191506516942,03/2024,251,YES,1,13300.0,05/2007,2015,No
172,1,Visa,Debit,4862436349200537,08/2023,49,YES,2,2942.0,12/2003,2014,No
172,2,Visa,Debit,4714754243202455,12/2022,297,YES,2,33539.0,06/2005,2018,No
173,0,Visa,Credit,4495252841912344,04/2023,938,YES,2,14000.0,02/2020,2020,No
173,1,Visa,Debit,4982363893558200,06/2024,388,YES,1,20160.0,01/2020,2020,No
174,0,Mastercard,Debit,5504969419405753,03/2022,907,YES,1,35466.0,01/2020,2020,No
174,1,Visa,Debit,4420607109678464,02/2020,318,YES,2,24677.0,02/2020,2020,No
174,2,Visa,Debit,4863290933542106,02/2020,80,YES,1,16520.0,02/2020,2020,No
175,0,Visa,Debit,4154322307475525,04/2008,150,YES,2,6708.0,10/2005,2013,No
175,1,Mastercard,Credit,5963981612717511,10/2022,871,YES,1,1200.0,01/2014,2014,No
175,2,Visa,Debit,4155798170380731,06/2022,512,YES,1,10903.0,08/2011,2011,No
175,3,Mastercard,Debit,5258035150490120,10/2021,728,YES,1,6710.0,02/2013,2013,No
175,4,Mastercard,Debit,5931155323451029,05/2024,580,YES,2,10841.0,11/2017,2017,No
176,0,Visa,Debit (Prepaid),4356768889068512,11/2024,204,YES,1,40.0,01/2020,2020,No
176,1,Mastercard,Debit,5728788703554068,05/2023,492,YES,2,29340.0,05/2008,2010,No
176,2,Amex,Credit,339750311058511,06/2020,70,YES,2,13600.0,06/2018,2018,No
176,3,Mastercard,Credit,5717397423380285,09/2022,862,YES,2,7700.0,05/2010,2010,No
177,0,Mastercard,Debit,5256835813261969,11/2021,934,YES,1,18803.0,11/2004,2008,No
177,1,Mastercard,Debit,5289111922145094,10/2022,314,YES,2,28405.0,06/1998,2008,No
177,2,Mastercard,Debit,5649539832197637,04/2011,892,YES,1,15521.0,02/2011,2011,No
178,0,Visa,Credit,4665365862082531,06/2021,412,YES,1,3800.0,01/2001,2003,No
178,1,Visa,Credit,4209145697099683,10/2022,498,YES,2,10900.0,06/2010,2013,No
178,2,Mastercard,Debit,5042804591987313,03/2023,431,YES,2,1930.0,01/2008,2015,No
178,3,Discover,Credit,6203739864158389,03/2024,288,YES,2,13900.0,08/2014,2014,No
179,0,Mastercard,Debit,5541834458092370,03/2024,143,YES,1,5575.0,01/2010,2010,No
179,1,Amex,Credit,339123645701074,05/2023,369,NO,2,8300.0,04/2016,2016,No
179,2,Visa,Debit,4282874431983773,05/2020,127,YES,1,13009.0,01/2009,2009,No
179,3,Mastercard,Debit,5692291424544263,12/2024,696,YES,2,12029.0,01/2020,2020,No
179,4,Visa,Credit,4149119638454529,08/2022,294,YES,1,6100.0,01/2020,2020,No
180,0,Visa,Debit,4155430243935975,10/2022,653,YES,1,24123.0,08/2013,2013,No
180,1,Visa,Credit,4768983039467326,03/2015,74,YES,1,14700.0,02/2008,2010,No
180,2,Visa,Debit (Prepaid),4792307130049695,02/2020,221,YES,2,12.0,12/2006,2013,No
180,3,Visa,Debit,4365366370182160,07/2020,290,YES,1,11737.0,09/2004,2009,No
181,0,Visa,Debit,4479806423403350,01/2024,246,YES,1,14366.0,03/1997,2008,No
181,1,Mastercard,Debit,5109749812856637,08/2015,246,YES,1,17272.0,01/2015,2015,No
181,2,Mastercard,Debit,5898286991473581,11/2023,372,YES,2,13605.0,07/2002,2009,No
182,0,Visa,Credit,4180974548713374,05/2023,975,YES,1,21000.0,07/2005,2009,No
183,0,Mastercard,Debit,5256742061038585,05/2024,930,YES,2,21470.0,02/2020,2020,No
184,0,Visa,Debit,4301090834057529,12/2017,718,YES,1,26850.0,09/2017,2017,No
184,1,Visa,Credit,4173086816288788,09/2024,817,YES,2,10400.0,02/2009,2010,No
184,2,Visa,Credit,4917647337454706,07/2008,328,YES,2,8000.0,10/2007,2011,No
184,3,Visa,Credit,4457557218642444,01/2020,701,YES,2,13000.0,04/2000,2010,No
184,4,Mastercard,Debit,5561065562359955,03/2020,147,YES,1,5840.0,07/2006,2009,No
184,5,Mastercard,Debit (Prepaid),5459775781589173,02/2012,293,YES,2,68.0,03/2008,2012,No
185,0,Amex,Credit,332229278341275,10/2022,702,YES,1,16000.0,09/2010,2016,No
185,1,Visa,Debit,4359508857343088,03/2008,274,NO,1,32223.0,06/2002,2005,No
185,2,Mastercard,Debit,5386335706439778,01/2022,713,YES,2,13323.0,10/2010,2010,No
185,3,Visa,Debit,4157348591484750,07/2021,945,YES,2,576.0,08/2001,2011,No
186,0,Visa,Debit,4614417915507952,09/2024,808,YES,1,25977.0,04/2007,2009,No
186,1,Visa,Debit (Prepaid),4791246805564219,03/2016,126,YES,1,84.0,08/2014,2014,No
187,0,Mastercard,Debit (Prepaid),5619919350397758,10/2021,786,YES,2,23.0,09/2006,2010,No
187,1,Visa,Credit,4560018445952481,09/2023,454,NO,2,5200.0,11/1999,2009,No
188,0,Mastercard,Debit (Prepaid),5416807432483550,08/2013,557,YES,2,66.0,06/2006,2010,No
188,1,Amex,Credit,304316312600931,06/2024,649,YES,1,1200.0,10/2006,2009,No
188,2,Mastercard,Debit,5738964942904646,11/2020,730,YES,1,20759.0,01/2007,2009,No
188,3,Mastercard,Credit,5880489541836648,06/2024,558,YES,1,15100.0,06/2001,2010,No
188,4,Mastercard,Credit,5634478684634263,10/2021,490,YES,1,11100.0,01/2020,2020,No
189,0,Mastercard,Debit (Prepaid),5570196053274730,05/2022,85,YES,2,52.0,01/2020,2020,No
190,0,Mastercard,Debit,5493545357380440,08/2024,774,YES,2,15110.0,09/2004,2009,No
190,1,Mastercard,Credit,5598634791848895,04/2023,830,YES,2,10600.0,09/2010,2014,No
190,2,Visa,Credit,4923375841500665,01/2020,785,YES,2,8600.0,09/2005,2011,No
190,3,Amex,Credit,362084701337381,09/2020,71,YES,2,8400.0,08/2010,2012,No
190,4,Mastercard,Credit,5389873336522258,10/2022,754,YES,2,11100.0,05/2014,2014,No
191,0,Mastercard,Credit,5676305121855735,11/2021,58,YES,1,2800.0,02/2008,2010,No
192,0,Visa,Credit,4434801834503292,09/2019,633,YES,2,5700.0,12/2016,2016,No
192,1,Visa,Debit,4590995550885290,08/2011,564,YES,1,12252.0,06/2002,2010,No
192,2,Mastercard,Debit,5384502220541945,12/2023,809,YES,1,22420.0,06/2013,2013,No
193,0,Visa,Debit,4072548875903186,09/2018,874,YES,2,3715.0,10/2005,2009,No
193,1,Visa,Debit (Prepaid),4158689268615889,06/2021,782,YES,1,67.0,08/2009,2011,No
193,2,Visa,Debit,4649045635719491,11/2020,362,YES,2,26460.0,07/2007,2017,No
193,3,Visa,Debit,4998107869531292,11/2023,358,YES,1,12783.0,09/2009,2015,No
194,0,Amex,Credit,343439312469610,03/2023,98,YES,2,21400.0,01/2006,2011,No
194,1,Visa,Credit,4936982658166186,02/2021,521,NO,2,13600.0,06/2007,2007,No
194,2,Mastercard,Debit,5984892227411114,03/2020,810,NO,1,46201.0,10/2013,2013,No
195,0,Visa,Credit,4403164286544036,04/2022,303,YES,2,7700.0,04/2010,2010,No
196,0,Mastercard,Debit,5825169460594164,01/2010,127,YES,2,18937.0,10/2005,2010,No
197,0,Mastercard,Debit,5824919835337530,10/2021,975,YES,1,14539.0,06/2012,2012,No
197,1,Mastercard,Debit,5794394537016243,03/2020,830,YES,2,21723.0,12/2011,2011,No
198,0,Mastercard,Debit,5717616835023183,12/2023,840,YES,1,16858.0,02/2020,2020,No
199,0,Visa,Debit,4378087486126492,09/2022,813,NO,2,22143.0,02/2020,2020,No
199,1,Visa,Debit (Prepaid),4100715330943606,03/2023,975,YES,2,61.0,02/2020,2020,No
199,2,Mastercard,Debit,5353021676816457,04/2022,793,YES,1,15683.0,11/2016,2016,No
200,0,Mastercard,Debit (Prepaid),5544687575831334,08/2020,626,YES,1,65.0,01/2020,2020,No
201,0,Mastercard,Debit,5666352544496073,04/2022,14,YES,1,12139.0,09/2019,2019,No
201,1,Visa,Debit,4585463820960900,07/2021,441,YES,1,10130.0,07/2001,2011,No
201,2,Visa,Credit,4452171890920161,08/2023,43,YES,1,7300.0,07/2004,2010,No
201,3,Visa,Debit (Prepaid),4619393222123922,01/2012,728,NO,1,57.0,11/2009,2016,No
201,4,Visa,Credit,4534523963991464,11/2022,855,YES,1,3800.0,06/2010,2011,No
201,5,Mastercard,Debit (Prepaid),5046657636238622,03/2021,209,YES,2,121.0,07/2008,2008,No
202,0,Mastercard,Debit,5899151162296319,11/2020,920,YES,1,13569.0,02/2006,2007,No
203,0,Mastercard,Debit,5178825671566748,02/2020,674,YES,1,15358.0,01/2020,2020,No
204,0,Mastercard,Debit,5337752472537047,12/1999,627,NO,1,9550.0,11/1999,2018,No
204,1,Visa,Credit,4333340134035074,03/2024,27,YES,1,17300.0,06/2011,2011,No
205,0,Mastercard,Credit,5981505152751126,02/2021,991,YES,2,15000.0,08/2007,2007,No
205,1,Visa,Debit (Prepaid),4928847177984551,04/2023,730,YES,2,106.0,07/2008,2008,No
205,2,Visa,Credit,4071413558241551,04/2021,58,YES,1,20100.0,03/2010,2017,No
205,3,Visa,Debit (Prepaid),4588839670339566,12/2022,44,YES,2,50.0,08/2000,2008,No
206,0,Mastercard,Debit,5511261715732877,02/2015,356,YES,1,10843.0,03/2008,2009,No
206,1,Visa,Debit,4442346065712693,08/2023,225,YES,2,12057.0,04/2014,2014,No
207,0,Mastercard,Credit,5018280111106134,03/2022,425,YES,2,11100.0,05/2019,2019,No
207,1,Visa,Debit,4277949954820732,06/2012,902,YES,1,13969.0,07/2004,2008,No
207,2,Mastercard,Credit,5327096819732640,04/2023,715,YES,1,7600.0,07/2003,2017,No
208,0,Visa,Debit,4453802456299794,10/2024,667,YES,1,9578.0,01/2020,2020,No
208,1,Visa,Debit,4491913667007053,10/2023,158,YES,1,16711.0,02/2020,2020,No
208,2,Mastercard,Debit,5158128139878007,11/2020,958,YES,2,15435.0,12/2018,2018,No
208,3,Amex,Credit,306900138857551,06/2020,741,YES,1,14300.0,01/2020,2020,No
209,0,Mastercard,Debit,5597563473232224,04/2020,348,YES,1,9431.0,04/2015,2015,No
209,1,Mastercard,Credit,5933548652460822,04/2022,92,YES,1,6100.0,07/2009,2012,No
210,0,Discover,Credit,6661610009330324,09/2014,5,YES,1,17400.0,10/2010,2013,No
210,1,Mastercard,Debit,5073319862133386,01/2024,52,YES,1,35500.0,11/2006,2011,No
210,2,Mastercard,Debit,5745854957552328,08/2023,938,YES,2,27687.0,06/2004,2007,No
211,0,Mastercard,Debit,5741290693284534,01/2024,500,NO,2,40073.0,02/2020,2020,No
211,1,Mastercard,Credit,5007745667422003,08/2023,279,YES,2,22000.0,02/2020,2020,No
211,2,Visa,Debit,4338188789911417,03/2021,287,NO,2,8509.0,01/2020,2020,No
212,0,Mastercard,Debit,5128543726124447,12/2018,303,YES,1,11037.0,06/2013,2013,No
212,1,Mastercard,Debit,5713930994921001,10/2023,41,YES,1,16986.0,03/2007,2010,No
212,2,Visa,Credit,4796074118728753,03/2011,978,YES,1,8800.0,10/2007,2014,No
212,3,Mastercard,Debit,5895478812166500,01/2024,598,YES,2,8212.0,08/2010,2011,No
212,4,Visa,Debit,4750471235873274,09/2023,924,YES,2,24270.0,09/2007,2008,No
213,0,Visa,Debit,4052703300349866,01/2024,388,YES,2,12586.0,01/2020,2020,No
214,0,Amex,Credit,302701760602871,09/2019,163,NO,2,11800.0,01/2018,2018,No
215,0,Mastercard,Debit,5065968170690023,10/2021,724,NO,2,18050.0,03/2003,2010,No
215,1,Discover,Credit,6275110784130495,09/2022,286,YES,2,21800.0,07/2010,2011,No
216,0,Mastercard,Debit (Prepaid),5168819174478422,04/2024,832,YES,1,97.0,02/2020,2020,No
217,0,Amex,Credit,318803318319134,05/2009,526,YES,2,19600.0,04/2008,2011,No
217,1,Discover,Credit,6611325354970095,12/2019,708,NO,2,21900.0,03/2011,2011,No
217,2,Visa,Credit,4404395202932242,12/2008,547,YES,2,21400.0,11/2008,2011,No
217,3,Mastercard,Debit,5166389194621461,02/2024,231,NO,2,34572.0,10/2009,2015,No
218,0,Mastercard,Credit,5450176266666014,08/2020,94,YES,2,11700.0,02/2020,2020,No
219,0,Mastercard,Credit,5166184234444186,02/2020,459,YES,1,8500.0,01/2008,2009,No
219,1,Mastercard,Debit,5124862044427461,08/2021,457,YES,2,19928.0,09/2009,2011,No
219,2,Mastercard,Debit,5103189398605024,01/2023,278,YES,1,9902.0,11/2010,2012,No
220,0,Visa,Credit,4700163491012710,04/2021,598,YES,1,11000.0,02/2002,2015,No
220,1,Mastercard,Credit,5742718738269550,08/2023,363,YES,1,6300.0,09/2010,2010,No
220,2,Visa,Debit,4454576588239754,12/2022,519,YES,1,22474.0,08/2012,2012,No
220,3,Mastercard,Debit,5676742282559057,08/2024,195,YES,1,24926.0,08/2001,2011,No
221,0,Mastercard,Debit (Prepaid),5832570048691477,02/2020,589,YES,2,77.0,02/2020,2020,No
222,0,Visa,Credit,4973418783827146,02/2020,351,YES,1,9100.0,01/2020,2020,No
222,1,Mastercard,Debit,5514287546883555,07/2018,616,YES,1,10838.0,12/2009,2010,No
222,2,Mastercard,Debit,5393478219521011,07/2020,98,YES,1,1940.0,01/2020,2020,No
222,3,Mastercard,Debit,5538157860540581,06/2016,877,YES,2,100.0,07/2008,2008,No
223,0,Mastercard,Debit,5493054218474584,01/2021,938,YES,1,23231.0,10/2007,2011,No
223,1,Visa,Debit,4483872607052928,03/2009,224,YES,2,17323.0,03/2005,2011,No
223,2,Visa,Credit,4539282352879535,07/2021,719,YES,2,11800.0,02/2005,2018,No
223,3,Mastercard,Credit,5261546733039060,06/2022,897,YES,2,6100.0,07/2017,2017,No
223,4,Mastercard,Debit,5607545663588371,06/2022,320,YES,1,18241.0,04/2016,2016,No
223,5,Visa,Debit (Prepaid),4615078938268870,11/2007,149,NO,2,100.0,05/2004,2010,No
224,0,Mastercard,Credit,5237651154500170,12/2007,555,YES,2,12700.0,11/2007,2010,No
225,0,Visa,Credit,4012401097853240,03/2022,931,YES,3,4600.0,04/2008,2010,No
226,0,Mastercard,Debit,5144733341253778,05/2023,686,YES,1,21106.0,01/2020,2020,No
226,1,Mastercard,Debit,5407128452594549,02/2020,444,YES,1,16417.0,02/2020,2020,No
226,2,Mastercard,Credit,5011729300918944,10/2020,29,YES,1,6500.0,02/2015,2015,No
227,0,Mastercard,Credit,5952221076870750,08/2020,821,YES,2,5600.0,01/2020,2020,No
228,0,Mastercard,Credit,5991530949395987,07/2015,711,YES,1,5700.0,03/2012,2012,No
228,1,Visa,Credit,4442371694432270,11/2022,200,YES,1,11800.0,12/2011,2011,No
228,2,Visa,Credit,4635588567901594,05/2022,313,YES,2,20700.0,02/2007,2007,No
228,3,Mastercard,Debit,5891506977538040,02/2021,906,YES,2,17587.0,02/2016,2016,No
229,0,Visa,Debit,4820798124390414,01/2021,40,YES,2,24651.0,10/2009,2015,No
229,1,Visa,Debit,4855497833896747,02/2020,610,YES,2,27727.0,12/2003,2009,No
230,0,Mastercard,Debit,5866359917107313,12/2023,102,YES,1,21727.0,11/2008,2008,No
230,1,Visa,Credit,4682446350562811,08/2023,554,YES,1,13900.0,12/2010,2010,No
230,2,Mastercard,Credit,5206052634840458,05/2022,923,YES,2,10300.0,07/2019,2019,No
231,0,Visa,Debit (Prepaid),4208596410593807,11/2024,957,YES,1,16.0,01/2020,2020,No
232,0,Visa,Debit,4447933834459564,04/2024,90,YES,1,9146.0,01/2020,2020,No
232,1,Mastercard,Credit,5140347165185819,02/2020,633,YES,2,5000.0,02/2020,2020,No
233,0,Mastercard,Debit,5333200083950497,07/2016,47,YES,1,17895.0,04/2016,2016,No
233,1,Visa,Debit (Prepaid),4790335686286667,01/2022,921,YES,1,59.0,08/2011,2011,No
233,2,Visa,Credit,4205377401404982,07/2022,905,YES,1,11800.0,02/2004,2013,No
234,0,Mastercard,Debit (Prepaid),5000674775470352,10/2016,358,YES,2,74.0,03/2012,2012,No
234,1,Mastercard,Debit,5261707910736288,05/2020,104,YES,1,13168.0,08/2001,2007,No
234,2,Mastercard,Debit,5197717468385411,07/2006,928,YES,1,12431.0,04/2005,2007,No
235,0,Mastercard,Debit,5367393978634449,02/2020,488,YES,2,21478.0,02/2020,2020,No
235,1,Mastercard,Debit,5132040468161147,06/2022,792,YES,2,4583.0,09/2006,2015,No
235,2,Visa,Debit (Prepaid),4389249731393098,02/2020,950,YES,1,11.0,02/2020,2020,No
236,0,Visa,Credit,4050701553546410,07/2020,644,YES,1,5800.0,10/2007,2013,No
236,1,Mastercard,Debit,5569531561859094,01/2013,29,YES,2,2704.0,05/2006,2013,No
236,2,Mastercard,Debit,5926369913315413,04/2021,982,NO,1,7581.0,07/2005,2014,No
237,0,Visa,Credit,4333566542239051,02/2020,211,NO,1,10200.0,02/2020,2020,No
237,1,Mastercard,Debit,5979460179212685,10/2022,565,YES,1,9984.0,01/2020,2020,No
237,2,Visa,Debit,4970053603571619,04/2022,864,YES,2,2174.0,02/2020,2020,No
237,3,Visa,Credit,4101014748476784,03/2023,701,YES,2,200.0,01/2020,2020,No
238,0,Mastercard,Credit,5613179179990520,04/2021,874,YES,2,7900.0,02/2020,2020,No
238,1,Visa,Debit,4909457460257161,03/2020,892,NO,1,20827.0,04/2011,2011,No
238,2,Mastercard,Debit (Prepaid),5458802986531944,02/2020,895,NO,1,74.0,02/2020,2020,No
238,3,Visa,Debit,4492510144355977,02/2020,858,YES,1,52585.0,02/2020,2020,No
238,4,Visa,Credit,4704292963714441,06/2023,871,NO,1,16700.0,12/2008,2009,No
239,0,Visa,Debit,4194162404761832,12/2023,523,YES,2,32030.0,08/2004,2009,No
239,1,Mastercard,Debit (Prepaid),5040698021601971,11/2020,796,YES,2,64.0,09/2019,2019,No
239,2,Mastercard,Debit (Prepaid),5314994607311012,06/2014,406,YES,1,78.0,01/2006,2011,No
239,3,Visa,Credit,4865864021142944,11/2022,615,YES,1,18500.0,04/2008,2012,No
239,4,Mastercard,Debit,5008189212339000,09/2019,644,YES,2,26357.0,10/2006,2013,No
239,5,Mastercard,Debit,5568328410834839,12/2020,811,YES,1,28864.0,10/2010,2013,No
239,6,Mastercard,Debit,5948987936502889,07/2020,368,NO,2,19651.0,02/2000,2013,No
239,7,Mastercard,Debit,5402510129676487,10/2021,514,NO,2,52179.0,07/2003,2010,No
240,0,Mastercard,Debit,5125741393893480,08/2022,13,YES,2,47709.0,08/2014,2014,No
240,1,Visa,Debit,4134342241718161,03/2016,354,YES,2,54128.0,09/2008,2011,No
240,2,Visa,Debit,4559874462694124,08/2024,810,YES,2,39389.0,08/2018,2018,No
240,3,Visa,Credit,4900671019998767,02/2020,304,YES,1,29800.0,07/2008,2011,No
241,0,Discover,Credit,6837183865208677,01/2020,482,YES,1,19100.0,01/2020,2020,No
241,1,Visa,Debit,4633730568874380,07/2009,565,NO,2,2819.0,05/2009,2009,No
241,2,Visa,Credit,4341971374222434,01/2020,255,YES,1,12100.0,01/2020,2020,No
241,3,Mastercard,Credit,5890900416850846,08/2021,152,YES,1,18000.0,04/2010,2010,No
242,0,Mastercard,Credit,5931316682508140,11/2019,164,YES,2,8700.0,02/2007,2007,No
242,1,Visa,Debit (Prepaid),4704135426810723,02/2020,251,YES,2,30.0,05/2007,2008,No
242,2,Mastercard,Debit,5183385831950704,08/2013,886,YES,2,22248.0,03/2002,2015,No
243,0,Mastercard,Debit (Prepaid),5050054589241384,09/2007,783,YES,1,69.0,03/2002,2012,No
243,1,Discover,Credit,6630783814792741,08/2024,24,YES,1,9600.0,07/2005,2012,No
243,2,Mastercard,Debit,5956465531203720,02/2022,270,YES,2,4319.0,08/2005,2011,No
244,0,Visa,Debit,4563795747354617,01/2020,922,YES,1,24079.0,01/2020,2020,No
245,0,Mastercard,Debit,5108476679203457,02/2020,101,YES,2,10058.0,01/2020,2020,No
246,0,Visa,Debit,4054167228117852,07/2023,695,YES,2,974.0,04/2018,2018,No
246,1,Mastercard,Debit,5513112349725580,07/2020,255,YES,2,1212.0,05/2011,2011,No
247,0,Visa,Credit,4794836039067049,02/2021,764,YES,1,2700.0,04/2018,2018,No
247,1,Mastercard,Debit,5345212200076229,08/2022,387,YES,1,16113.0,05/2010,2010,No
248,0,Amex,Credit,383087654646315,12/2019,884,YES,2,13700.0,08/2019,2019,No
249,0,Visa,Debit,4754798174315610,03/2024,932,NO,2,19097.0,02/2005,2010,No
250,0,Mastercard,Debit,5358649877200807,02/2020,384,YES,1,12874.0,02/2020,2020,No
251,0,Visa,Credit,4219906676806338,09/2015,998,YES,2,8900.0,06/2005,2011,No
252,0,Mastercard,Debit (Prepaid),5648056200144957,12/2024,793,YES,2,46.0,09/1996,2007,No
252,1,Visa,Debit,4992498548379230,10/2015,867,YES,2,13116.0,07/2003,2012,No
252,2,Visa,Debit,4548390986370918,10/2021,555,YES,2,21022.0,02/2010,2011,No
253,0,Visa,Credit,4495570113367071,01/2021,844,NO,1,13200.0,01/2020,2020,No
253,1,Mastercard,Debit,5949620157170510,02/2020,513,YES,1,12569.0,02/2020,2020,No
254,0,Visa,Credit,4459121196885642,08/2010,455,YES,2,10100.0,05/2006,2010,No
254,1,Mastercard,Debit,5287025690873732,09/2012,649,YES,2,15714.0,02/2006,2006,No
254,2,Visa,Credit,4333294773814550,08/2017,973,YES,1,15000.0,03/2016,2016,No
254,3,Mastercard,Debit,5283924863850626,03/2022,447,NO,2,14664.0,02/2008,2010,No
254,4,Mastercard,Debit,5946312773938308,10/2015,291,YES,1,12605.0,05/2015,2015,No
255,0,Mastercard,Credit,5544000819929578,10/2023,107,YES,2,500.0,11/2006,2011,No
255,1,Mastercard,Debit,5489055781970216,06/2021,833,YES,1,15492.0,04/2017,2017,No
255,2,Mastercard,Credit,5228090830138310,11/2020,545,YES,2,12800.0,04/2007,2010,No
255,3,Mastercard,Credit,5308155941746073,02/2023,627,YES,2,3300.0,02/2020,2020,No
255,4,Discover,Credit,6426640903869188,08/2020,662,YES,1,15500.0,12/2001,2008,No
255,5,Amex,Credit,363302965648730,06/2022,838,YES,2,4100.0,04/2006,2010,No
256,0,Mastercard,Debit,5946607095736678,02/2020,861,YES,2,18764.0,04/2010,2014,No
256,1,Visa,Debit,4168053621668614,07/2022,790,YES,2,33302.0,01/2020,2020,No
256,2,Amex,Credit,312433752932924,07/2024,697,YES,1,12600.0,07/2007,2011,No
256,3,Visa,Debit,4102523265404423,07/2023,669,YES,1,28320.0,02/2009,2009,No
257,0,Mastercard,Debit,5594299457198901,10/2023,782,YES,2,2883.0,03/2008,2015,No
257,1,Mastercard,Debit,5100015130200657,05/2023,189,YES,2,28886.0,04/2003,2011,No
257,2,Discover,Credit,6690095408585366,11/2022,162,YES,1,14400.0,01/2009,2009,No
257,3,Mastercard,Debit (Prepaid),5511433440463506,12/2023,463,NO,2,86.0,06/2008,2010,No
257,4,Mastercard,Credit,5117389461118602,02/2024,711,NO,1,11800.0,12/2008,2008,No
257,5,Mastercard,Credit,5279878979919017,02/2021,249,YES,2,18900.0,08/2003,2007,No
257,6,Mastercard,Debit,5447315840545678,06/2020,843,YES,1,37318.0,04/2018,2018,No
258,0,Discover,Credit,6107025095995916,01/2020,870,YES,1,2400.0,10/2012,2012,No
259,0,Visa,Credit,4846797588329543,05/2019,143,NO,2,3500.0,09/2013,2013,No
259,1,Mastercard,Credit,5506489220180458,12/2022,413,YES,1,10400.0,03/2006,2015,No
259,2,Visa,Debit,4066959047815431,08/2020,283,YES,1,10629.0,05/2007,2008,No
259,3,Visa,Debit (Prepaid),4191204010061938,11/2023,495,YES,2,64.0,08/2008,2012,No
260,0,Visa,Debit,4789489264488970,07/2024,994,YES,1,13361.0,08/2005,2010,No
260,1,Mastercard,Debit,5931695374662431,05/2021,894,YES,1,24739.0,12/2013,2013,No
260,2,Visa,Debit,4355941830927575,08/2022,502,YES,2,12978.0,12/2009,2009,No
260,3,Visa,Credit,4509798381757686,11/2021,529,YES,1,9500.0,07/2011,2016,No
261,0,Mastercard,Debit,5507324126094429,02/2021,373,YES,1,15331.0,01/2015,2015,No
261,1,Visa,Debit,4368582518967057,10/2010,578,YES,1,16725.0,04/2001,2008,No
261,2,Visa,Debit,4634300017755186,04/2014,37,YES,1,22861.0,07/2013,2013,No
261,3,Mastercard,Debit,5220530694931902,05/2024,201,YES,1,24186.0,09/2008,2008,No
262,0,Mastercard,Debit (Prepaid),5237569453908018,03/2024,599,YES,2,21.0,01/2008,2013,No
262,1,Visa,Debit,4275115874708969,09/2023,740,YES,2,32075.0,07/2004,2010,No
262,2,Mastercard,Debit,5275728896235468,05/2020,479,YES,2,3934.0,09/2008,2015,No
262,3,Mastercard,Debit,5829712075231650,06/2022,538,YES,1,5204.0,10/2011,2013,No
262,4,Visa,Debit,4276711504175400,04/2023,793,YES,2,11239.0,04/2008,2010,No
263,0,Mastercard,Credit,5445140227910187,02/2020,611,YES,1,11200.0,02/2020,2020,No
263,1,Visa,Debit,4215026986628626,06/2022,544,YES,2,10430.0,02/2020,2020,No
263,2,Visa,Credit,4194820728333907,12/2021,521,YES,1,9400.0,02/2020,2020,No
264,0,Mastercard,Debit,5988371080858837,01/2022,648,NO,2,18296.0,01/2020,2020,No
264,1,Discover,Credit,6347540441639617,03/2024,277,YES,2,4300.0,02/2020,2020,No
265,0,Visa,Credit,4215168783347299,02/2022,152,YES,2,7500.0,11/2019,2019,No
265,1,Visa,Debit,4435064478746639,09/2021,229,YES,1,22811.0,01/2020,2020,No
265,2,Visa,Debit,4150139913418045,05/2022,502,YES,1,9865.0,01/2020,2020,No
266,0,Visa,Debit,4194403279790054,08/2024,282,YES,2,27584.0,01/2003,2008,No
266,1,Visa,Debit (Prepaid),4368130002871913,02/2024,624,YES,1,50.0,08/2009,2009,No
266,2,Mastercard,Debit,5781287562576118,10/2011,834,YES,2,23152.0,07/2010,2010,No
266,3,Mastercard,Debit,5835780437577400,01/2022,844,YES,2,11108.0,07/2007,2015,No
267,0,Mastercard,Debit,5350446523909333,05/2023,611,YES,1,37192.0,02/2020,2020,No
267,1,Mastercard,Debit (Prepaid),5533776724641365,10/2017,834,YES,2,59.0,09/2012,2012,No
268,0,Mastercard,Debit,5428371634860438,06/2009,574,YES,2,24413.0,10/2005,2015,No
268,1,Mastercard,Debit,5506289501829438,10/2020,366,YES,1,27491.0,07/2004,2014,No
268,2,Visa,Credit,4482149609303331,03/2023,969,YES,2,12100.0,05/2004,2010,No
268,3,Visa,Debit,4879859310850635,03/2024,878,YES,2,19256.0,06/2017,2017,No
269,0,Mastercard,Debit,5054119105173352,07/2024,774,YES,1,12053.0,01/2020,2020,No
269,1,Visa,Credit,4498891346944005,02/2020,734,YES,2,8700.0,01/2013,2013,No
269,2,Mastercard,Debit,5376527370326171,09/2023,565,YES,1,19267.0,07/2012,2012,No
269,3,Visa,Debit,4007252024868251,05/2013,524,YES,1,14074.0,05/2008,2009,No
270,0,Visa,Credit,4159426139130545,02/2020,640,YES,2,0.0,02/2020,2020,No
270,1,Visa,Credit,4920574801884077,11/2021,378,NO,1,12300.0,02/2020,2020,No
270,2,Mastercard,Debit,5949121295863245,02/2020,399,NO,2,2055.0,01/2020,2020,No
271,0,Mastercard,Debit,5803489621102604,12/2021,503,YES,1,33070.0,08/2012,2012,No
271,1,Mastercard,Debit,5865665247394120,08/2024,626,YES,2,16094.0,12/2014,2014,No
271,2,Mastercard,Debit,5218949137846823,02/2020,497,YES,2,19651.0,11/2009,2009,No
271,3,Mastercard,Debit,5331334705575605,06/2023,453,YES,1,23875.0,02/2020,2020,No
271,4,Mastercard,Credit,5973458794875603,09/2023,685,YES,1,10600.0,03/2008,2016,No
271,5,Mastercard,Debit,5132479425505377,10/2010,625,YES,2,26774.0,08/2005,2015,No
271,6,Mastercard,Debit,5305360695397672,12/2022,307,NO,2,7842.0,10/2007,2014,No
272,0,Visa,Debit (Prepaid),4502772598432893,04/2024,928,YES,1,55.0,07/2019,2019,No
272,1,Mastercard,Credit,5573846518194123,09/2014,32,YES,1,12600.0,05/2007,2012,No
272,2,Mastercard,Debit,5287664021778796,06/2012,973,YES,2,16647.0,04/2010,2012,No
272,3,Amex,Credit,315285408349939,12/2022,695,YES,1,8600.0,11/2013,2013,No
272,4,Mastercard,Credit,5682154590913954,11/2012,9,YES,3,15900.0,01/2011,2011,No
272,5,Amex,Credit,300717031458937,09/2009,194,YES,1,5800.0,03/2008,2008,No
273,0,Mastercard,Debit,5573456051575888,09/2024,515,YES,2,31845.0,01/2020,2020,No
273,1,Mastercard,Credit,5190611696772114,10/2018,920,YES,2,25300.0,01/2012,2012,No
273,2,Mastercard,Debit,5690418496059242,07/2022,216,YES,1,35299.0,03/2012,2012,No
274,0,Mastercard,Debit,5799559141683850,01/2020,461,YES,2,7488.0,01/2020,2020,No
274,1,Mastercard,Credit,5656952388282689,07/2021,589,YES,2,10200.0,01/2020,2020,No
274,2,Visa,Credit,4794716774405771,09/2022,468,NO,2,15300.0,02/2020,2020,No
275,0,Visa,Debit,4628936693780104,05/2022,450,YES,1,23798.0,07/2000,2007,No
275,1,Mastercard,Debit,5226253469892723,06/2023,896,YES,1,20859.0,02/2009,2009,No
275,2,Discover,Credit,6846703172802187,07/2007,994,YES,1,9200.0,05/2007,2014,No
275,3,Mastercard,Debit,5645109053545738,02/2024,508,YES,1,35681.0,09/2002,2014,No
275,4,Amex,Credit,397099721312783,08/2023,647,YES,1,9000.0,09/2017,2017,No
275,5,Visa,Debit,4298702562718334,01/2021,595,YES,1,15206.0,05/2015,2015,No
276,0,Mastercard,Credit,5408809633056349,10/2020,504,YES,2,19800.0,09/2017,2017,No
277,0,Mastercard,Credit,5017560063090859,02/2024,331,NO,2,5400.0,02/2020,2020,No
277,1,Mastercard,Debit,5582785061995756,01/2022,82,YES,1,15834.0,02/2020,2020,No
277,2,Mastercard,Debit,5478474703672399,05/2020,881,YES,1,15688.0,01/2020,2020,No
277,3,Mastercard,Credit,5159912190298033,09/2024,479,YES,1,12200.0,02/2020,2020,No
278,0,Mastercard,Credit,5720952964572786,11/2020,145,YES,1,12500.0,11/2008,2010,No
278,1,Mastercard,Debit,5431233824162772,04/2022,976,YES,1,5796.0,09/2004,2011,No
278,2,Visa,Debit (Prepaid),4590514334794623,06/2022,270,YES,2,109.0,09/2003,2009,No
278,3,Visa,Debit,4489235577455870,07/2020,557,YES,2,15747.0,02/2020,2020,No
279,0,Mastercard,Credit,5584035369803224,04/2021,410,YES,1,11900.0,01/2020,2020,No
279,1,Amex,Credit,383902088570937,07/2023,353,YES,2,12700.0,02/2020,2020,No
280,0,Visa,Credit,4095430974536550,03/2021,614,YES,2,20300.0,07/2011,2011,No
280,1,Mastercard,Debit (Prepaid),5447113003265844,11/2021,762,YES,1,75.0,02/2020,2020,No
280,2,Mastercard,Debit,5161769445279594,03/2022,746,NO,1,15163.0,02/2020,2020,No
280,3,Visa,Debit,4957920148379718,11/2022,577,YES,1,30952.0,05/2012,2012,No
281,0,Mastercard,Debit,5736601123142270,01/2022,145,YES,2,13177.0,12/2008,2014,No
281,1,Visa,Credit,4282551690422601,03/2019,688,YES,1,2500.0,12/2009,2009,No
281,2,Mastercard,Debit,5138208680850055,09/2020,400,NO,2,20819.0,01/2019,2019,No
282,0,Visa,Debit,4834799974606459,08/2023,389,YES,1,10599.0,05/2009,2010,No
283,0,Visa,Debit,4294047917295712,05/2023,325,YES,2,38171.0,02/2008,2011,No
283,1,Mastercard,Debit,5179211547158075,12/2020,46,YES,1,61324.0,07/2010,2011,No
283,2,Mastercard,Debit,5214969175447515,04/2016,439,YES,1,31362.0,10/2003,2010,No
284,0,Visa,Debit,4356308555060329,12/2021,452,YES,2,15569.0,02/2020,2020,No
285,0,Mastercard,Debit,5589671096121830,10/2016,536,YES,1,16398.0,03/2014,2014,No
285,1,Visa,Credit,4262822146225767,06/2012,826,YES,1,6600.0,01/2001,2010,No
285,2,Mastercard,Credit,5125930425033874,10/2022,60,YES,2,6600.0,02/2002,2007,No
285,3,Mastercard,Debit (Prepaid),5871381416815409,07/2021,254,YES,1,59.0,04/2010,2010,No
286,0,Mastercard,Debit (Prepaid),5082951387967574,07/2022,776,YES,1,42.0,05/2008,2014,No
286,1,Visa,Debit (Prepaid),4636082679216722,11/2022,931,YES,2,119.0,04/2009,2009,No
287,0,Visa,Debit,4764601855343044,11/2006,823,YES,2,24250.0,07/2004,2010,No
287,1,Visa,Credit,4116906909940127,04/2024,22,YES,1,12400.0,02/2003,2013,No
287,2,Visa,Credit,4779198537003941,11/2022,322,YES,2,6500.0,09/2014,2014,No
287,3,Mastercard,Credit,5925601743609258,07/2020,209,YES,1,13900.0,12/2010,2010,No
288,0,Mastercard,Debit (Prepaid),5686159789271662,11/2015,950,YES,2,100.0,07/2013,2013,No
288,1,Mastercard,Credit,5264643141041082,03/2022,743,YES,1,8000.0,02/2008,2010,No
288,2,Mastercard,Debit (Prepaid),5241188157660835,11/2018,876,YES,2,49.0,04/2009,2009,No
288,3,Discover,Credit,6774837644015385,08/2020,620,YES,2,2900.0,05/2004,2011,No
288,4,Discover,Credit,6898662101270196,01/2016,21,YES,1,10400.0,07/2008,2014,No
288,5,Mastercard,Debit (Prepaid),5119018228047326,05/2023,793,YES,2,37.0,02/2003,2016,No
288,6,Mastercard,Debit,5751745002272729,12/2023,323,NO,2,13606.0,12/2008,2016,No
288,7,Mastercard,Debit,5807898028441894,03/2024,591,YES,2,13347.0,11/2003,2007,No
289,0,Mastercard,Debit (Prepaid),5888115186452355,12/2023,444,NO,1,54.0,02/2005,2007,No
289,1,Mastercard,Debit,5115977842680830,11/2024,328,NO,2,23402.0,12/2007,2011,No
289,2,Visa,Debit,4756811014064559,05/2020,369,NO,2,30393.0,01/2020,2020,No
290,0,Mastercard,Debit,5129325410635439,01/2022,128,YES,2,1298.0,03/2009,2012,No
291,0,Mastercard,Debit (Prepaid),5253525523982495,11/2024,565,YES,1,101.0,12/2006,2010,No
291,1,Visa,Debit (Prepaid),4585785809501379,09/2020,821,YES,1,70.0,12/2004,2007,No
291,2,Mastercard,Debit,5408716058769165,07/2022,404,YES,3,15163.0,01/2020,2020,No
291,3,Mastercard,Debit (Prepaid),5607503519034023,01/2022,70,YES,1,107.0,04/2005,2011,No
291,4,Visa,Debit,4881313929814344,10/2009,863,YES,2,21107.0,10/2009,2009,No
291,5,Visa,Debit,4736934707075232,03/2023,978,YES,1,15807.0,10/2011,2011,No
291,6,Mastercard,Debit,5113633089121120,08/2024,601,YES,2,18689.0,01/2019,2019,No
291,7,Mastercard,Debit,5753824282810836,01/2018,985,YES,2,15839.0,04/2003,2010,No
292,0,Visa,Credit,4636984888214448,04/2018,380,YES,2,5900.0,04/2010,2010,No
292,1,Mastercard,Debit,5961047404971216,06/2022,89,NO,1,11726.0,10/2002,2011,No
292,2,Mastercard,Debit,5437744884030865,02/2022,753,YES,1,13537.0,11/2008,2009,No
292,3,Visa,Debit,4674089067309589,07/2022,713,YES,1,10609.0,02/2020,2020,No
293,0,Visa,Credit,4691166269279948,06/2021,911,YES,2,2000.0,07/2007,2007,No
294,0,Visa,Debit,4090165219603664,07/2023,593,YES,2,4817.0,07/2005,2014,No
294,1,Mastercard,Credit,5693202604748580,07/2024,166,YES,2,1300.0,11/2005,2011,No
295,0,Mastercard,Debit,5283468482627174,12/2023,465,YES,1,1684.0,02/2020,2020,No
295,1,Visa,Credit,4411219685754975,09/2024,926,YES,2,2000.0,02/2020,2020,No
296,0,Mastercard,Credit,5980816578498370,04/2022,655,YES,1,13200.0,08/2005,2009,No
296,1,Mastercard,Debit,5832889444154326,11/2021,820,YES,2,11641.0,02/2020,2020,No
297,0,Mastercard,Credit,5304372689056153,02/2024,871,NO,2,7100.0,02/2006,2011,No
297,1,Amex,Credit,308555388799852,12/2009,606,YES,1,8500.0,12/2009,2012,No
298,0,Mastercard,Credit,5973231209388276,04/2021,257,YES,1,6000.0,11/2008,2013,No
298,1,Mastercard,Credit,5703815520417524,07/2020,263,YES,2,2000.0,06/2014,2014,No
298,2,Visa,Debit,4446819957867131,06/2020,232,YES,2,15240.0,07/2017,2017,No
299,0,Mastercard,Debit,5036617487964943,11/2024,765,YES,2,7272.0,03/2006,2016,No
299,1,Visa,Debit,4403825163350985,09/2022,451,YES,2,9542.0,02/2020,2020,No
299,2,Amex,Credit,399832211170214,11/2024,984,YES,1,4500.0,06/2007,2007,No
300,0,Mastercard,Credit,5033949193863455,05/2021,76,YES,2,8000.0,09/2009,2011,No
300,1,Visa,Debit (Prepaid),4035809761172506,08/2021,400,YES,1,84.0,09/2014,2014,No
300,2,Mastercard,Debit,5004994096233324,03/2020,489,NO,1,9957.0,01/2020,2020,No
300,3,Mastercard,Credit,5474945486540306,06/2015,533,YES,2,8300.0,05/2010,2015,No
301,0,Visa,Debit,4360960084502821,12/2010,641,YES,1,11739.0,11/2010,2011,No
301,1,Mastercard,Debit (Prepaid),5533615337478093,09/2022,743,YES,1,79.0,01/2011,2011,No
301,2,Visa,Debit,4123364464470592,11/2024,574,YES,1,11093.0,09/2011,2011,No
302,0,Visa,Debit,4623790856154791,08/2022,42,YES,2,20447.0,10/2010,2016,No
302,1,Discover,Credit,6219867119924889,11/2022,425,YES,2,8800.0,05/2011,2011,No
302,2,Mastercard,Debit,5762936498559213,04/2023,657,YES,1,13946.0,04/2017,2017,No
302,3,Visa,Debit,4941352079368761,07/2020,963,NO,2,25529.0,12/2010,2010,No
302,4,Visa,Debit (Prepaid),4537642289527032,12/2022,450,YES,1,61.0,08/2018,2018,No
302,5,Mastercard,Debit,5726295152230615,02/2022,912,YES,2,17536.0,09/2017,2017,No
302,6,Visa,Debit,4439425587555219,03/2015,568,YES,2,20770.0,01/2014,2014,No
303,0,Mastercard,Debit (Prepaid),5169835962793021,02/2020,821,YES,2,22.0,01/2020,2020,No
304,0,Mastercard,Debit,5280939323100579,07/2023,909,YES,1,10691.0,02/2014,2014,No
304,1,Mastercard,Debit (Prepaid),5666642339206521,08/2010,996,YES,1,75.0,04/2009,2009,No
304,2,Mastercard,Credit,5042100576719658,07/2022,939,YES,1,4900.0,01/2008,2011,No
304,3,Mastercard,Debit,5128552449628284,07/2020,95,YES,2,14661.0,12/1997,2009,No
305,0,Mastercard,Credit,5529511387485539,12/2020,568,YES,1,6900.0,02/2020,2020,No
305,1,Visa,Credit,4069972993083771,01/2022,328,YES,2,5400.0,01/2020,2020,No
306,0,Mastercard,Debit,5676668792174428,07/2024,869,YES,2,2725.0,02/2020,2020,No
306,1,Discover,Credit,6525938932537502,02/2020,511,YES,2,19600.0,02/2019,2019,No
307,0,Visa,Debit,4739603201770871,07/2023,48,YES,2,2572.0,06/2005,2010,No
307,1,Mastercard,Credit,5445286323617902,12/2022,212,YES,2,5000.0,08/2011,2011,No
307,2,Discover,Credit,6350687054576802,12/2013,840,YES,1,10300.0,04/2004,2012,No
307,3,Amex,Credit,368765630381398,06/2018,731,YES,2,11400.0,12/2014,2014,No
308,0,Mastercard,Debit,5569049232811437,02/2020,598,YES,2,9230.0,09/2008,2013,No
309,0,Mastercard,Debit,5032880040092416,06/2024,626,YES,1,11203.0,03/2004,2008,No
309,1,Mastercard,Debit,5634291050750009,02/2021,759,YES,2,12369.0,09/2006,2010,No
309,2,Visa,Credit,4776334530519583,09/2017,925,YES,1,7900.0,12/2008,2017,No
309,3,Mastercard,Debit,5982817665927233,10/2014,390,YES,2,20362.0,05/2004,2012,No
309,4,Mastercard,Debit,5355473722620842,05/2021,63,YES,2,13529.0,09/1996,2007,No
310,0,Discover,Credit,6183952528759947,12/2022,831,YES,2,16800.0,02/2010,2015,No
310,1,Discover,Credit,6675475462886914,10/2022,64,YES,1,7100.0,12/2013,2013,No
310,2,Visa,Credit,4444532245535178,11/2020,623,YES,1,9600.0,04/2008,2008,No
311,0,Mastercard,Debit (Prepaid),5929148675838815,04/2021,955,YES,1,113.0,03/2004,2008,No
311,1,Mastercard,Debit,5596909204961650,04/2020,708,YES,1,16818.0,01/2020,2020,No
311,2,Mastercard,Debit,5702444920277810,08/2021,137,YES,1,12358.0,03/2003,2003,No
311,3,Amex,Credit,313237641072547,10/2011,951,YES,2,8100.0,12/2008,2012,No
311,4,Visa,Credit,4654712521098398,03/2020,269,YES,2,9800.0,05/2003,2008,No
311,5,Mastercard,Debit,5362951145456228,12/2024,818,YES,2,17332.0,07/2011,2012,No
312,0,Mastercard,Credit,5496286717273458,11/2021,8,YES,2,6000.0,02/2020,2020,No
313,0,Mastercard,Debit,5366247073382596,04/2021,515,YES,2,18776.0,08/2009,2012,No
314,0,Visa,Credit,4786002952683429,03/2022,965,YES,1,9300.0,10/2011,2011,No
314,1,Discover,Credit,6210885893076470,06/2021,895,YES,2,8000.0,08/2016,2016,No
314,2,Mastercard,Debit,5965800518603810,09/2021,609,NO,1,11194.0,07/2014,2014,No
314,3,Visa,Debit,4331686299440629,04/2023,525,YES,2,12754.0,10/2012,2012,No
314,4,Visa,Credit,4765714337874836,08/2024,983,YES,1,9700.0,10/2011,2013,No
315,0,Mastercard,Debit,5591077047400631,09/2020,615,YES,1,17936.0,05/2012,2012,No
315,1,Amex,Credit,313916461304111,01/2021,852,YES,1,8500.0,04/2010,2011,No
316,0,Visa,Debit,4120824887309572,06/2023,110,YES,1,24826.0,01/2012,2012,No
317,0,Visa,Debit,4637531059933425,03/2020,640,YES,1,27091.0,08/2003,2018,No
318,0,Mastercard,Debit (Prepaid),5072595305260459,01/2021,519,YES,1,67.0,06/2011,2011,No
318,1,Amex,Credit,349565330549626,04/2020,178,NO,1,14600.0,01/2007,2007,No
318,2,Mastercard,Credit,5923231174018252,11/2021,392,YES,2,13500.0,06/2012,2012,No
318,3,Mastercard,Debit,5851845913045150,09/2023,71,YES,1,27132.0,03/2013,2013,No
319,0,Mastercard,Debit,5023863713584517,12/2024,457,YES,2,10400.0,11/2010,2013,No
319,1,Mastercard,Debit,5664895156333060,07/2020,500,YES,1,43169.0,03/2005,2012,No
319,2,Mastercard,Debit,5486901761554156,10/2023,258,YES,2,5269.0,01/2003,2016,No
319,3,Mastercard,Debit,5820221852405545,12/2024,380,YES,2,48370.0,04/2001,2011,No
319,4,Visa,Credit,4115686759373550,11/2019,996,YES,2,17100.0,06/2018,2018,No
319,5,Visa,Debit (Prepaid),4876555170855808,04/2024,661,YES,1,65.0,10/2003,2009,No
320,0,Mastercard,Debit,5904146428140246,12/2020,277,YES,2,2656.0,05/2011,2015,No
320,1,Mastercard,Credit,5770203026188611,10/2024,676,YES,2,7800.0,04/2007,2011,No
320,2,Discover,Credit,6689214851949611,03/2020,740,YES,1,13400.0,07/2004,2005,No
320,3,Mastercard,Debit,5911600183016111,08/2023,315,NO,1,16726.0,02/2005,2020,No
321,0,Visa,Debit,4750958043493039,12/2024,269,YES,1,30162.0,03/2005,2010,No
321,1,Mastercard,Debit,5776356381459188,10/2010,394,YES,1,19970.0,09/2010,2010,No
321,2,Mastercard,Debit,5723126586825335,05/2024,268,YES,1,31199.0,11/2018,2018,No
321,3,Mastercard,Debit,5916860407845357,10/2024,827,YES,2,14983.0,11/2006,2010,No
321,4,Mastercard,Debit,5826782239602490,10/2014,629,YES,2,18491.0,10/2014,2014,No
322,0,Visa,Debit,4575519144263671,08/2021,618,YES,2,23094.0,03/2008,2011,No
322,1,Visa,Credit,4587193711138824,10/2022,166,YES,1,18300.0,09/2005,2005,No
322,2,Mastercard,Debit,5672981759485196,02/2024,676,YES,1,31907.0,02/2019,2019,No
322,3,Visa,Debit,4306238627611074,10/2020,588,YES,2,32761.0,03/2008,2008,No
323,0,Mastercard,Debit,5359168203636426,04/2024,84,YES,1,11105.0,09/2008,2009,No
324,0,Mastercard,Debit,5778485837801732,08/2021,852,YES,2,32267.0,01/2020,2020,No
324,1,Mastercard,Debit,5517971919199348,09/2021,792,YES,1,30670.0,01/2020,2020,No
325,0,Visa,Debit (Prepaid),4749352761473241,01/2017,556,YES,2,83.0,12/2007,2007,No
326,0,Visa,Debit,4509551449788694,07/2020,152,YES,1,13821.0,02/2008,2009,No
326,1,Visa,Credit,4723027876552516,05/2021,423,YES,1,14400.0,05/2004,2010,No
326,2,Mastercard,Credit,5700626457783201,10/2010,713,YES,1,13300.0,07/2006,2007,No
326,3,Visa,Credit,4144931322114018,08/2014,312,NO,1,9300.0,01/2009,2009,No
327,0,Mastercard,Debit,5678294553512479,08/2022,15,YES,1,8580.0,07/2011,2011,No
327,1,Mastercard,Credit,5771046456944706,10/2023,53,YES,2,6600.0,12/2007,2008,No
328,0,Visa,Debit,4466627264365741,06/2014,238,YES,1,12783.0,04/2008,2010,No
328,1,Mastercard,Debit,5085144478543466,05/2021,100,YES,2,14321.0,02/2012,2012,No
328,2,Visa,Debit,4814031516576169,12/2020,804,YES,2,14488.0,07/2018,2018,No
328,3,Visa,Debit,4031726246937832,01/2020,126,NO,1,16116.0,01/2020,2020,No
329,0,Visa,Credit,4900994567069763,07/2021,24,YES,2,14800.0,10/2002,2012,No
330,0,Visa,Debit (Prepaid),4129989012910230,07/2021,8,YES,2,43.0,12/2010,2011,No
331,0,Visa,Debit,4249908788734063,07/2024,892,YES,2,36546.0,02/2017,2017,No
331,1,Mastercard,Debit,5056109817639748,08/2021,165,YES,1,18462.0,06/2004,2007,No
331,2,Amex,Credit,329808568475348,06/2021,259,NO,1,13300.0,05/2008,2013,No
331,3,Mastercard,Debit (Prepaid),5260555273059328,08/2020,729,YES,2,36.0,03/2008,2018,No
331,4,Amex,Credit,394844235507928,09/2023,682,YES,2,11200.0,12/2011,2011,No
332,0,Mastercard,Debit,5552351757816493,02/2020,588,YES,2,30074.0,02/2003,2006,No
332,1,Mastercard,Debit,5613352979417307,05/2016,681,YES,1,7589.0,02/2003,2011,No
332,2,Mastercard,Debit,5210754741357773,12/2014,402,NO,2,27112.0,02/2009,2015,No
333,0,Mastercard,Credit,5765975770169362,02/2021,740,YES,1,16700.0,03/2008,2008,No
333,1,Visa,Debit,4045887901142827,07/2013,54,YES,2,24968.0,02/2010,2010,No
333,2,Mastercard,Debit,5711629583407537,01/2012,577,YES,2,16751.0,08/2005,2010,No
333,3,Mastercard,Debit,5047582065725201,07/2021,601,YES,2,12852.0,10/2010,2012,No
333,4,Discover,Credit,6973723422438311,11/2023,526,NO,2,10200.0,03/2007,2010,No
333,5,Mastercard,Debit,5584580666180389,12/2006,331,YES,1,21922.0,03/2005,2011,No
334,0,Visa,Credit,4605636273246106,05/2022,245,YES,2,5600.0,01/2020,2020,No
335,0,Mastercard,Debit,5927769013167971,12/2006,774,YES,2,9609.0,07/2006,2008,No
336,0,Mastercard,Debit (Prepaid),5803470646010241,01/2020,940,YES,1,62.0,01/2020,2020,No
336,1,Mastercard,Debit,5796139864739324,05/2018,474,YES,2,12194.0,11/2011,2011,No
337,0,Mastercard,Debit,5875716871084903,01/2020,798,YES,2,12636.0,01/2020,2020,No
337,1,Visa,Credit,4351530526237151,02/2020,164,YES,1,0.0,01/2020,2020,No
338,0,Mastercard,Debit,5084690936737005,02/2020,476,YES,2,8024.0,02/2009,2012,No
338,1,Visa,Debit,4372448627686768,11/2020,569,YES,2,8902.0,03/2008,2008,No
338,2,Visa,Debit,4183588454885685,11/2020,323,NO,2,8081.0,04/2003,2011,No
339,0,Mastercard,Debit,5826930335951624,06/2023,803,YES,1,9773.0,01/2020,2020,No
339,1,Mastercard,Debit,5040609131348655,12/2023,98,YES,1,13130.0,02/2020,2020,No
340,0,Mastercard,Debit,5335622486722965,10/2023,617,YES,2,9953.0,01/2020,2020,No
341,0,Amex,Credit,302128691810206,11/2021,236,YES,1,9000.0,07/2010,2015,No
341,1,Mastercard,Debit,5947766191531250,10/2024,760,YES,2,11415.0,05/2003,2013,No
341,2,Visa,Credit,4371359117883353,05/2022,931,YES,2,1900.0,10/2012,2012,No
341,3,Mastercard,Debit (Prepaid),5517746118509993,01/2017,251,YES,1,54.0,02/2007,2008,No
342,0,Mastercard,Debit,5050180938587173,07/2021,518,YES,1,405.0,02/2020,2020,No
343,0,Mastercard,Debit,5228295335343438,03/2011,82,NO,1,23907.0,02/2010,2010,No
343,1,Visa,Credit,4963325399756427,06/2022,180,YES,2,15500.0,10/2005,2010,No
343,2,Visa,Debit,4540572558695839,08/2020,540,YES,2,3415.0,08/1996,2012,No
344,0,Visa,Credit,4662965490409087,04/2023,240,YES,2,8500.0,02/2007,2007,No
344,1,Visa,Debit,4170396856656251,03/2020,831,YES,2,11473.0,03/2007,2008,No
344,2,Mastercard,Debit,5568405807581710,07/2022,187,YES,3,23932.0,12/1999,2011,No
344,3,Mastercard,Debit,5304746158026153,08/2013,249,YES,1,9614.0,08/2010,2010,No
345,0,Mastercard,Debit,5761678069979338,02/2020,725,YES,1,58709.0,12/2009,2009,No
345,1,Mastercard,Debit (Prepaid),5828021478542645,01/2016,350,YES,1,98.0,03/2009,2009,No
345,2,Visa,Debit,4247339520232396,07/2022,598,YES,1,24401.0,05/2012,2012,No
346,0,Mastercard,Debit,5472231620359227,01/2016,726,YES,1,3628.0,08/2006,2013,No
347,0,Visa,Debit,4182923459647403,02/2020,603,YES,1,47359.0,02/2020,2020,No
347,1,Visa,Debit,4866080343433203,05/2010,1,YES,2,41205.0,01/2010,2010,No
347,2,Mastercard,Credit,5328878941102916,03/2016,847,YES,2,17400.0,01/2009,2010,No
348,0,Mastercard,Debit,5785225381364914,04/2022,851,YES,1,17688.0,08/2018,2018,No
348,1,Mastercard,Credit,5056180854217534,10/2021,183,YES,1,15000.0,10/2007,2013,No
348,2,Mastercard,Debit,5192100992523222,03/2023,276,YES,2,27075.0,02/2002,2015,No
348,3,Discover,Credit,6099048775831285,04/2022,120,YES,1,13700.0,12/2009,2010,No
348,4,Mastercard,Credit,5730775331108605,04/2024,910,YES,1,19000.0,03/1998,2016,No
349,0,Discover,Credit,6670752769501820,04/2014,213,NO,2,14300.0,01/2009,2010,No
349,1,Visa,Credit,4016664416211109,05/2024,840,YES,1,7600.0,06/2010,2010,No
349,2,Mastercard,Debit,5835488238900107,11/2020,203,NO,1,13788.0,03/2019,2019,No
349,3,Mastercard,Debit,5942817121899547,08/2022,408,YES,1,20801.0,01/2020,2020,No
350,0,Visa,Debit,4483206793672492,06/2024,339,YES,2,19015.0,04/2011,2011,No
350,1,Visa,Debit,4030476430498489,07/2013,437,YES,2,2181.0,01/2010,2011,No
350,2,Visa,Credit,4952050120824102,05/2023,167,YES,2,6400.0,11/2007,2007,No
350,3,Visa,Debit (Prepaid),4985729409791181,07/2011,408,YES,2,78.0,12/2010,2011,No
351,0,Mastercard,Debit (Prepaid),5352787929411472,01/2024,196,NO,2,63.0,01/2020,2020,No
351,1,Mastercard,Debit,5764720476661124,08/2023,350,NO,1,12907.0,02/2020,2020,No
351,2,Mastercard,Credit,5649118777959741,05/2022,123,YES,1,6500.0,01/2020,2020,No
351,3,Discover,Credit,6905561508213690,11/2024,902,YES,1,7100.0,02/2020,2020,No
352,0,Mastercard,Debit,5167739038207671,02/2020,35,YES,1,12353.0,06/2008,2008,No
352,1,Mastercard,Debit (Prepaid),5483130582779116,05/2020,139,YES,2,65.0,08/2012,2012,No
352,2,Visa,Debit (Prepaid),4031459906447373,04/2018,0,YES,1,72.0,06/2012,2012,No
352,3,Mastercard,Debit,5608799929769385,01/2024,653,YES,2,18526.0,05/2016,2016,No
353,0,Visa,Debit,4751759256983279,12/2023,978,YES,2,6513.0,05/2004,2013,No
353,1,Mastercard,Debit,5827922070073569,08/2020,665,YES,1,5044.0,11/2008,2008,No
354,0,Visa,Debit,4964837149375457,08/2023,692,NO,2,25079.0,07/2007,2008,No
354,1,Visa,Debit,4786456074959153,04/2024,463,YES,1,39578.0,04/2019,2019,No
354,2,Visa,Debit,4780113572248864,10/2022,498,YES,1,36641.0,01/2009,2009,No
355,0,Visa,Debit,4732187570005938,11/2023,875,YES,1,1083.0,01/2020,2020,No
355,1,Mastercard,Debit,5579968242146941,03/2021,908,YES,1,9628.0,02/2020,2020,No
356,0,Amex,Credit,364782097416183,09/2024,787,YES,2,13500.0,01/2020,2020,No
356,1,Visa,Debit,4332848097947146,05/2019,247,YES,2,12512.0,10/2010,2012,No
356,2,Visa,Debit,4874200877830198,04/2023,234,YES,2,21442.0,04/2008,2015,No
356,3,Mastercard,Debit (Prepaid),5491911967251854,04/2024,256,YES,2,69.0,01/2009,2013,No
357,0,Visa,Debit,4123430883366053,06/2022,929,NO,2,22700.0,01/2020,2020,No
357,1,Visa,Debit (Prepaid),4477381812397470,02/2020,256,YES,2,60.0,02/2020,2020,No
358,0,Visa,Debit (Prepaid),4291584295091276,07/2021,284,NO,2,80.0,09/2008,2013,No
358,1,Visa,Credit,4977439177902709,10/2023,725,YES,1,1300.0,05/2014,2014,No
358,2,Visa,Debit,4083830555953344,09/2019,35,YES,1,40984.0,08/2012,2012,No
359,0,Mastercard,Debit,5000642222050149,01/2016,949,YES,1,19536.0,10/2011,2014,No
359,1,Mastercard,Debit,5706945213874118,02/2009,808,YES,1,9044.0,03/1999,2013,No
359,2,Visa,Credit,4880127142903322,05/2024,582,NO,2,12500.0,06/2018,2018,No
360,0,Mastercard,Debit,5709350938591097,09/2021,841,YES,2,2338.0,12/2007,2016,No
360,1,Amex,Credit,340249970172495,07/2024,789,YES,1,3900.0,12/2017,2017,No
361,0,Visa,Debit,4969931231497491,11/2019,728,YES,2,12528.0,01/2004,2012,No
361,1,Mastercard,Debit,5065991934613613,03/2020,444,YES,2,19756.0,04/1999,2013,No
361,2,Mastercard,Debit,5074153322431986,10/1999,15,YES,1,2042.0,11/1998,2008,No
362,0,Discover,Credit,6343000201050378,06/2020,991,YES,1,8300.0,06/2005,2013,No
362,1,Mastercard,Debit,5176991873510835,04/2022,744,YES,2,8571.0,08/2005,2015,No
363,0,Mastercard,Debit,5193598337004774,08/2020,655,YES,1,19369.0,01/2020,2020,No
363,1,Visa,Debit (Prepaid),4651166179945088,07/2024,135,YES,1,70.0,01/2020,2020,No
363,2,Mastercard,Debit,5169330864187609,10/2020,927,YES,1,15127.0,02/2020,2020,No
363,3,Discover,Credit,6575727919683836,03/2022,371,YES,1,9400.0,01/2020,2020,No
363,4,Visa,Credit,4254671354232317,06/2022,566,YES,2,5400.0,02/2020,2020,No
364,0,Mastercard,Debit,5639231472661421,06/2006,482,YES,1,17167.0,06/2006,2007,No
365,0,Mastercard,Debit,5974521557482725,08/2020,89,YES,1,25048.0,09/2011,2011,No
365,1,Amex,Credit,373196972571995,08/2022,333,YES,1,25600.0,12/2003,2009,No
365,2,Mastercard,Debit,5145075395048643,07/2020,818,YES,2,17257.0,06/2007,2007,No
365,3,Mastercard,Debit,5446247483875549,02/2022,977,NO,2,31829.0,04/2005,2020,No
365,4,Mastercard,Debit,5138861544730253,09/2014,695,YES,2,3991.0,10/2008,2013,No
365,5,Mastercard,Debit,5450840398353044,05/2024,172,YES,2,3991.0,11/2006,2013,No
365,6,Mastercard,Debit,5957840395918291,01/2024,232,YES,2,34953.0,12/2004,2011,No
366,0,Mastercard,Debit,5200497031723077,11/2021,790,YES,1,21726.0,02/2018,2018,No
366,1,Visa,Debit,4410595521974956,08/2020,468,YES,1,15063.0,05/2017,2017,No
366,2,Mastercard,Debit,5979251671199858,01/2020,949,YES,1,12596.0,01/2020,2020,No
367,0,Visa,Debit,4977782671344118,01/2009,467,NO,2,6335.0,05/2006,2020,No
367,1,Mastercard,Debit (Prepaid),5953262218021154,04/2014,328,YES,1,43.0,08/2008,2013,No
367,2,Visa,Credit,4453479289853591,01/2020,438,YES,2,8100.0,06/2016,2016,No
367,3,Visa,Credit,4484651040009268,04/2023,400,YES,2,8900.0,02/2010,2010,No
368,0,Amex,Credit,397408628397205,01/2024,358,YES,1,16000.0,08/2005,2008,No
368,1,Mastercard,Debit,5131315390682577,04/2011,260,YES,2,19304.0,08/2005,2010,No
368,2,Visa,Debit,4667539931017684,10/2020,724,YES,2,36548.0,06/2007,2015,No
368,3,Mastercard,Debit,5494695767588585,12/2023,105,YES,1,10354.0,02/2008,2010,No
368,4,Discover,Credit,6059981259285361,08/2024,661,YES,1,8000.0,05/2017,2017,No
369,0,Mastercard,Debit,5070126203216170,01/2020,795,YES,2,1559.0,01/2020,2020,No
369,1,Mastercard,Debit,5293367010895796,02/2020,489,YES,1,15100.0,02/2020,2020,No
370,0,Mastercard,Debit,5695371675609176,12/2023,110,YES,1,51302.0,10/2001,2010,No
370,1,Mastercard,Debit (Prepaid),5727246621737801,09/2014,184,YES,1,80.0,07/2003,2010,No
371,0,Visa,Credit,4613780379002622,10/2021,881,YES,1,15800.0,08/2010,2012,No
371,1,Visa,Credit,4349828024185765,11/2020,209,YES,1,16800.0,12/2011,2011,No
371,2,Visa,Debit,4831547258942108,11/2021,45,NO,1,2508.0,08/2005,2012,No
371,3,Visa,Credit,4030101439693866,12/2022,924,NO,2,2600.0,11/2013,2013,No
372,0,Mastercard,Debit,5598838646522278,05/2022,590,YES,1,4851.0,04/2005,2020,No
373,0,Mastercard,Credit,5688444191664896,06/2023,723,YES,1,7300.0,05/2010,2011,No
373,1,Mastercard,Debit,5787876223130828,03/2024,137,YES,1,18540.0,07/2009,2009,No
373,2,Mastercard,Debit,5145746225869385,02/2014,37,NO,2,4072.0,07/2010,2010,No
373,3,Mastercard,Debit,5867870962214065,02/2020,278,YES,1,1744.0,02/2020,2020,No
373,4,Mastercard,Debit (Prepaid),5233021736945266,01/2014,561,YES,2,33.0,07/2009,2013,No
374,0,Mastercard,Debit,5905144281673763,02/2020,324,YES,1,17767.0,03/2014,2014,No
374,1,Mastercard,Debit (Prepaid),5376202172646612,11/2022,419,YES,1,57.0,09/2013,2013,No
374,2,Visa,Debit,4078070579143813,05/2022,725,YES,1,23011.0,08/2010,2010,No
374,3,Mastercard,Debit,5320540849135700,10/2023,66,YES,1,21160.0,02/2009,2009,No
374,4,Mastercard,Debit,5318581534984744,12/2021,914,NO,2,21291.0,01/2020,2020,No
375,0,Visa,Credit,4905977959597106,10/2020,543,YES,1,19100.0,04/2018,2018,No
376,0,Mastercard,Debit,5285784915006143,03/2020,790,YES,2,7834.0,05/1996,2012,No
377,0,Visa,Debit,4563146572171391,12/2020,510,YES,2,38317.0,04/2014,2014,No
377,1,Visa,Debit,4817273521248161,10/2023,706,YES,2,55693.0,01/2000,2006,No
377,2,Visa,Debit,4423423702094848,11/2020,362,YES,1,40710.0,09/2010,2010,No
377,3,Mastercard,Debit,5614281662886512,12/2024,906,YES,2,61355.0,04/2015,2015,No
378,0,Mastercard,Credit,5723992473008285,02/2020,298,YES,1,5300.0,01/2020,2020,No
378,1,Mastercard,Credit,5568613598314709,06/2022,926,YES,1,15800.0,01/2020,2020,No
379,0,Mastercard,Debit,5809559236815243,01/2020,643,YES,1,26219.0,01/2020,2020,No
379,1,Discover,Credit,6649382937549507,02/2020,898,YES,1,20400.0,02/2020,2020,No
380,0,Mastercard,Debit,5578581367019951,03/2020,532,YES,1,28066.0,02/2020,2020,No
380,1,Visa,Credit,4995777639723026,06/2024,153,NO,2,19500.0,01/2020,2020,No
380,2,Mastercard,Credit,5618927130201354,04/2020,47,YES,1,15100.0,01/2020,2020,No
381,0,Mastercard,Debit,5504388217788243,09/2022,389,YES,1,9059.0,12/2003,2008,No
381,1,Mastercard,Credit,5765192294312489,03/2024,244,YES,2,6300.0,06/2014,2014,No
381,2,Mastercard,Debit,5049590350537184,12/2017,287,YES,1,12793.0,09/2017,2017,No
381,3,Mastercard,Credit,5171047603573611,05/2020,472,YES,1,7800.0,02/2020,2020,No
382,0,Visa,Credit,4304336989685853,10/2022,38,YES,1,14000.0,02/2011,2011,No
383,0,Mastercard,Debit (Prepaid),5802808293999580,02/2023,374,NO,1,80.0,02/2020,2020,No
383,1,Mastercard,Credit,5182039113510183,12/2024,533,YES,1,15400.0,01/2020,2020,No
384,0,Mastercard,Debit,5178588521108553,04/2021,647,YES,2,28747.0,04/2010,2010,No
384,1,Mastercard,Debit (Prepaid),5419683819223054,07/2021,690,YES,2,110.0,05/2011,2011,No
385,0,Mastercard,Debit (Prepaid),5207548471157063,04/2022,310,YES,2,112.0,10/2008,2012,No
385,1,Discover,Credit,6133343341617022,12/2010,252,NO,2,9700.0,06/2009,2011,No
385,2,Visa,Credit,4013077897978419,10/2013,359,YES,1,8600.0,11/2009,2014,No
385,3,Mastercard,Debit (Prepaid),5582481832840083,10/2004,949,YES,2,43.0,02/2001,2012,No
385,4,Mastercard,Debit,5160679758487908,04/2015,716,YES,2,19629.0,12/2010,2011,No
385,5,Mastercard,Credit,5350725222706426,04/2021,29,YES,2,3400.0,09/2003,2008,No
386,0,Mastercard,Debit,5208287929207582,01/2022,668,YES,2,20769.0,02/2020,2020,No
386,1,Amex,Credit,382500319012149,12/2022,443,YES,2,12100.0,02/2020,2020,No
386,2,Mastercard,Debit,5568206290590571,06/2023,658,YES,1,16371.0,02/2020,2020,No
386,3,Mastercard,Credit,5316978994490034,10/2020,145,YES,1,12500.0,02/2020,2020,No
386,4,Mastercard,Debit,5548416164877894,02/2020,573,YES,1,18976.0,02/2020,2020,No
386,5,Mastercard,Debit,5319381223326693,02/2020,205,YES,2,30119.0,01/2020,2020,No
387,0,Mastercard,Debit,5124149352966224,07/2022,255,YES,2,26147.0,03/2016,2016,No
388,0,Visa,Debit (Prepaid),4140588094739369,02/2020,914,YES,2,74.0,02/2020,2020,No
389,0,Visa,Credit,4098957147259107,01/2024,427,YES,1,7100.0,01/2020,2020,No
389,1,Visa,Debit,4728985692143254,05/2021,894,YES,2,13964.0,02/2020,2020,No
390,0,Visa,Credit,4914230230023485,11/2020,149,YES,2,12000.0,02/2005,2013,No
390,1,Mastercard,Debit,5503346026525353,07/2021,281,YES,2,14710.0,12/2006,2016,No
390,2,Mastercard,Credit,5625623929407723,02/2024,413,NO,2,5600.0,05/2008,2011,No
390,3,Amex,Credit,340690023329145,05/2007,921,YES,1,13600.0,01/2007,2009,No
390,4,Mastercard,Debit,5836255998556368,01/2023,124,YES,2,14592.0,05/2002,2018,No
391,0,Mastercard,Debit,5144019472845640,03/2024,991,YES,1,16791.0,08/2013,2013,No
391,1,Mastercard,Debit,5401708824823369,09/2024,387,YES,1,15909.0,07/2008,2008,No
391,2,Mastercard,Debit,5090437031916520,06/2022,678,NO,2,13466.0,02/2020,2020,No
392,0,Mastercard,Debit,5427512329623870,11/2020,476,YES,2,5066.0,10/2008,2016,No
392,1,Visa,Debit,4270727314191306,09/2024,431,YES,2,13452.0,09/2005,2012,No
393,0,Visa,Debit,4609363841131495,01/2020,250,YES,1,17652.0,01/2020,2020,No
393,1,Visa,Debit,4092359255548687,07/2018,548,YES,1,22566.0,05/2014,2014,No
393,2,Mastercard,Debit (Prepaid),5739755420014539,01/2023,543,YES,2,101.0,02/2020,2020,No
393,3,Mastercard,Debit,5884169220100958,02/2009,380,YES,1,17860.0,08/2007,2010,No
393,4,Visa,Debit,4739129887814779,12/2024,840,YES,1,13635.0,02/2020,2020,No
393,5,Amex,Credit,340363396133555,10/2024,357,YES,1,12800.0,07/2005,2014,No
393,6,Mastercard,Debit,5134663281531806,04/2022,682,YES,1,12076.0,02/1999,2012,No
394,0,Mastercard,Credit,5428449359468275,05/2024,692,YES,1,13500.0,02/2020,2020,No
394,1,Mastercard,Debit (Prepaid),5166680396292023,11/2024,462,YES,1,38.0,01/2020,2020,No
394,2,Mastercard,Debit (Prepaid),5582430794372147,09/2024,397,YES,2,100.0,01/2020,2020,No
395,0,Visa,Debit,4011659941572561,01/2023,523,YES,1,24501.0,08/2019,2019,No
395,1,Visa,Credit,4281818687372228,11/2020,956,YES,1,15100.0,06/2005,2011,No
395,2,Mastercard,Debit,5537300534138484,07/2023,933,YES,2,14709.0,12/2004,2013,No
395,3,Mastercard,Debit,5770348525427389,08/2020,914,NO,1,45782.0,11/2010,2015,No
396,0,Mastercard,Debit,5089550241614493,02/2020,625,YES,2,18292.0,01/2020,2020,No
396,1,Amex,Credit,357731604070533,05/2020,270,YES,1,13400.0,10/1999,2012,No
396,2,Visa,Credit,4760959420776144,05/2021,81,YES,2,11100.0,06/2015,2015,No
397,0,Visa,Debit,4559380028737071,01/2023,791,YES,1,33397.0,02/2020,2020,No
398,0,Mastercard,Debit (Prepaid),5978230791001469,08/2017,310,YES,1,80.0,03/2002,2008,No
398,1,Visa,Credit,4609960492769091,03/2023,512,YES,2,5400.0,05/2007,2013,No
398,2,Amex,Credit,371780853319378,06/2021,461,YES,2,11000.0,04/2010,2010,No
398,3,Visa,Debit,4717280495507382,03/2012,268,YES,1,8374.0,06/2006,2010,No
399,0,Mastercard,Debit,5630819721997639,03/2021,160,YES,2,23691.0,06/2009,2015,No
399,1,Visa,Debit,4536093921633369,12/2023,783,YES,2,15817.0,03/2010,2013,No
399,2,Mastercard,Debit,5403878573257240,06/2024,553,YES,2,36912.0,09/2009,2015,No
400,0,Visa,Debit,4752300617048436,09/2021,511,YES,2,36976.0,02/2020,2020,No
401,0,Mastercard,Debit,5298405785595862,06/2022,451,YES,1,52121.0,01/2020,2020,No
402,0,Mastercard,Debit,5969880085380237,03/2024,832,YES,1,12564.0,01/2018,2018,No
402,1,Visa,Debit,4719376429761062,05/2021,716,YES,1,15981.0,10/2008,2008,No
403,0,Visa,Debit,4465904146461429,12/2007,172,YES,2,12758.0,12/2007,2011,No
403,1,Mastercard,Debit (Prepaid),5998020597750681,01/2020,259,YES,2,24.0,01/2020,2020,No
403,2,Mastercard,Debit,5753826788441344,10/2017,195,YES,2,13209.0,03/2006,2012,No
404,0,Mastercard,Debit,5845664736410406,09/2024,157,YES,1,11254.0,01/2020,2020,No
404,1,Mastercard,Debit,5815197990139669,05/2024,528,YES,2,16703.0,06/2014,2014,No
404,2,Discover,Credit,6863075164690679,11/2020,357,YES,2,7300.0,05/2010,2010,No
404,3,Mastercard,Credit,5190363040476849,08/2022,377,YES,2,8600.0,02/2012,2012,No
405,0,Visa,Debit,4435091514671785,10/2013,429,YES,1,17173.0,02/1997,2014,No
405,1,Visa,Credit,4610283928454577,03/2020,340,YES,2,22000.0,08/2013,2013,No
405,2,Mastercard,Debit,5402165032954536,11/2009,383,YES,1,29739.0,11/2004,2008,No
406,0,Mastercard,Debit,5604853881293164,02/2020,942,YES,2,12905.0,05/2010,2010,No
406,1,Mastercard,Debit,5304174233835471,10/2022,603,YES,2,447.0,08/2006,2015,No
406,2,Mastercard,Debit,5018201035940907,02/2014,623,YES,1,22100.0,11/2006,2009,No
406,3,Visa,Debit,4364504555846512,03/2024,787,YES,2,7616.0,07/2010,2010,No
407,0,Mastercard,Debit,5820532728475057,07/2021,136,YES,1,17665.0,01/2020,2020,No
407,1,Mastercard,Debit,5693890310196695,09/2024,794,YES,1,12551.0,10/2019,2019,No
407,2,Amex,Credit,329884815703027,05/2022,818,YES,2,7400.0,02/2020,2020,No
408,0,Mastercard,Debit,5495606147026040,06/2024,810,YES,2,14223.0,02/2013,2013,No
408,1,Discover,Credit,6439934247827371,03/2012,549,NO,1,11200.0,03/2007,2007,No
408,2,Mastercard,Credit,5903180777410762,02/2020,618,YES,1,14000.0,03/2019,2019,No
408,3,Visa,Debit (Prepaid),4982837709455785,09/2022,119,YES,2,79.0,12/2009,2009,No
409,0,Visa,Debit,4254478565698366,02/2020,642,YES,2,13547.0,02/2020,2020,No
410,0,Mastercard,Debit,5366108681709753,06/2022,691,YES,1,12626.0,02/2020,2020,No
410,1,Mastercard,Debit,5559631785400356,07/2024,138,YES,2,17042.0,07/2011,2011,No
410,2,Mastercard,Debit,5868987765320423,01/2024,849,YES,2,11930.0,06/2011,2011,No
411,0,Mastercard,Debit,5921343520642553,12/2013,630,YES,2,10442.0,11/2005,2005,No
411,1,Mastercard,Debit,5576058870888177,08/2023,200,YES,2,23296.0,11/2009,2014,No
412,0,Visa,Debit,4436697575956445,06/2015,894,YES,1,19555.0,10/2010,2010,No
412,1,Mastercard,Debit,5217920627763477,02/2020,902,YES,1,22310.0,01/2020,2020,No
413,0,Mastercard,Credit,5503548049749435,02/2021,850,NO,1,14800.0,11/2016,2016,No
413,1,Visa,Credit,4669390579436584,03/2020,661,YES,2,11300.0,04/2002,2011,No
413,2,Mastercard,Debit (Prepaid),5241112690809802,09/2022,740,YES,1,31.0,04/2003,2010,No
413,3,Mastercard,Debit,5622935637285354,05/2024,799,YES,1,24090.0,09/1998,2009,No
414,0,Mastercard,Debit,5700169734076825,05/2011,638,YES,1,18138.0,03/2006,2008,No
414,1,Visa,Debit (Prepaid),4323953877431034,05/2023,830,YES,3,74.0,06/2018,2018,No
414,2,Mastercard,Debit,5107151477861238,06/2021,365,YES,1,23016.0,01/2010,2010,No
414,3,Visa,Debit,4753063175082230,02/2020,352,YES,2,35791.0,11/2009,2009,No
415,0,Mastercard,Debit,5604896104987546,07/2022,330,YES,1,15116.0,02/2020,2020,No
416,0,Visa,Credit,4096689962299789,08/2022,25,YES,1,8000.0,12/2005,2011,No
416,1,Amex,Credit,349159635383087,01/2023,386,YES,2,2200.0,02/2019,2019,No
416,2,Visa,Credit,4538277638033307,10/2024,387,YES,1,6800.0,01/2020,2020,No
416,3,Mastercard,Debit,5738438340474113,03/2020,798,YES,1,427.0,05/2008,2010,No
417,0,Mastercard,Debit,5361639254366090,02/2002,26,YES,1,22112.0,02/2002,2010,No
417,1,Visa,Debit,4815373260593647,04/2018,733,YES,2,10211.0,09/2013,2013,No
417,2,Mastercard,Debit,5363716613146250,12/2008,937,YES,1,11940.0,10/2007,2011,No
417,3,Visa,Credit,4234252140022115,09/2021,115,YES,1,7400.0,04/1994,2010,No
417,4,Visa,Debit (Prepaid),4541177168542351,02/2021,768,NO,1,64.0,06/2005,2014,No
417,5,Mastercard,Debit,5079032910713562,12/2022,402,YES,2,7343.0,05/2004,2013,No
417,6,Visa,Credit,4494411189246879,01/2023,670,YES,1,5500.0,06/2003,2010,No
418,0,Mastercard,Debit,5907512722234563,01/2014,855,YES,2,3843.0,01/2008,2009,No
419,0,Mastercard,Debit (Prepaid),5710956185196347,02/2020,91,YES,2,72.0,01/2020,2020,No
419,1,Mastercard,Debit,5969614895288925,02/2020,729,YES,1,21227.0,02/2020,2020,No
419,2,Mastercard,Debit,5183544081050284,05/2022,754,YES,1,21943.0,02/2020,2020,No
420,0,Mastercard,Debit,5274657041301974,04/2020,436,YES,2,47833.0,10/2004,2010,No
420,1,Amex,Credit,337116884587546,09/2018,164,NO,2,13400.0,04/2013,2013,No
420,2,Amex,Credit,339154209082656,09/2010,909,YES,1,21700.0,04/2010,2010,No
421,0,Mastercard,Debit,5489847637452263,05/2022,32,YES,2,19122.0,10/2013,2013,No
421,1,Visa,Debit,4312743637718042,11/2019,556,YES,2,17245.0,06/2019,2019,No
421,2,Mastercard,Debit,5312379293764300,06/2022,244,NO,2,17564.0,12/2010,2010,No
421,3,Visa,Credit,4678372291668326,07/2020,966,YES,1,14100.0,09/2006,2011,No
422,0,Amex,Credit,380507615759333,07/2021,194,YES,1,11400.0,01/2020,2020,No
422,1,Mastercard,Debit,5643186470669851,09/2022,12,YES,2,18281.0,02/2020,2020,No
423,0,Mastercard,Debit,5498308482575223,03/2021,952,YES,1,14471.0,04/2014,2014,No
423,1,Mastercard,Debit,5252283992419484,04/2024,136,YES,1,11399.0,10/2008,2010,No
423,2,Mastercard,Credit,5795691987889821,04/2011,416,YES,3,12400.0,05/2008,2008,No
424,0,Visa,Debit,4980412921853275,04/2021,28,YES,2,27520.0,01/2012,2012,No
424,1,Visa,Debit,4537266913886102,04/2022,787,YES,1,38648.0,11/2003,2005,No
424,2,Mastercard,Debit,5817981997085182,08/2008,755,YES,2,41051.0,02/2006,2006,No
424,3,Amex,Credit,353090863754405,03/2014,451,YES,1,19300.0,06/2009,2018,No
424,4,Mastercard,Debit,5693655667464241,12/2023,500,YES,2,9683.0,08/2007,2016,No
425,0,Mastercard,Debit,5919043204819594,02/2020,711,NO,2,15061.0,06/2007,2007,No
425,1,Mastercard,Debit,5159330722218973,02/2022,857,YES,2,16652.0,10/2008,2010,No
425,2,Mastercard,Debit,5609056029992567,02/2020,7,YES,1,10970.0,09/2013,2013,No
425,3,Visa,Debit,4461414789391516,03/2021,277,YES,2,15458.0,09/2019,2019,No
425,4,Mastercard,Debit,5955587375467605,07/2020,522,YES,2,11475.0,05/2014,2014,No
425,5,Mastercard,Debit,5224140626818585,01/2017,329,YES,1,12031.0,07/2014,2014,No
426,0,Mastercard,Debit (Prepaid),5691905533359944,10/2024,982,YES,1,49.0,12/2002,2009,No
427,0,Mastercard,Debit,5406659343798231,12/2022,868,YES,2,14408.0,09/2008,2008,No
427,1,Mastercard,Debit,5268706720915465,07/2020,202,YES,1,18035.0,05/2010,2010,No
427,2,Mastercard,Debit,5007147574833881,04/2022,560,YES,2,16786.0,09/2008,2008,No
427,3,Visa,Debit,4345682874994564,02/2020,331,YES,1,12009.0,03/2006,2009,No
428,0,Discover,Credit,6315959001873783,04/2021,118,YES,1,6800.0,08/2014,2014,No
428,1,Mastercard,Credit,5887964726362356,07/2021,671,YES,1,10300.0,04/2006,2009,No
428,2,Mastercard,Debit,5944670401278171,03/2021,806,YES,2,16274.0,10/2009,2009,No
429,0,Mastercard,Credit,5744439609691204,01/2020,662,YES,1,28000.0,01/2020,2020,No
429,1,Visa,Debit,4771002709933864,04/2024,374,YES,2,4201.0,01/2020,2020,No
430,0,Discover,Credit,6396980306370671,10/2015,37,YES,1,25300.0,04/2007,2012,No
430,1,Visa,Debit,4957823817777302,03/2022,413,YES,1,40350.0,02/2008,2014,No
430,2,Visa,Credit,4021539917884489,08/2018,497,YES,1,22500.0,06/2008,2010,No
430,3,Visa,Debit,4361392563969799,10/2023,417,YES,1,26110.0,12/2012,2012,No
431,0,Mastercard,Debit (Prepaid),5387845577295005,02/2020,379,YES,1,46.0,01/2020,2020,No
431,1,Mastercard,Debit,5690579854372424,09/2020,790,YES,1,24886.0,02/2020,2020,No
431,2,Visa,Debit,4102843004395648,07/2022,452,YES,2,12257.0,02/2020,2020,No
431,3,Mastercard,Debit,5778432883626952,01/2020,217,NO,2,27489.0,01/2020,2020,No
432,0,Visa,Credit,4335011442006835,07/2022,412,YES,1,9700.0,11/2010,2012,No
432,1,Mastercard,Debit,5131116413550841,03/2024,615,YES,1,11712.0,06/2008,2019,No
432,2,Amex,Credit,394151199374199,02/2020,175,YES,2,5900.0,07/2014,2014,No
432,3,Visa,Debit,4684821008065663,04/2021,164,YES,1,10318.0,06/2016,2016,No
433,0,Mastercard,Debit,5883802092372517,12/2014,346,YES,1,3836.0,07/2006,2009,No
433,1,Visa,Credit,4495172888223801,12/2023,269,YES,2,13200.0,06/2010,2011,No
433,2,Mastercard,Debit (Prepaid),5037187439217055,08/2021,955,NO,2,56.0,11/2009,2011,No
434,0,Amex,Credit,325863166103877,01/2020,936,YES,2,13800.0,01/2020,2020,No
435,0,Mastercard,Debit,5219464488355605,09/2022,80,YES,2,7767.0,01/2020,2020,No
436,0,Visa,Debit,4702266560105457,09/2022,749,YES,1,14999.0,05/2010,2010,No
436,1,Mastercard,Debit,5215769270589143,01/2024,897,YES,2,9281.0,07/2013,2013,No
436,2,Visa,Debit,4514228052643760,03/2024,763,NO,1,15512.0,11/2013,2013,No
437,0,Visa,Debit (Prepaid),4316296167662583,04/2023,621,YES,2,67.0,02/2020,2020,No
437,1,Visa,Debit,4878301968196169,09/2022,33,YES,1,10564.0,11/2009,2010,No
438,0,Mastercard,Debit,5687094950907399,08/2019,289,YES,1,13206.0,03/2018,2018,No
438,1,Visa,Debit,4877797934126603,08/2024,237,YES,1,11809.0,11/2004,2010,No
438,2,Discover,Credit,6773009361532105,06/2024,38,YES,1,8800.0,03/2006,2008,No
439,0,Visa,Debit,4194422558945686,05/2018,208,NO,1,29793.0,10/2017,2017,No
439,1,Mastercard,Debit (Prepaid),5433671830348176,03/2022,732,YES,1,80.0,11/2008,2008,No
439,2,Mastercard,Debit,5164347231652886,04/2024,14,YES,2,24739.0,04/2008,2011,No
439,3,Mastercard,Debit,5774618783513739,01/2020,902,YES,2,32447.0,09/2009,2009,No
439,4,Amex,Credit,335499499050062,11/2020,520,NO,2,20900.0,01/2007,2007,No
440,0,Visa,Debit,4208678188310578,05/2024,462,YES,1,23912.0,11/2003,2009,No
440,1,Amex,Credit,344420840489865,11/2024,330,YES,2,8200.0,04/1998,2010,No
440,2,Visa,Debit,4904264423390551,02/2008,240,YES,2,119.0,07/2004,2012,No
440,3,Mastercard,Debit,5291048760665798,04/2017,940,YES,1,19137.0,11/2009,2012,No
441,0,Mastercard,Debit,5594052672345392,10/2021,748,YES,1,13609.0,11/2008,2010,No
441,1,Visa,Credit,4009130422427807,02/2021,247,YES,2,8600.0,05/2004,2012,No
442,0,Amex,Credit,303823669078373,02/2020,876,YES,2,27000.0,02/2020,2020,No
442,1,Discover,Credit,6262934801438359,06/2021,565,YES,2,17500.0,01/2020,2020,No
442,2,Visa,Credit,4619139517493572,02/2020,681,YES,1,21000.0,01/2020,2020,No
443,0,Mastercard,Debit,5250142801861718,02/2023,485,YES,2,9401.0,04/2010,2011,No
443,1,Visa,Debit,4411314646067924,06/2023,47,YES,2,17146.0,11/2009,2009,No
443,2,Mastercard,Debit,5384107443816532,06/2021,90,YES,2,10863.0,05/2009,2011,No
443,3,Mastercard,Debit,5291753153918147,07/2018,855,YES,1,9742.0,04/2010,2010,No
444,0,Mastercard,Credit,5089899761133479,02/2021,743,YES,2,4600.0,02/2020,2020,No
444,1,Visa,Debit,4756400836306008,07/2022,401,YES,1,29925.0,01/2020,2020,No
445,0,Mastercard,Debit,5551460726922763,07/2021,115,YES,2,10305.0,11/2002,2010,No
446,0,Mastercard,Credit,5419443574655374,10/2023,520,YES,2,13300.0,09/2008,2008,No
446,1,Mastercard,Debit (Prepaid),5391276903408071,10/2012,935,YES,2,48.0,05/2006,2014,No
446,2,Mastercard,Credit,5810850276328483,01/2020,877,NO,2,0.0,01/2006,2012,No
446,3,Visa,Credit,4328702811759379,02/2022,564,NO,1,10600.0,09/2002,2013,No
446,4,Mastercard,Debit,5054918583369098,03/2021,18,YES,2,1778.0,05/2008,2011,No
447,0,Visa,Debit,4907163278067635,09/2021,857,YES,1,47523.0,01/2020,2020,No
447,1,Mastercard,Debit (Prepaid),5147465861467114,04/2024,905,YES,1,82.0,01/2020,2020,No
448,0,Amex,Credit,304617902043505,03/2017,382,YES,1,19400.0,05/2012,2012,No
448,1,Mastercard,Debit,5496405569223399,11/2014,30,YES,1,23403.0,01/2013,2013,No
448,2,Mastercard,Credit,5019514365242810,05/2024,508,YES,1,13900.0,01/2005,2012,No
449,0,Mastercard,Debit (Prepaid),5251447871603744,03/2008,292,YES,1,95.0,10/2002,2011,No
449,1,Mastercard,Debit,5210434230147620,06/2022,262,YES,2,20417.0,06/2016,2016,No
449,2,Visa,Credit,4372177587368958,05/2022,450,YES,1,6300.0,01/2006,2011,No
450,0,Mastercard,Debit,5198052110187452,01/2020,912,YES,1,16064.0,12/2016,2016,No
450,1,Mastercard,Debit (Prepaid),5390138872145738,03/2020,267,YES,1,98.0,02/2020,2020,No
450,2,Visa,Debit,4078898258495002,07/2015,929,YES,2,16386.0,03/2015,2015,No
450,3,Visa,Credit,4301058381185328,03/2023,147,YES,1,10100.0,02/2020,2020,No
450,4,Visa,Debit,4256933161358353,10/2020,83,YES,2,3472.0,01/2020,2020,No
451,0,Amex,Credit,336470004427582,04/2022,487,YES,1,7700.0,01/2020,2020,No
451,1,Mastercard,Debit,5898279833645788,10/2023,139,YES,3,11018.0,01/2020,2020,No
451,2,Visa,Credit,4066440794075203,04/2024,921,YES,2,8200.0,06/2018,2018,No
452,0,Mastercard,Debit,5201386771432172,09/2018,392,YES,1,4976.0,07/2008,2008,No
452,1,Amex,Credit,320871039524025,07/2018,845,YES,1,4100.0,11/2004,2009,No
453,0,Visa,Debit,4003314505746426,07/2021,531,YES,2,6076.0,09/2004,2011,No
454,0,Mastercard,Credit,5218007897890577,12/2021,185,YES,3,8000.0,02/2020,2020,No
454,1,Discover,Credit,6997197066610978,08/2023,619,YES,2,14600.0,02/2020,2020,No
454,2,Mastercard,Credit,5105294422027242,03/2024,831,YES,1,8300.0,10/2008,2010,No
454,3,Visa,Debit,4063054242876751,08/2024,647,YES,2,19054.0,05/2009,2017,No
455,0,Mastercard,Debit,5078853441156478,03/2020,930,YES,1,29265.0,02/2020,2020,No
455,1,Mastercard,Debit,5547476180953081,02/2020,765,YES,1,22245.0,02/2020,2020,No
455,2,Mastercard,Debit,5788341339048168,10/2021,750,YES,2,17028.0,02/2020,2020,No
456,0,Mastercard,Debit (Prepaid),5390318153988797,02/2020,243,YES,2,67.0,02/2009,2014,No
456,1,Discover,Credit,6713344750325700,10/2005,728,YES,2,15300.0,06/2001,2011,No
456,2,Mastercard,Debit,5918188974230799,01/2021,670,YES,1,20552.0,09/2015,2015,No
457,0,Mastercard,Debit (Prepaid),5412046613062340,03/2021,587,YES,2,32.0,01/2020,2020,No
458,0,Mastercard,Debit,5422337679062478,02/2024,976,YES,1,48003.0,01/2012,2012,No
458,1,Visa,Credit,4623874187817166,07/2024,385,YES,1,16300.0,04/2009,2013,No
458,2,Mastercard,Credit,5430681770747921,04/2024,594,YES,2,10800.0,05/2009,2010,No
459,0,Amex,Credit,398744318776089,02/2021,992,YES,2,11100.0,01/2006,2009,No
460,0,Visa,Debit (Prepaid),4971872629769691,06/2022,724,YES,3,64.0,02/2011,2011,No
461,0,Visa,Credit,4007064696917946,11/2022,478,YES,1,17300.0,03/2004,2007,No
461,1,Mastercard,Credit,5282316108928795,04/2023,378,YES,1,13900.0,03/2014,2014,No
461,2,Mastercard,Debit,5739342319047051,02/2020,749,YES,2,23807.0,05/2012,2012,No
461,3,Visa,Debit (Prepaid),4025636893394293,06/2021,112,NO,2,140.0,07/2017,2017,No
461,4,Mastercard,Debit,5969443034028028,12/2024,783,YES,2,26329.0,08/2015,2015,No
461,5,Mastercard,Debit,5572820991241224,09/2023,178,NO,1,25224.0,07/2010,2011,No
462,0,Discover,Credit,6276276211895289,12/2020,681,YES,2,8500.0,08/2012,2012,No
462,1,Visa,Credit,4690211102957031,06/2023,820,NO,1,11200.0,02/2005,2009,No
462,2,Mastercard,Debit,5309046764363183,01/2013,336,YES,2,14576.0,06/2008,2011,No
462,3,Visa,Credit,4668940576231188,04/2021,310,YES,1,9000.0,05/2009,2009,No
462,4,Visa,Debit,4937598275581336,06/2020,557,YES,1,21409.0,02/2020,2020,No
463,0,Mastercard,Debit,5722539468448178,03/2014,567,YES,2,7406.0,04/2009,2014,No
463,1,Visa,Credit,4318814007161209,03/2016,388,YES,2,3300.0,10/2009,2010,No
463,2,Mastercard,Credit,5436428996800938,11/2023,845,YES,1,7300.0,10/2008,2010,No
463,3,Visa,Debit,4811603557913131,10/2024,994,YES,1,4386.0,09/2010,2016,No
464,0,Visa,Credit,4165611178865695,07/2023,388,YES,1,13000.0,12/2010,2012,No
464,1,Mastercard,Debit,5318873508559141,04/2020,125,YES,2,14418.0,02/2000,2005,No
464,2,Mastercard,Debit,5390794078159439,07/2022,644,YES,2,9120.0,05/2009,2013,No
465,0,Visa,Debit,4240386642532591,02/2013,460,YES,1,11588.0,05/2006,2008,No
465,1,Mastercard,Credit,5529087189553039,10/2023,242,NO,1,7500.0,09/2011,2011,No
465,2,Visa,Debit,4874991494846383,09/2011,140,YES,2,18042.0,08/2011,2011,No
466,0,Mastercard,Debit,5208237598527230,08/2018,261,YES,2,13694.0,11/2017,2017,No
466,1,Mastercard,Debit,5198979610127128,04/2021,198,YES,2,15849.0,08/2001,2009,No
466,2,Visa,Debit,4557993037807765,06/2024,133,YES,1,16566.0,08/2005,2009,No
466,3,Discover,Credit,6626432321225878,04/2012,326,YES,1,10400.0,12/2009,2009,No
467,0,Mastercard,Credit,5222647370028655,02/2020,719,YES,1,9200.0,02/2020,2020,No
467,1,Mastercard,Debit,5809837164960502,02/2020,924,YES,2,17967.0,02/2020,2020,No
467,2,Amex,Credit,396462574931667,01/2021,620,YES,2,8400.0,01/2020,2020,No
468,0,Mastercard,Debit,5422957944601642,09/2024,948,YES,1,14168.0,01/2020,2020,No
468,1,Visa,Debit,4123194661733540,06/2020,64,YES,1,3149.0,02/2020,2020,No
469,0,Mastercard,Debit,5782529755084769,04/2023,269,YES,1,13161.0,02/2020,2020,No
470,0,Visa,Credit,4754358973470963,09/2020,373,YES,2,11700.0,02/2004,2008,No
470,1,Mastercard,Debit,5027764290591247,01/2019,566,YES,1,17678.0,02/2017,2017,No
470,2,Visa,Debit (Prepaid),4326629340318761,04/2020,522,YES,1,81.0,09/2015,2015,No
470,3,Mastercard,Debit,5305887216431015,01/2023,421,YES,2,26231.0,07/2017,2017,No
471,0,Visa,Credit,4856130775211817,11/2021,465,YES,1,7700.0,03/2017,2017,No
471,1,Visa,Credit,4665143171978631,08/2022,867,YES,1,6800.0,11/2006,2009,No
471,2,Mastercard,Debit,5937799398015248,03/2023,923,YES,2,736.0,03/2010,2015,No
472,0,Visa,Debit (Prepaid),4060923248609933,08/2018,596,YES,1,96.0,10/2012,2012,No
472,1,Mastercard,Debit,5310596598623892,04/2017,141,NO,1,14977.0,10/2015,2015,No
472,2,Visa,Debit,4341345706839092,04/2023,273,YES,1,13162.0,02/2020,2020,No
472,3,Visa,Debit,4623542302475012,11/2019,482,YES,2,17649.0,09/2013,2013,No
472,4,Visa,Debit,4494703150961667,02/2021,363,YES,1,10538.0,11/2011,2011,No
472,5,Mastercard,Credit,5605519998768278,02/2022,522,YES,2,10500.0,11/2007,2011,No
472,6,Mastercard,Debit (Prepaid),5315223005212889,11/2020,984,YES,2,74.0,01/2007,2010,No
473,0,Visa,Debit,4374159186975002,02/2018,407,YES,1,39441.0,10/2002,2008,No
473,1,Mastercard,Debit,5253617024037347,11/2022,224,YES,2,27720.0,05/2016,2016,No
473,2,Amex,Credit,376110023635089,05/2023,593,YES,1,20800.0,04/2011,2013,No
473,3,Visa,Credit,4309882951597541,10/2022,139,YES,2,5300.0,04/2017,2017,No
474,0,Visa,Debit (Prepaid),4634294164066043,01/2023,50,NO,1,65.0,01/2001,2007,No
475,0,Visa,Debit,4252420197645247,08/2021,661,YES,2,20182.0,02/2020,2020,No
475,1,Visa,Credit,4729190647946641,01/2020,219,YES,2,8700.0,01/2020,2020,No
476,0,Visa,Credit,4272312295078550,05/2020,575,YES,1,23300.0,01/2020,2020,No
476,1,Visa,Debit,4159082277360922,02/2020,566,YES,1,8989.0,01/2020,2020,No
477,0,Mastercard,Debit,5227469913438853,02/2024,788,YES,1,41816.0,02/2020,2020,No
477,1,Visa,Debit,4669977836863167,03/2020,452,YES,1,16202.0,01/2020,2020,No
477,2,Visa,Debit,4339544686242558,10/2020,141,YES,2,39457.0,06/2014,2014,No
478,0,Visa,Credit,4346937080498804,09/2024,769,YES,3,7900.0,06/2009,2009,No
479,0,Mastercard,Credit,5603668323038217,01/2023,118,YES,2,7400.0,02/2006,2008,No
479,1,Mastercard,Debit (Prepaid),5677571318458572,08/2023,426,YES,2,107.0,06/2018,2018,No
480,0,Visa,Debit (Prepaid),4910699106963260,03/2021,36,YES,1,24.0,04/2001,2009,No
481,0,Visa,Debit,4129256843458775,08/2022,936,YES,2,88743.0,06/2004,2010,No
481,1,Visa,Credit,4008696033204121,02/2023,124,NO,1,57200.0,01/1999,2011,No
481,2,Discover,Credit,6822627615926082,08/2022,344,NO,1,2500.0,05/2014,2014,No
481,3,Mastercard,Debit,5843025504634580,12/2009,568,YES,1,151223.0,08/2004,2009,No
481,4,Visa,Credit,4860334220798378,02/2020,146,YES,1,61100.0,01/2008,2010,No
482,0,Mastercard,Debit,5250625336912959,04/2022,326,YES,1,26960.0,07/2006,2010,No
482,1,Visa,Debit,4295691183724130,12/2022,78,YES,1,16531.0,12/2011,2011,No
482,2,Mastercard,Debit (Prepaid),5918296616309874,05/2024,983,YES,1,69.0,04/2013,2013,No
482,3,Mastercard,Debit,5051979533646210,08/2021,72,YES,1,14054.0,12/2016,2016,No
482,4,Mastercard,Credit,5175842699412235,12/2024,438,YES,1,9100.0,09/2005,2015,No
483,0,Mastercard,Debit (Prepaid),5366433748394946,02/2020,959,YES,3,74.0,01/2020,2020,No
484,0,Visa,Credit,4260588104283621,06/2024,646,YES,2,23000.0,10/2016,2016,No
484,1,Visa,Credit,4328913170467623,09/2024,875,YES,2,21900.0,10/2010,2013,No
484,2,Mastercard,Credit,5856087823647751,02/2020,101,YES,2,11200.0,01/2018,2018,No
485,0,Visa,Debit,4918920924597941,12/2020,463,YES,1,22676.0,11/2008,2012,No
486,0,Visa,Debit (Prepaid),4099931530727553,02/2022,393,YES,1,65.0,06/2009,2009,No
486,1,Discover,Credit,6749467984713176,08/2010,619,YES,2,12000.0,08/2007,2012,No
486,2,Visa,Debit,4141516913053061,05/2020,962,YES,1,20723.0,03/2007,2013,No
486,3,Mastercard,Credit,5158289509346685,01/2023,32,YES,2,11500.0,05/2007,2007,No
486,4,Discover,Credit,6676808854553552,04/2021,65,YES,2,7300.0,12/1991,2009,No
487,0,Amex,Credit,300105541992311,07/2010,939,NO,1,14400.0,10/2006,2010,No
487,1,Mastercard,Credit,5263770459718869,10/2021,775,YES,2,14200.0,06/2016,2016,No
487,2,Visa,Debit,4642596554799017,06/2020,494,YES,1,18818.0,07/2003,2008,No
487,3,Visa,Debit,4197307053098795,02/2022,125,YES,1,20509.0,09/2005,2007,No
487,4,Visa,Debit,4171435281156177,01/2023,914,YES,1,17510.0,09/2002,2008,No
488,0,Visa,Debit,4510409231872101,06/2024,704,YES,1,3335.0,10/1998,2012,No
488,1,Mastercard,Debit,5804171060704037,02/2020,104,YES,2,4598.0,12/2003,2017,No
488,2,Visa,Credit,4015655705133748,01/2020,144,YES,2,4900.0,01/2012,2012,No
488,3,Mastercard,Debit,5955617938111739,08/2013,483,YES,2,18498.0,10/2004,2010,No
489,0,Visa,Debit,4801908937828143,02/2024,380,YES,2,7312.0,05/2007,2008,No
489,1,Mastercard,Debit,5064601983715345,06/2024,589,YES,2,34799.0,04/2009,2014,No
489,2,Visa,Debit,4826493105617247,04/2021,588,YES,2,19882.0,02/1999,2010,No
489,3,Visa,Debit (Prepaid),4787366069867365,12/2019,787,YES,2,57.0,12/2010,2017,No
490,0,Visa,Debit,4860568003530350,06/2005,137,YES,1,14383.0,03/2003,2011,No
490,1,Visa,Debit,4699453860223857,12/2005,654,NO,1,20666.0,09/2000,2011,No
490,2,Mastercard,Credit,5708794034518412,04/2024,59,NO,1,8600.0,09/2010,2012,No
490,3,Mastercard,Credit,5882977035145192,10/2021,491,YES,2,11400.0,09/2013,2013,No
490,4,Mastercard,Debit,5229188034672607,12/2012,135,YES,2,19695.0,07/2012,2012,No
490,5,Visa,Debit,4061173043608031,05/2021,265,YES,1,16578.0,12/2000,2010,No
491,0,Visa,Credit,4489171973874626,09/2020,973,YES,2,8700.0,10/2014,2014,No
491,1,Mastercard,Credit,5004215911399097,01/2022,811,YES,1,10600.0,11/2004,2013,No
491,2,Mastercard,Debit,5079585270593856,02/2021,606,YES,1,12925.0,01/2006,2010,No
491,3,Mastercard,Debit,5364046151913832,10/1997,969,YES,2,906.0,09/1994,2013,No
492,0,Mastercard,Credit,5118544604271729,01/2023,774,YES,1,11600.0,01/2020,2020,No
492,1,Amex,Credit,315010583302267,06/2021,201,YES,2,10700.0,09/2017,2017,No
492,2,Mastercard,Debit,5023279394330752,02/2022,976,NO,1,42142.0,02/2009,2010,No
493,0,Mastercard,Credit,5947629329454123,02/2020,571,YES,1,4000.0,02/2020,2020,No
494,0,Amex,Credit,398280185520858,11/2015,89,YES,2,7200.0,02/2015,2015,No
494,1,Mastercard,Debit,5611435574657615,02/2023,150,YES,2,13019.0,01/2013,2013,No
494,2,Visa,Debit,4401126536336200,11/2023,42,YES,1,16647.0,07/2016,2016,No
494,3,Mastercard,Debit,5060522440059037,02/2017,556,YES,1,12247.0,12/2009,2009,No
495,0,Mastercard,Debit (Prepaid),5683429952038146,02/2020,101,YES,1,23.0,01/2020,2020,No
495,1,Visa,Debit (Prepaid),4412629636683083,05/2024,282,YES,1,91.0,01/2020,2020,No
495,2,Mastercard,Debit (Prepaid),5887279363070093,02/2020,119,YES,2,77.0,02/2020,2020,No
496,0,Visa,Debit,4802532694603491,03/2021,868,YES,1,82677.0,02/2020,2020,No
496,1,Visa,Credit,4190870670928435,07/2023,928,YES,2,23400.0,01/2020,2020,No
496,2,Mastercard,Debit,5040077771754434,01/2020,475,YES,1,72868.0,01/2020,2020,No
497,0,Visa,Debit,4479936453853477,09/2024,793,NO,2,15029.0,09/2003,2007,No
497,1,Visa,Credit,4131571170230452,05/2021,738,YES,1,9700.0,07/2009,2013,No
497,2,Mastercard,Debit,5531150587815560,12/2023,428,YES,2,6847.0,12/2009,2009,No
497,3,Mastercard,Credit,5291527325386659,07/2022,396,YES,2,4800.0,03/2003,2011,No
497,4,Mastercard,Debit,5482406481344925,02/2022,332,YES,1,17294.0,08/2002,2010,No
498,0,Visa,Credit,4159886669620519,11/2012,693,YES,3,0.0,11/2012,2012,No
499,0,Mastercard,Debit,5024268740137327,10/2024,738,YES,2,5857.0,10/2004,2007,No
499,1,Mastercard,Debit,5778350556346106,01/2023,199,YES,2,17536.0,10/2003,2010,No
499,2,Mastercard,Debit (Prepaid),5559733534356395,09/2020,153,YES,2,61.0,07/2007,2016,No
500,0,Amex,Credit,371903508360130,04/2024,251,YES,1,13300.0,10/2008,2014,No
500,1,Mastercard,Debit,5905896056968976,05/2022,924,YES,1,34278.0,03/2001,2010,No
500,2,Mastercard,Debit,5844997309688106,10/2007,563,YES,2,38235.0,08/2004,2016,No
500,3,Visa,Debit,4719754046419733,09/2024,990,NO,2,1587.0,07/2010,2013,No
500,4,Visa,Debit,4594555086793748,10/2022,454,YES,2,28156.0,04/2010,2010,No
501,0,Visa,Credit,4591747777139073,05/2022,694,NO,1,6500.0,11/2006,2018,No
501,1,Mastercard,Debit,5592784175875657,10/2012,692,YES,2,4324.0,12/2011,2011,No
501,2,Visa,Debit,4495057265994448,01/2022,846,YES,2,1112.0,06/2010,2010,No
502,0,Visa,Credit,4461982939631759,02/2020,706,YES,1,19600.0,02/2020,2020,No
502,1,Visa,Debit,4086265157159129,05/2023,965,YES,2,15182.0,04/2007,2009,No
502,2,Visa,Credit,4813172947971800,05/2017,550,YES,1,14200.0,08/2012,2012,No
502,3,Mastercard,Debit,5393830319691225,08/2022,765,YES,1,30065.0,05/2001,2011,No
503,0,Visa,Credit,4254314337252554,05/2022,597,NO,1,10600.0,02/2020,2020,No
503,1,Visa,Debit,4792077988071121,08/2020,969,YES,1,39764.0,11/2013,2013,No
503,2,Mastercard,Debit,5546499017389142,10/2023,468,YES,1,27208.0,07/2008,2008,No
503,3,Mastercard,Debit,5498290106887759,03/2016,927,NO,1,29637.0,03/2010,2010,No
503,4,Mastercard,Debit,5969016640971734,02/2020,625,YES,1,24442.0,02/2020,2020,No
503,5,Mastercard,Debit,5805455899430052,09/2024,461,YES,2,28390.0,04/2008,2008,No
504,0,Amex,Credit,398921295633424,01/2024,659,YES,2,6600.0,09/2014,2014,No
504,1,Mastercard,Debit,5922157962642456,10/2007,869,YES,1,11510.0,08/1999,2011,No
504,2,Mastercard,Credit,5840051343792983,06/2012,650,YES,1,6400.0,09/2006,2011,No
504,3,Discover,Credit,6129847719830710,08/2024,972,YES,1,1800.0,01/2006,2007,No
505,0,Visa,Credit,4509891646969778,03/2024,503,YES,2,1500.0,01/2005,2009,No
505,1,Visa,Debit,4836727908429089,01/2020,314,YES,1,14813.0,01/2020,2020,No
506,0,Mastercard,Debit,5215629197170613,12/2020,502,YES,2,40176.0,05/2005,2009,No
507,0,Amex,Credit,377759808724051,10/2023,360,YES,1,10300.0,01/2006,2013,No
507,1,Visa,Credit,4373234712011855,01/2020,735,YES,2,4400.0,02/2011,2011,No
507,2,Visa,Debit,4251519859550278,04/2019,637,YES,2,15878.0,08/2006,2008,No
508,0,Visa,Credit,4812870507989207,06/2020,393,YES,2,8500.0,07/2015,2015,No
508,1,Mastercard,Debit,5610324213392857,10/2023,951,YES,2,18022.0,01/2020,2020,No
508,2,Mastercard,Debit,5542638681640102,06/2016,555,YES,1,19597.0,06/2010,2010,No
508,3,Visa,Debit,4365836294015490,09/2021,569,YES,1,51504.0,12/2010,2010,No
509,0,Visa,Debit,4823239404534030,10/2021,123,YES,2,28717.0,01/2005,2014,No
509,1,Amex,Credit,335477025007820,11/2021,741,NO,1,7100.0,10/2006,2006,No
509,2,Mastercard,Debit,5405712448987535,06/2020,515,NO,1,27974.0,09/2003,2012,No
510,0,Mastercard,Debit,5713915813035539,12/2022,155,NO,2,6629.0,10/2007,2008,No
510,1,Mastercard,Debit,5554873957809710,03/2024,511,YES,2,2093.0,11/2007,2015,No
510,2,Visa,Debit,4170871321743414,09/2023,676,YES,2,27053.0,07/2011,2011,No
510,3,Mastercard,Debit,5870786595656028,05/2023,221,YES,2,15800.0,06/2002,2012,No
511,0,Visa,Debit,4178535461392083,05/2015,804,YES,1,20699.0,05/2002,2008,No
511,1,Visa,Debit,4671850635889899,11/2020,859,YES,2,31662.0,04/2012,2012,No
511,2,Mastercard,Credit,5219123186357731,06/2023,5,YES,1,18900.0,12/2010,2011,No
511,3,Visa,Credit,4135829985251308,11/2006,69,YES,2,14200.0,10/2006,2010,No
511,4,Mastercard,Debit,5434239693376748,12/2022,501,YES,2,25292.0,12/2013,2013,No
511,5,Mastercard,Debit,5483162440698414,03/2023,973,YES,1,19299.0,02/2020,2020,No
511,6,Visa,Debit,4815904170762930,03/2017,581,YES,2,27215.0,08/2007,2010,No
512,0,Mastercard,Debit,5461068745624979,04/2012,47,YES,2,10934.0,07/2006,2015,No
513,0,Mastercard,Credit,5831265252494760,04/2015,530,YES,2,20300.0,11/2009,2010,No
513,1,Amex,Credit,364958962386268,10/2012,140,YES,2,9700.0,10/1999,2007,No
513,2,Visa,Debit (Prepaid),4237846626072618,08/2023,204,NO,2,87.0,06/2006,2006,No
514,0,Visa,Credit,4365828013345605,02/2023,945,YES,2,11700.0,02/2013,2013,No
514,1,Mastercard,Debit,5577607865497293,12/2024,463,YES,2,16460.0,04/2010,2010,No
514,2,Visa,Debit,4602472596754075,04/2023,588,YES,1,27036.0,08/2019,2019,No
515,0,Amex,Credit,343796888595234,06/2020,130,YES,2,3100.0,11/2011,2011,No
515,1,Visa,Debit,4686786422368480,08/2021,648,YES,1,21757.0,01/2011,2011,No
515,2,Visa,Debit,4584216972557578,07/2021,880,YES,2,15925.0,08/2007,2007,No
515,3,Amex,Credit,335015591165588,12/2019,916,YES,1,10100.0,05/2007,2016,No
516,0,Mastercard,Debit,5198483282511111,07/2022,392,YES,2,20660.0,07/2018,2018,No
516,1,Visa,Debit,4470355925741360,05/2022,231,YES,1,18301.0,02/2010,2010,No
516,2,Visa,Credit,4118885453058690,05/2011,419,YES,2,14200.0,11/2010,2018,No
517,0,Visa,Debit,4475380884726150,06/2024,972,YES,1,24230.0,12/2009,2011,No
517,1,Visa,Debit,4304585079155855,10/2013,340,YES,1,19636.0,01/2013,2013,No
517,2,Mastercard,Debit (Prepaid),5000846807980564,07/2024,345,YES,3,102.0,02/2018,2018,No
517,3,Mastercard,Debit,5655027232477390,09/2022,848,YES,2,21218.0,10/2018,2018,No
517,4,Visa,Debit,4602706416826257,03/2021,862,YES,2,27066.0,09/2018,2018,No
517,5,Mastercard,Debit,5180082121310715,06/2016,148,YES,2,19723.0,07/2006,2010,No
518,0,Visa,Debit,4906910670363168,12/2020,443,YES,2,21990.0,02/2020,2020,No
518,1,Mastercard,Debit,5037135277339675,11/2021,719,YES,2,26251.0,01/2020,2020,No
519,0,Visa,Debit,4815588963693440,04/2022,752,NO,2,14614.0,02/2015,2015,No
519,1,Visa,Credit,4239689640583423,11/2022,10,YES,1,12800.0,04/2001,2003,No
519,2,Mastercard,Debit,5965680471968381,02/2006,491,YES,2,17897.0,02/2000,2013,No
519,3,Visa,Credit,4023269244492110,06/2024,413,YES,1,8700.0,02/2020,2020,No
520,0,Amex,Credit,388335286539294,09/2021,695,YES,2,19500.0,09/2005,2007,No
520,1,Mastercard,Debit,5418596356337176,06/2015,899,YES,1,24111.0,03/2015,2015,No
520,2,Mastercard,Debit,5930575507132281,06/2023,751,YES,1,34839.0,10/2015,2015,No
520,3,Mastercard,Credit,5293527173763220,04/2023,542,YES,1,12800.0,06/2010,2012,No
521,0,Mastercard,Credit,5073085904399854,10/2021,19,YES,2,9600.0,11/2004,2011,No
521,1,Visa,Debit,4046787704522231,04/2022,654,YES,2,15112.0,07/2005,2016,No
521,2,Mastercard,Credit,5539431041002735,09/2024,932,YES,2,11100.0,01/2020,2020,No
521,3,Visa,Debit,4488660162981931,06/2023,852,YES,1,14295.0,02/2010,2010,No
522,0,Mastercard,Credit,5618482408174959,02/2020,793,YES,1,5400.0,01/2020,2020,No
523,0,Mastercard,Debit,5792661772040761,10/2023,862,YES,2,18092.0,01/2010,2015,No
523,1,Mastercard,Debit,5446646218200600,12/2022,473,YES,2,23244.0,11/2007,2007,No
524,0,Visa,Debit,4886036634951653,04/2023,841,YES,1,12639.0,08/2012,2012,No
524,1,Mastercard,Debit,5208111902646302,12/2021,143,YES,1,13482.0,07/2014,2014,No
524,2,Mastercard,Debit,5683051566552763,03/2024,924,YES,1,13022.0,05/2010,2010,No
524,3,Mastercard,Debit,5024398810633935,02/2020,575,NO,2,23999.0,04/2014,2014,No
525,0,Visa,Debit,4388509355512107,01/2020,52,YES,2,12837.0,05/2001,2013,No
525,1,Mastercard,Debit,5133994303927341,07/2012,12,YES,1,25177.0,06/2007,2012,No
525,2,Visa,Credit,4999872563975234,01/2006,258,YES,1,18800.0,05/2004,2011,No
526,0,Visa,Credit,4012239673381945,03/2020,960,YES,2,3900.0,04/2014,2014,No
527,0,Discover,Credit,6491563889949652,02/2023,834,YES,2,7200.0,01/2020,2020,No
528,0,Mastercard,Debit,5040046262063377,12/2024,731,YES,2,11749.0,06/2003,2015,No
528,1,Mastercard,Debit (Prepaid),5361683790644838,01/2021,225,YES,1,77.0,09/2004,2011,No
529,0,Visa,Debit,4239806874218454,11/2011,564,YES,2,86262.0,10/2011,2011,No
529,1,Visa,Debit,4546418791213683,06/2010,955,YES,1,92939.0,02/2004,2011,No
529,2,Visa,Debit,4025546651211985,02/2024,741,YES,2,64613.0,01/2019,2019,No
530,0,Visa,Debit,4576325893639027,02/2020,8,YES,2,27305.0,02/2020,2020,No
531,0,Visa,Debit,4816684331004039,01/2023,757,YES,1,24546.0,08/2008,2010,No
531,1,Mastercard,Debit,5313945757861658,09/2018,764,YES,1,25121.0,01/2018,2018,No
531,2,Discover,Credit,6733959530204171,09/2022,878,YES,1,17000.0,07/2001,2018,No
531,3,Visa,Credit,4506945480857983,05/2023,476,YES,2,6800.0,10/2013,2013,No
531,4,Mastercard,Credit,5891397747740840,12/2013,198,YES,2,15100.0,08/2011,2011,No
532,0,Mastercard,Credit,5479226934776678,09/2013,276,YES,1,14300.0,07/2008,2008,No
532,1,Amex,Credit,340213655737651,11/2024,108,YES,2,8800.0,02/2015,2015,No
533,0,Visa,Credit,4073585160932951,05/2023,635,YES,2,4100.0,05/2012,2012,No
533,1,Amex,Credit,354919576312722,08/2021,795,YES,1,9500.0,08/2008,2016,No
533,2,Mastercard,Credit,5569011066508197,06/2010,780,YES,1,8500.0,07/2006,2011,No
534,0,Visa,Debit,4699690787956736,05/2023,5,NO,2,21741.0,02/2020,2020,No
534,1,Visa,Debit,4748742930224055,09/2020,974,YES,1,1741.0,02/2020,2020,No
535,0,Mastercard,Debit (Prepaid),5941982171557637,04/2021,756,YES,2,74.0,02/2020,2020,No
535,1,Visa,Credit,4224965156816542,02/2024,389,NO,1,8700.0,02/2020,2020,No
535,2,Mastercard,Debit (Prepaid),5515026771729881,03/2024,311,YES,1,63.0,01/2020,2020,No
536,0,Amex,Credit,371624685132627,10/2022,297,YES,2,18400.0,01/2010,2015,No
536,1,Visa,Credit,4682031333555589,12/2022,219,YES,2,9700.0,04/2019,2019,No
536,2,Mastercard,Credit,5437152511733314,01/2022,853,YES,1,13800.0,07/2009,2017,No
536,3,Visa,Credit,4518067619451768,06/2020,429,YES,2,0.0,06/2009,2011,No
537,0,Visa,Debit,4422198494122153,10/2020,852,YES,2,22501.0,02/2010,2010,No
538,0,Visa,Debit,4680510288921428,09/2013,217,YES,2,25307.0,09/2012,2012,No
538,1,Visa,Debit,4414800408438414,06/2020,833,YES,1,23401.0,10/2008,2011,No
538,2,Mastercard,Debit,5039380212110238,07/2020,830,YES,1,34385.0,01/2016,2016,No
539,0,Visa,Debit,4201603557566123,01/2023,380,YES,2,15485.0,10/2004,2010,No
539,1,Mastercard,Debit,5903118148557393,11/2022,939,NO,3,14156.0,01/2007,2018,No
539,2,Visa,Credit,4433520087348350,11/2021,303,YES,2,12400.0,09/2014,2014,No
539,3,Mastercard,Debit,5653383391642965,05/2024,280,YES,2,14850.0,09/2012,2012,No
540,0,Mastercard,Debit,5639527120868397,10/2023,126,YES,1,25093.0,07/2002,2006,No
541,0,Mastercard,Debit,5283951994405151,01/2020,201,NO,1,19991.0,01/2020,2020,No
542,0,Mastercard,Debit (Prepaid),5876773249686695,09/2022,942,YES,2,29.0,01/2020,2020,No
543,0,Visa,Debit,4786571889403869,08/2023,592,YES,2,28422.0,02/2020,2020,No
543,1,Visa,Credit,4061205624693615,02/2020,148,YES,1,10100.0,02/2020,2020,No
543,2,Mastercard,Debit (Prepaid),5565765822212471,12/2023,119,YES,2,40.0,08/2008,2018,No
544,0,Visa,Debit,4566018104845496,08/2020,490,YES,1,12589.0,01/2009,2011,No
544,1,Visa,Debit,4997480551334716,09/2023,51,YES,2,11885.0,03/2013,2013,No
544,2,Mastercard,Debit,5572601780823600,03/2024,642,YES,1,18820.0,07/2003,2008,No
545,0,Visa,Debit,4101200741078800,06/2020,810,YES,2,8562.0,09/2006,2008,No
545,1,Visa,Debit,4153032185259106,05/2022,614,YES,1,5933.0,11/2007,2009,No
545,2,Visa,Debit (Prepaid),4227171668701156,10/2024,319,YES,2,33.0,06/2002,2018,No
545,3,Mastercard,Debit,5465784735932043,08/2021,490,YES,1,10764.0,06/2005,2007,No
546,0,Mastercard,Credit,5448351633948320,06/2020,592,YES,1,8900.0,02/2020,2020,No
546,1,Visa,Debit,4778187080028211,01/2024,74,YES,2,6781.0,11/2011,2011,No
546,2,Visa,Debit,4514571438412414,01/2020,377,YES,2,12116.0,01/2020,2020,No
547,0,Mastercard,Debit,5962105909908856,08/2021,615,YES,2,21131.0,02/2007,2007,No
547,1,Mastercard,Debit,5977475805952055,06/2015,815,YES,2,13383.0,04/2015,2015,No
547,2,Mastercard,Debit (Prepaid),5491556655486869,05/2023,226,YES,1,58.0,09/2010,2010,No
548,0,Discover,Credit,6375330614788153,02/2021,523,YES,2,14600.0,12/2002,2008,No
549,0,Amex,Credit,356226851008135,01/2020,792,NO,1,6600.0,01/2020,2020,No
549,1,Visa,Debit,4128926575959194,06/2020,827,YES,1,23806.0,05/1999,2008,No
549,2,Visa,Debit,4840372814737208,11/2022,357,YES,2,17082.0,01/2004,2011,No
549,3,Mastercard,Debit,5573468131965566,09/2024,258,YES,1,16422.0,11/2007,2011,No
549,4,Mastercard,Debit,5566429737412055,04/2024,6,YES,1,15353.0,09/2007,2011,No
549,5,Mastercard,Debit (Prepaid),5570187893542298,07/2024,610,YES,1,66.0,07/2018,2018,No
550,0,Mastercard,Debit,5360341319255168,07/2024,985,YES,2,7221.0,01/2020,2020,No
550,1,Visa,Debit,4892181339731576,07/2022,846,YES,2,21032.0,02/2020,2020,No
551,0,Mastercard,Credit,5437743244958188,09/2022,676,YES,1,11900.0,01/2020,2020,No
551,1,Visa,Debit,4064511982908640,02/2020,861,YES,2,15328.0,01/2020,2020,No
552,0,Mastercard,Debit,5593047322938366,02/2020,697,YES,1,15023.0,01/2011,2011,No
552,1,Mastercard,Credit,5027469645306341,03/2023,841,YES,2,8500.0,10/2008,2008,No
552,2,Mastercard,Debit,5260164218460494,12/2014,234,YES,2,17667.0,07/2010,2011,No
552,3,Visa,Debit,4891248998438646,04/2023,860,YES,2,20549.0,01/2006,2007,No
552,4,Mastercard,Debit,5998541932516719,11/2009,863,YES,1,1738.0,02/1999,2007,No
553,0,Visa,Debit,4933381182408329,11/2020,961,YES,1,34013.0,11/2012,2012,No
553,1,Mastercard,Debit,5896188747962564,12/2022,194,YES,1,38290.0,07/2014,2014,No
553,2,Mastercard,Debit,5429242008081571,12/2018,151,YES,1,17718.0,12/2009,2010,No
553,3,Mastercard,Debit,5485368757971908,01/2020,442,NO,1,25878.0,09/2003,2009,No
553,4,Mastercard,Debit,5771106543332286,03/2013,600,YES,1,22858.0,05/2008,2010,No
554,0,Mastercard,Debit,5035566276017342,09/2024,348,NO,1,19913.0,12/2007,2010,No
555,0,Mastercard,Debit,5146721520853896,06/2022,597,YES,1,18648.0,02/2020,2020,No
556,0,Mastercard,Debit,5622888585637629,01/2023,818,YES,1,9676.0,06/2000,2009,No
556,1,Visa,Credit,4090651468730805,07/2024,347,YES,2,4900.0,07/2002,2004,No
556,2,Visa,Debit (Prepaid),4015493899295533,04/2023,455,YES,1,62.0,02/2011,2011,No
556,3,Mastercard,Debit,5331374110302611,08/2020,392,YES,1,17957.0,06/2014,2014,No
556,4,Mastercard,Credit,5120155075854705,10/2023,69,YES,2,13100.0,07/2008,2008,No
557,0,Discover,Credit,6907469862919142,01/2021,78,YES,1,10700.0,09/2006,2017,No
557,1,Amex,Credit,397876125303268,04/2022,283,YES,1,14400.0,11/2016,2016,No
557,2,Amex,Credit,320874983741928,08/2021,637,YES,1,20400.0,09/2005,2016,No
557,3,Mastercard,Debit,5216119435076209,12/2024,938,YES,2,1816.0,08/2005,2009,No
557,4,Amex,Credit,388894604011447,11/2009,475,YES,2,2200.0,05/2004,2008,No
558,0,Visa,Credit,4477205451217988,01/2020,510,YES,2,4600.0,08/2004,2011,No
559,0,Visa,Debit (Prepaid),4832425456568319,12/2022,771,YES,2,91.0,04/2003,2015,No
559,1,Mastercard,Credit,5573356132288877,02/2024,39,NO,2,14400.0,04/2012,2012,No
559,2,Visa,Debit,4990883053108043,09/2007,717,YES,1,18647.0,02/2005,2007,No
559,3,Visa,Credit,4205703038691363,10/2020,715,YES,1,18100.0,08/2005,2008,No
559,4,Mastercard,Debit (Prepaid),5452849951871914,04/2020,510,YES,2,35.0,06/2009,2009,No
560,0,Visa,Debit,4798004786727366,04/2023,439,YES,1,19079.0,02/2020,2020,No
561,0,Visa,Debit,4146173833591127,02/2020,127,YES,1,10686.0,01/2020,2020,No
561,1,Visa,Debit,4170284395296715,02/2021,886,YES,2,30000.0,02/2020,2020,No
562,0,Visa,Debit,4908013395790270,07/2021,30,YES,1,41221.0,07/2003,2011,No
562,1,Mastercard,Debit,5565610768898340,07/2024,214,YES,1,29170.0,03/2005,2006,No
562,2,Discover,Credit,6194011434705938,04/2022,513,YES,3,19800.0,11/2007,2011,No
562,3,Visa,Credit,4227790214165429,04/2022,326,YES,2,14500.0,05/2002,2007,No
563,0,Mastercard,Credit,5449971634656595,06/2024,172,YES,2,12200.0,09/2015,2015,No
564,0,Mastercard,Debit,5726263807352663,03/2022,675,YES,2,1500.0,02/2006,2018,No
564,1,Visa,Credit,4367416449267714,08/2014,163,NO,1,13700.0,06/2001,2005,No
564,2,Mastercard,Debit,5103357334539485,09/2023,3,YES,2,15895.0,01/2020,2020,No
565,0,Visa,Credit,4989332552056925,04/2020,250,YES,1,3000.0,02/2020,2020,No
566,0,Mastercard,Debit,5657550046539675,06/2021,692,YES,1,1470.0,04/2008,2008,No
566,1,Visa,Credit,4590969585932290,12/2023,836,YES,2,5500.0,12/2005,2010,No
567,0,Visa,Debit,4320531705592796,12/2021,275,YES,2,4326.0,02/2020,2020,No
567,1,Visa,Credit,4713354839986613,05/2023,290,YES,2,13600.0,02/2020,2020,No
567,2,Mastercard,Debit,5083490519087277,01/2022,232,YES,1,37002.0,01/2020,2020,No
568,0,Visa,Debit,4460024958657540,01/2020,704,YES,2,9562.0,09/2008,2011,No
569,0,Mastercard,Debit,5872752390879513,09/2020,772,YES,1,18244.0,07/2012,2012,No
569,1,Visa,Debit (Prepaid),4662000840694246,09/2023,924,YES,2,81.0,09/2015,2015,No
569,2,Amex,Credit,375953550153829,12/2022,888,YES,1,13700.0,01/2003,2017,No
569,3,Mastercard,Credit,5225763870748438,06/2020,627,YES,1,6000.0,12/2008,2010,No
569,4,Mastercard,Debit,5543346867967379,11/2024,275,YES,1,16409.0,05/1998,2008,No
569,5,Visa,Debit,4601299602284616,03/2022,652,YES,2,15822.0,09/2006,2009,No
570,0,Mastercard,Debit,5238065973168619,09/2023,266,YES,2,1447.0,12/2004,2010,No
570,1,Mastercard,Credit,5187091395766799,05/2020,843,YES,3,6600.0,07/2006,2010,No
571,0,Visa,Credit,4603076242608163,10/2009,377,YES,1,15700.0,07/2006,2011,No
571,1,Mastercard,Debit,5588067020596088,01/2021,208,YES,2,26704.0,06/2018,2018,No
572,0,Mastercard,Debit,5686575699244488,12/2024,666,YES,2,43033.0,04/2007,2013,No
573,0,Discover,Credit,6658549025356902,02/2024,578,YES,1,5800.0,02/2020,2020,No
573,1,Visa,Credit,4609674436334775,07/2023,820,YES,1,6900.0,01/2020,2020,No
574,0,Mastercard,Debit,5027291418907395,02/2022,118,YES,1,17432.0,10/2001,2014,No
575,0,Mastercard,Debit,5937648730770388,12/2024,903,YES,1,34453.0,05/2014,2014,No
575,1,Mastercard,Credit,5892514772578316,04/2023,771,YES,1,14800.0,08/2003,2018,No
575,2,Visa,Debit,4750687309919007,02/2021,667,YES,1,2603.0,10/2005,2012,No
575,3,Mastercard,Debit,5409845888265723,10/2023,832,YES,2,11568.0,03/2006,2008,No
576,0,Visa,Debit,4848394515179455,01/2024,918,YES,1,35943.0,06/2001,2009,No
576,1,Discover,Credit,6504367247289968,01/2019,580,YES,1,13600.0,04/2011,2011,No
576,2,Mastercard,Debit,5964535277999798,03/2022,245,YES,2,8671.0,12/2007,2009,No
577,0,Visa,Debit,4479897458047272,12/2024,411,YES,1,24498.0,06/2012,2012,No
578,0,Visa,Debit,4270283600301122,09/2020,51,YES,1,21751.0,10/2008,2008,No
578,1,Mastercard,Debit,5324796450432106,11/2022,746,YES,3,18021.0,03/2009,2009,No
578,2,Visa,Debit,4510686870861755,01/2023,713,YES,2,7830.0,09/2005,2010,No
579,0,Mastercard,Debit,5345290500556939,12/2021,888,YES,2,17980.0,03/2007,2007,No
579,1,Visa,Credit,4659755318123494,01/2024,764,YES,2,9000.0,09/2006,2008,No
579,2,Mastercard,Debit,5357793088955286,07/2012,544,YES,1,16034.0,11/2004,2013,No
579,3,Mastercard,Debit,5625327420318301,12/2022,428,YES,2,323.0,07/2003,2009,No
579,4,Visa,Debit,4607469261117911,06/2021,388,YES,1,6611.0,07/2008,2008,No
580,0,Mastercard,Debit,5592976284572731,06/2023,696,YES,1,14231.0,10/2002,2010,No
580,1,Visa,Credit,4897415542074817,01/2019,363,YES,1,11400.0,10/2009,2009,No
580,2,Visa,Credit,4533131033936549,10/2021,612,YES,2,5900.0,02/2005,2009,No
581,0,Visa,Debit,4711994375142426,04/2022,577,YES,1,3915.0,09/2010,2010,No
581,1,Mastercard,Debit,5898219587988129,08/2022,295,YES,2,8882.0,06/2009,2015,No
581,2,Mastercard,Debit,5673609398481611,02/2020,990,YES,1,1218.0,08/2011,2012,No
581,3,Visa,Debit,4071490746118665,07/2020,498,YES,1,12057.0,01/2011,2018,No
582,0,Visa,Debit,4310420575646294,01/2023,18,YES,2,13435.0,08/2005,2008,No
582,1,Mastercard,Debit,5863102770923374,03/2024,62,NO,2,13055.0,05/2010,2010,No
582,2,Mastercard,Debit (Prepaid),5659519661095769,10/2020,634,YES,2,85.0,03/2009,2011,No
583,0,Visa,Credit,4934996934968532,04/2021,547,YES,3,1200.0,01/2002,2011,No
583,1,Visa,Credit,4331814593567425,01/2023,448,YES,2,10500.0,03/2002,2010,No
583,2,Amex,Credit,383176667828985,10/2021,459,YES,2,9300.0,08/2004,2008,No
583,3,Mastercard,Debit,5603296596869732,06/2021,386,YES,1,14056.0,12/2006,2008,No
584,0,Mastercard,Debit,5303411542373680,10/2023,305,YES,1,2001.0,02/2010,2018,No
585,0,Mastercard,Debit (Prepaid),5536825392398622,11/2024,829,YES,1,80.0,01/2020,2020,No
585,1,Mastercard,Credit,5736136415216037,02/2020,332,YES,1,19500.0,02/2020,2020,No
586,0,Mastercard,Debit,5179703588055807,01/2022,41,YES,1,14797.0,02/2020,2020,No
586,1,Visa,Debit,4263037313230472,04/2021,719,YES,1,14420.0,01/2020,2020,No
587,0,Mastercard,Credit,5250335239588576,02/2020,728,YES,2,13600.0,02/2020,2020,No
588,0,Mastercard,Debit,5302369835874378,09/2024,368,YES,2,3013.0,07/2006,2006,No
588,1,Mastercard,Debit,5277210517488881,05/2024,589,YES,1,22304.0,12/2009,2010,No
588,2,Visa,Debit,4654267845248719,10/2021,929,YES,3,30242.0,01/2008,2013,No
588,3,Visa,Debit,4048588745318463,07/2019,741,YES,1,12948.0,10/2008,2008,No
589,0,Mastercard,Debit,5677329350701316,10/2020,768,YES,1,20695.0,02/2020,2020,No
589,1,Mastercard,Debit,5708163356892632,01/2020,148,YES,2,23716.0,01/2020,2020,No
589,2,Visa,Debit,4172298033102508,05/2020,477,YES,1,17223.0,02/2020,2020,No
590,0,Mastercard,Debit (Prepaid),5954988204081791,11/2015,200,YES,2,49.0,09/2006,2010,No
591,0,Visa,Debit,4705406456208642,04/2022,542,YES,2,19792.0,05/2011,2011,No
591,1,Visa,Debit (Prepaid),4751613092399340,09/2024,600,YES,2,76.0,05/2011,2011,No
591,2,Mastercard,Debit,5176023312287835,10/2023,444,YES,1,19811.0,08/2013,2013,No
591,3,Mastercard,Debit,5737557443858194,11/2020,462,YES,2,17602.0,06/2011,2011,No
591,4,Mastercard,Debit (Prepaid),5709040626294728,04/2021,579,YES,1,96.0,11/2007,2011,No
592,0,Mastercard,Credit,5571567914533589,01/2023,845,YES,2,36900.0,02/2020,2020,No
593,0,Visa,Debit,4772137298381087,02/2020,231,YES,2,14263.0,02/2020,2020,No
593,1,Mastercard,Debit,5458281950154231,02/2020,671,YES,2,3013.0,02/2020,2020,No
593,2,Mastercard,Debit,5171844589281134,12/2023,998,YES,2,17789.0,01/2020,2020,No
594,0,Mastercard,Debit,5128558439499170,03/2021,199,YES,1,7184.0,12/2012,2012,No
594,1,Visa,Debit (Prepaid),4891182896802218,05/2022,936,YES,1,62.0,11/2005,2007,No
594,2,Mastercard,Credit,5252814681308258,03/2023,635,YES,2,8300.0,08/2004,2018,No
595,0,Visa,Credit,4024411952428035,04/2022,865,YES,1,11900.0,02/2010,2014,No
595,1,Visa,Credit,4472564488537917,12/2018,194,NO,2,2000.0,07/2010,2010,No
595,2,Mastercard,Debit,5869951817550274,09/2023,672,YES,2,12827.0,08/2014,2014,No
595,3,Mastercard,Credit,5933265709179136,09/2010,730,YES,1,10800.0,04/2008,2012,No
595,4,Visa,Debit,4093356206877400,06/2021,202,YES,1,8400.0,06/2007,2008,No
595,5,Visa,Credit,4650428198678080,10/2011,741,YES,2,6700.0,08/2011,2011,No
596,0,Mastercard,Debit,5188366223912130,10/2021,649,YES,2,13417.0,01/2008,2008,No
597,0,Visa,Debit (Prepaid),4745512667212883,10/2021,371,YES,2,60.0,04/2008,2009,No
597,1,Visa,Credit,4361942024605018,03/2021,649,YES,1,10300.0,05/2003,2016,No
597,2,Amex,Credit,353041795366517,06/2021,896,YES,2,4900.0,02/2020,2020,No
598,0,Visa,Debit,4772324802242471,12/2015,104,YES,2,9073.0,08/2008,2012,No
598,1,Visa,Debit,4222966508731552,07/2023,816,YES,2,19635.0,05/2007,2018,No
598,2,Visa,Debit,4748375055768054,02/2020,425,YES,1,21207.0,02/2007,2007,No
598,3,Visa,Credit,4468355695964457,12/2023,955,YES,1,14000.0,10/2002,2008,No
598,4,Discover,Credit,6771746312163081,11/2012,841,NO,1,14400.0,09/2003,2011,No
599,0,Mastercard,Debit (Prepaid),5811487719571767,06/2020,355,YES,1,72.0,02/2020,2020,No
599,1,Visa,Credit,4838655730073777,01/2021,654,YES,1,24600.0,01/2007,2011,No
599,2,Mastercard,Debit,5154620986833691,05/2022,7,YES,1,43289.0,05/2005,2017,No
599,3,Mastercard,Debit,5249989431095315,02/2024,844,YES,2,16475.0,04/2008,2009,No
599,4,Amex,Credit,355983307821258,10/2023,647,NO,2,14600.0,01/2015,2015,No
600,0,Mastercard,Debit (Prepaid),5070468758051891,01/2020,783,YES,2,28.0,01/2020,2020,No
601,0,Mastercard,Credit,5045264762203417,12/2022,83,NO,1,12600.0,09/2010,2012,No
601,1,Mastercard,Debit,5231421564510111,01/2017,865,YES,2,15416.0,01/2006,2014,No
601,2,Amex,Credit,305358883388381,02/2020,712,YES,2,7100.0,08/2018,2018,No
601,3,Visa,Credit,4321088757745040,05/2023,450,YES,2,16200.0,04/2008,2013,No
602,0,Mastercard,Debit,5345514962286662,02/2020,181,YES,1,17689.0,11/2006,2006,No
602,1,Mastercard,Debit,5122535818803524,11/2020,15,NO,1,18090.0,02/2013,2013,No
602,2,Visa,Debit,4125650435743087,09/2024,385,NO,1,16080.0,07/2018,2018,No
602,3,Mastercard,Debit,5971222369856302,08/2024,849,NO,1,17599.0,05/2016,2016,No
603,0,Mastercard,Debit,5950930953873248,11/2023,808,YES,2,12224.0,12/2005,2006,No
604,0,Mastercard,Debit,5548555538116203,09/2024,20,YES,1,8998.0,01/2020,2020,No
604,1,Mastercard,Debit,5975842385182413,09/2024,596,YES,2,10726.0,06/2014,2014,No
604,2,Visa,Credit,4001128847479532,02/2020,545,YES,1,6300.0,02/2020,2020,No
604,3,Discover,Credit,6256655285791156,01/2020,723,YES,2,4400.0,03/2015,2015,No
605,0,Mastercard,Debit,5983963364999906,03/2020,398,YES,2,18089.0,12/2005,2013,No
605,1,Mastercard,Debit,5267464048631434,04/2020,482,YES,1,10683.0,03/2006,2009,No
605,2,Visa,Credit,4993554379679385,05/2021,872,YES,1,14600.0,07/2014,2014,No
605,3,Mastercard,Debit (Prepaid),5654819097107073,01/2019,842,YES,1,94.0,01/2018,2018,No
605,4,Mastercard,Debit,5396886931773520,08/2024,7,YES,1,27308.0,02/2014,2014,No
605,5,Visa,Credit,4638912192601829,01/2022,730,YES,1,17900.0,07/2008,2008,No
606,0,Visa,Debit,4710368677781819,12/2022,979,YES,1,26410.0,05/2008,2011,No
606,1,Visa,Credit,4668652753651992,10/2011,262,YES,2,28600.0,07/2005,2011,No
606,2,Mastercard,Debit,5861641374361784,10/2019,253,YES,2,41057.0,03/2006,2010,No
606,3,Visa,Debit,4769992479242564,08/2012,572,YES,2,3864.0,05/2010,2015,No
607,0,Amex,Credit,360626221519170,06/2022,933,YES,1,8400.0,02/2020,2020,No
607,1,Visa,Debit,4357425484787569,05/2022,368,YES,1,5024.0,12/2011,2012,No
607,2,Visa,Debit,4026093953102401,09/2023,100,YES,2,10607.0,02/2020,2020,No
607,3,Visa,Credit,4908479439696234,12/2017,597,YES,1,0.0,10/2012,2012,No
608,0,Mastercard,Credit,5048637026282696,09/2015,671,YES,2,10500.0,08/2014,2014,No
609,0,Mastercard,Debit,5986665930699666,12/2021,654,YES,2,19185.0,01/2020,2020,No
610,0,Visa,Credit,4382384960777396,05/2020,622,NO,2,7100.0,01/2008,2011,No
610,1,Mastercard,Credit,5890992850865874,08/2014,901,YES,1,4000.0,05/2014,2014,No
610,2,Mastercard,Debit,5197434740318528,08/2023,239,NO,2,12708.0,06/2008,2008,No
611,0,Amex,Credit,391180215396039,02/2022,329,YES,2,4400.0,01/2016,2016,No
611,1,Visa,Debit,4875181033970231,01/2020,251,YES,1,16017.0,05/2013,2013,No
612,0,Mastercard,Debit,5860197030769935,08/2024,281,YES,2,2066.0,01/2020,2020,No
613,0,Mastercard,Debit,5640702051187580,05/2020,931,YES,1,16320.0,12/2011,2011,No
613,1,Visa,Debit,4992803371205194,12/2023,569,YES,2,13060.0,08/2012,2012,No
613,2,Amex,Credit,302014253634948,03/2022,649,YES,2,8900.0,02/2008,2015,No
613,3,Visa,Debit,4630099263440870,06/2021,412,YES,2,10517.0,08/2010,2014,No
613,4,Mastercard,Debit,5374280583814639,12/2024,56,NO,2,13245.0,06/2010,2012,No
614,0,Mastercard,Debit (Prepaid),5446800304569122,01/2023,445,YES,1,90.0,11/2002,2009,No
614,1,Mastercard,Debit (Prepaid),5156265505747462,12/2023,637,YES,1,72.0,04/2018,2018,No
614,2,Visa,Debit,4294953678019554,04/2013,826,YES,1,18280.0,05/2008,2011,No
614,3,Mastercard,Credit,5146321258920935,11/2021,990,NO,1,13600.0,04/2003,2012,No
615,0,Visa,Debit,4992900043507941,05/2021,759,YES,1,12778.0,05/2005,2010,No
615,1,Mastercard,Debit,5105306234690030,07/2021,820,YES,1,12917.0,07/2013,2013,No
615,2,Mastercard,Credit,5313764903937416,08/2007,767,YES,2,6000.0,01/2004,2010,No
615,3,Visa,Debit,4700657272928284,06/2023,777,YES,2,8874.0,06/2002,2012,No
615,4,Visa,Debit,4580268631896002,09/2015,809,YES,2,4322.0,07/2009,2013,No
615,5,Mastercard,Debit,5489321492149951,05/2024,649,YES,1,9219.0,07/2005,2008,No
615,6,Mastercard,Debit,5465749251061861,09/2021,326,YES,1,6088.0,11/2001,2005,No
616,0,Amex,Credit,357520397345697,01/2022,371,YES,2,20800.0,02/2020,2020,No
616,1,Visa,Credit,4346868490904984,11/2020,171,YES,2,12700.0,02/2020,2020,No
616,2,Visa,Debit (Prepaid),4656354454428696,02/2020,733,YES,2,76.0,02/2020,2020,No
617,0,Mastercard,Debit,5044033311360211,04/2012,274,YES,2,12760.0,06/2007,2009,No
617,1,Discover,Credit,6303613152539126,09/2021,328,YES,1,3600.0,10/2014,2014,No
617,2,Mastercard,Debit,5986920336497205,09/2023,114,NO,2,15894.0,06/2010,2010,No
618,0,Visa,Credit,4041948266255615,09/2020,531,YES,2,11500.0,02/2020,2020,No
618,1,Visa,Debit,4632545212498675,08/2023,330,YES,2,21439.0,10/2017,2017,No
619,0,Mastercard,Debit,5000065227125905,10/2018,388,YES,1,32165.0,11/2006,2014,No
619,1,Mastercard,Debit,5750094419099846,09/2024,433,YES,2,12346.0,07/1998,2006,No
620,0,Mastercard,Credit,5445638120890628,10/2021,265,YES,2,13500.0,06/2004,2014,No
620,1,Visa,Credit,4633191730342522,07/2023,779,YES,2,12700.0,03/2014,2014,No
620,2,Visa,Debit,4578081011383131,01/2024,45,YES,1,29335.0,02/2020,2020,No
621,0,Visa,Debit,4044839537020410,07/2023,113,YES,1,16962.0,05/2005,2010,No
621,1,Mastercard,Debit,5468915979157794,05/2007,571,YES,2,17007.0,06/2006,2009,No
622,0,Mastercard,Debit,5551364240063147,02/2021,192,YES,1,43673.0,07/2010,2011,No
622,1,Mastercard,Debit,5309902802047025,02/2020,972,YES,1,43973.0,12/2017,2017,No
622,2,Mastercard,Debit,5293051567146083,05/2018,166,YES,1,28069.0,08/2015,2015,No
622,3,Mastercard,Debit,5795853820688586,11/2023,426,YES,1,30366.0,10/2009,2009,No
623,0,Visa,Debit,4063551913220532,05/2020,737,YES,2,1241.0,04/2005,2014,No
624,0,Mastercard,Debit (Prepaid),5899056864789405,01/2020,49,YES,1,70.0,04/2010,2010,No
624,1,Visa,Debit,4695324850759951,08/2022,519,YES,1,60610.0,03/2008,2008,No
624,2,Mastercard,Debit,5384665641390052,05/2022,508,YES,1,50961.0,08/2008,2010,No
624,3,Visa,Debit,4913546275337010,10/2020,412,YES,1,31896.0,08/2014,2014,No
624,4,Amex,Credit,368846035942355,10/2013,144,YES,1,30500.0,10/2006,2007,No
624,5,Amex,Credit,304049639672368,10/2015,923,YES,2,19300.0,11/2010,2010,No
624,6,Mastercard,Credit,5782316964774499,06/2006,758,YES,1,24600.0,02/2003,2013,No
625,0,Amex,Credit,324324340319414,07/2016,548,YES,1,15700.0,05/2007,2013,No
625,1,Visa,Debit (Prepaid),4980389315137738,08/2022,222,YES,2,22.0,10/1999,2016,No
625,2,Visa,Credit,4455799501123948,05/2007,651,YES,1,3100.0,03/2004,2011,No
625,3,Visa,Debit,4211342868154020,04/2019,108,YES,1,42241.0,06/2011,2012,No
625,4,Visa,Debit,4126791237469970,07/2020,502,YES,1,25497.0,12/2000,2012,No
625,5,Mastercard,Debit,5545501337471546,02/2020,42,YES,1,28188.0,02/2020,2020,No
625,6,Visa,Credit,4763707007052282,04/2020,329,NO,2,14300.0,03/2005,2012,No
626,0,Mastercard,Debit,5297814036761845,11/2020,436,YES,2,12035.0,01/2020,2020,No
627,0,Mastercard,Credit,5332016559235674,02/2020,171,YES,2,10800.0,02/2020,2020,No
627,1,Mastercard,Debit,5427056152561933,05/2020,439,NO,1,16332.0,04/2016,2016,No
628,0,Visa,Debit,4114452714679730,12/2021,613,YES,2,6724.0,10/2009,2011,No
628,1,Mastercard,Debit,5607772753172564,12/2023,609,YES,2,20933.0,06/2000,2014,No
629,0,Mastercard,Debit,5905311924160314,08/2020,400,YES,1,25253.0,03/2008,2008,No
629,1,Visa,Debit,4175483090792339,04/2021,147,YES,2,13202.0,02/2011,2011,No
629,2,Mastercard,Debit (Prepaid),5368860011761099,03/2020,207,YES,2,78.0,03/2015,2015,No
629,3,Mastercard,Debit,5700569085858753,01/2021,37,YES,1,16441.0,05/2005,2008,No
630,0,Mastercard,Credit,5114662442047901,02/2021,247,YES,2,7200.0,01/2020,2020,No
631,0,Mastercard,Debit,5904516440918627,09/2023,838,YES,1,8342.0,09/2007,2009,No
631,1,Mastercard,Credit,5873879871800491,09/2021,895,YES,2,5700.0,01/2020,2020,No
632,0,Visa,Credit,4813468957928983,03/2020,563,YES,1,14300.0,04/2010,2010,No
632,1,Visa,Debit,4782359944930749,06/2024,12,NO,1,17252.0,04/2013,2013,No
632,2,Mastercard,Credit,5049713217655208,07/2023,980,YES,1,11900.0,09/2009,2012,No
633,0,Mastercard,Debit,5064803986712494,01/2022,477,YES,1,10445.0,08/2010,2010,No
633,1,Mastercard,Debit (Prepaid),5101374030372418,05/2011,237,YES,1,73.0,08/2010,2010,No
633,2,Visa,Debit,4438751767989238,05/2022,781,YES,1,17319.0,09/2008,2010,No
634,0,Visa,Credit,4623909080454335,02/2020,314,YES,2,9400.0,11/2016,2016,No
634,1,Discover,Credit,6244344461424370,04/2015,414,YES,2,8900.0,05/2011,2014,No
634,2,Mastercard,Debit,5543479633732955,04/2021,192,YES,2,9324.0,11/2008,2009,No
634,3,Visa,Debit,4023733457618418,01/2024,3,YES,2,8834.0,07/2008,2017,No
634,4,Mastercard,Debit,5998143511839617,05/2022,174,YES,1,8304.0,05/2009,2013,No
634,5,Visa,Credit,4715738219735937,07/2023,643,YES,1,10900.0,06/2009,2009,No
635,0,Visa,Credit,4249186321078698,03/2014,613,YES,2,9300.0,02/2000,2006,No
635,1,Mastercard,Debit,5505908551325322,09/2012,646,YES,1,10946.0,05/2012,2012,No
636,0,Mastercard,Debit,5950513884296124,02/2020,729,YES,2,24576.0,02/2020,2020,No
637,0,Visa,Credit,4417056929607717,10/2017,693,YES,2,12500.0,09/2007,2013,No
637,1,Mastercard,Debit (Prepaid),5694461259251008,01/2024,86,YES,2,40.0,08/2008,2009,No
637,2,Mastercard,Debit,5620106433417052,11/2024,339,YES,2,21408.0,08/2010,2015,No
638,0,Mastercard,Debit,5403500140212676,02/2020,642,NO,1,9433.0,02/2004,2009,No
638,1,Amex,Credit,345938557402151,11/2020,382,YES,2,7400.0,06/2004,2006,No
639,0,Mastercard,Debit,5538497557105107,02/2020,247,YES,1,34858.0,02/2020,2020,No
639,1,Visa,Debit,4184962720948425,02/2020,526,NO,1,28147.0,02/2020,2020,No
640,0,Mastercard,Debit,5640299040746333,08/2022,259,YES,1,13857.0,01/2020,2020,No
640,1,Mastercard,Debit,5995738761199496,09/2021,674,YES,2,10236.0,02/2020,2020,No
641,0,Mastercard,Credit,5300090302126885,04/2024,94,YES,1,15700.0,07/2006,2010,No
641,1,Mastercard,Debit,5438397481754732,05/2021,868,YES,2,25080.0,01/2007,2012,No
641,2,Mastercard,Debit,5477335030821502,06/2012,801,YES,2,31604.0,04/2008,2014,No
641,3,Mastercard,Credit,5445191857932855,10/2015,194,YES,2,5600.0,07/2013,2013,No
641,4,Mastercard,Debit,5179089621739035,03/2022,274,YES,1,16220.0,11/2014,2014,No
641,5,Mastercard,Debit,5984945879573910,11/2021,289,YES,1,44568.0,05/2009,2011,No
641,6,Mastercard,Credit,5301525411053274,07/2012,424,YES,2,12500.0,01/2009,2009,No
641,7,Mastercard,Credit,5972887381229032,04/2015,441,YES,2,12200.0,09/2009,2009,No
642,0,Visa,Debit,4771614681971768,06/2021,353,YES,2,27220.0,02/2020,2020,No
642,1,Mastercard,Debit,5109840055437737,12/2024,456,YES,2,14303.0,02/2020,2020,No
643,0,Visa,Debit,4434350524306826,08/2020,920,YES,2,10289.0,06/2013,2013,No
643,1,Mastercard,Debit,5206347664104995,06/2019,337,YES,2,10618.0,02/2009,2009,No
643,2,Mastercard,Debit,5554817119459376,05/2010,894,YES,2,10909.0,06/2009,2009,No
644,0,Visa,Debit,4973656988526728,02/2023,703,YES,2,31554.0,02/2010,2010,No
645,0,Visa,Debit,4600575353397286,02/2020,105,YES,1,35148.0,01/2020,2020,No
645,1,Mastercard,Debit,5638793020721462,02/2020,531,YES,2,35968.0,07/2012,2012,No
645,2,Amex,Credit,343245906110440,07/2022,728,YES,1,30900.0,05/2010,2016,No
646,0,Visa,Debit,4745291753757744,12/2017,291,YES,1,22122.0,10/2015,2015,No
646,1,Mastercard,Debit,5391562008232881,01/2023,139,YES,1,21240.0,09/2004,2006,No
646,2,Visa,Debit,4114185411174504,07/2023,606,YES,2,33181.0,09/2013,2013,No
646,3,Visa,Credit,4971073775593251,11/2016,354,YES,2,13900.0,06/2008,2008,No
647,0,Visa,Debit,4891475179534976,12/2018,326,YES,2,18316.0,04/2017,2017,No
647,1,Visa,Debit,4047431792511852,05/2024,615,YES,1,14858.0,06/2016,2016,No
647,2,Visa,Debit,4167964897226165,10/2022,954,YES,1,21414.0,11/2007,2008,No
647,3,Discover,Credit,6443318322155670,07/2021,518,YES,1,14900.0,09/2010,2010,No
647,4,Mastercard,Debit,5400865230848610,06/2020,591,YES,1,12992.0,07/2007,2015,No
648,0,Mastercard,Credit,5954521242015508,02/2020,394,YES,1,8300.0,08/2008,2013,No
648,1,Mastercard,Debit (Prepaid),5376758306260437,04/2011,26,YES,1,56.0,03/2004,2008,No
648,2,Visa,Debit,4952408792507245,09/2023,78,YES,2,5283.0,03/2008,2010,No
648,3,Discover,Credit,6669631772050778,03/2012,182,YES,2,10600.0,03/2005,2008,No
649,0,Mastercard,Debit,5795511997395934,03/2023,987,YES,1,5158.0,01/2020,2020,No
650,0,Visa,Debit,4778924908010471,02/2021,656,YES,1,30320.0,08/2018,2018,No
650,1,Mastercard,Credit,5895121423095414,11/2022,726,YES,1,14200.0,02/2008,2011,No
650,2,Visa,Debit,4417507914154983,03/2021,178,YES,1,28911.0,04/2004,2011,No
651,0,Mastercard,Debit,5098630896285808,04/2023,18,YES,2,65185.0,02/2020,2020,No
651,1,Mastercard,Debit,5369522792349411,08/2022,597,YES,1,36570.0,12/2019,2019,No
652,0,Mastercard,Debit,5815399624686166,12/2006,896,YES,1,14138.0,12/2006,2011,No
653,0,Visa,Debit,4515472056993650,06/2020,464,YES,1,21752.0,02/2020,2020,No
653,1,Visa,Debit,4009703334177340,06/2020,922,YES,2,23137.0,01/2020,2020,No
654,0,Visa,Debit,4212985133165351,01/2021,884,YES,1,32808.0,11/2006,2012,No
655,0,Mastercard,Debit,5961241054000885,02/2020,108,NO,1,29674.0,01/2020,2020,No
656,0,Visa,Credit,4000393241453107,10/2021,408,YES,2,24300.0,10/2003,2007,No
657,0,Visa,Debit,4900806445604257,01/2024,23,YES,2,17280.0,11/2003,2014,No
657,1,Visa,Debit,4287822159932211,11/2022,878,YES,2,4660.0,08/2010,2013,No
657,2,Mastercard,Debit,5175111743032898,03/2011,151,YES,2,12557.0,01/2008,2013,No
658,0,Visa,Debit,4643473532096411,03/2024,281,YES,2,49425.0,11/2014,2014,No
658,1,Mastercard,Debit,5696951093879559,02/2024,206,YES,1,47330.0,07/2013,2013,No
658,2,Mastercard,Debit,5317790276482208,02/2020,205,YES,2,50774.0,07/2012,2012,No
658,3,Amex,Credit,364780102699868,12/2022,611,YES,1,22800.0,03/2008,2008,No
658,4,Mastercard,Debit,5036311337651630,12/2009,979,YES,2,75640.0,11/2003,2009,No
658,5,Visa,Debit,4463424589377220,12/2024,763,YES,1,65540.0,05/2007,2012,No
659,0,Visa,Debit,4157877736359764,09/2023,927,YES,2,16998.0,02/2020,2020,No
660,0,Visa,Credit,4520782324393284,02/2023,938,YES,2,12300.0,01/2020,2020,No
660,1,Visa,Credit,4483016880530879,05/2021,825,NO,1,17100.0,02/2020,2020,No
661,0,Mastercard,Debit,5279503639469023,02/2020,613,YES,2,23039.0,01/2010,2010,No
661,1,Mastercard,Debit,5279484044685392,04/2023,166,YES,1,17795.0,01/2012,2012,No
661,2,Mastercard,Credit,5958667117657314,12/2022,906,YES,2,9000.0,03/2009,2011,No
661,3,Visa,Debit,4850099627830735,05/2008,361,YES,1,14424.0,11/2007,2010,No
661,4,Visa,Credit,4367249512395505,08/2022,956,YES,2,5700.0,07/2009,2011,No
661,5,Mastercard,Debit,5219693851377223,12/2014,164,NO,1,14626.0,07/2014,2014,No
662,0,Visa,Credit,4720586956662009,01/2023,320,YES,1,200.0,02/2012,2012,No
662,1,Mastercard,Debit,5470825522118885,07/2021,682,YES,1,282.0,12/2007,2009,No
662,2,Mastercard,Debit,5573795199148995,12/2019,547,YES,2,350.0,03/2005,2011,No
663,0,Mastercard,Debit,5937904364088537,08/2020,832,NO,2,42537.0,09/2010,2010,No
663,1,Visa,Debit,4968168260037253,05/2021,607,YES,1,21073.0,11/2007,2011,No
664,0,Amex,Credit,356719617570025,05/2022,536,YES,1,14600.0,02/2020,2020,No
664,1,Mastercard,Debit,5416703809937284,10/2024,938,YES,2,10722.0,02/2020,2020,No
665,0,Visa,Debit,4095066683929908,02/2024,892,NO,2,27618.0,02/2020,2020,No
665,1,Mastercard,Debit,5118587392070717,04/2020,847,YES,1,27180.0,09/2011,2011,No
666,0,Mastercard,Debit,5421616899749760,01/2020,724,YES,2,10522.0,01/2020,2020,No
667,0,Mastercard,Debit,5346072026592587,04/2020,558,NO,2,18555.0,11/2002,2011,No
667,1,Mastercard,Debit,5419562718481392,11/2020,119,NO,1,16746.0,07/2012,2012,No
667,2,Mastercard,Debit,5363296926225059,02/2018,610,YES,1,15974.0,09/2013,2013,No
668,0,Mastercard,Debit,5078628761076723,11/2024,417,YES,2,17417.0,05/2008,2009,No
668,1,Visa,Debit,4275777560156841,05/2022,497,YES,2,519.0,02/2020,2020,No
669,0,Mastercard,Credit,5128363217409052,07/2009,544,YES,1,11500.0,12/2005,2013,No
669,1,Visa,Credit,4544634327077881,08/2022,761,YES,1,10100.0,07/2010,2011,No
669,2,Mastercard,Debit,5220458045937942,08/2014,915,YES,2,26174.0,10/2010,2011,No
669,3,Visa,Credit,4851388792432581,02/2024,137,YES,2,16400.0,03/2001,2011,No
670,0,Visa,Credit,4667535072590504,09/2020,606,YES,1,8000.0,02/2020,2020,No
670,1,Visa,Credit,4664728417615626,11/2021,869,YES,2,9800.0,01/2020,2020,No
670,2,Mastercard,Debit,5974986702403547,09/2021,939,YES,1,24645.0,02/2015,2015,No
670,3,Visa,Debit,4535668224287785,12/2018,691,YES,2,14805.0,12/2018,2018,No
671,0,Visa,Credit,4508583693612523,01/2019,224,NO,1,3100.0,09/2006,2006,No
672,0,Mastercard,Debit,5101946899181167,03/2024,990,YES,2,6710.0,04/2005,2013,No
672,1,Mastercard,Debit,5438809137996738,03/2018,668,YES,2,7176.0,06/2002,2012,No
672,2,Visa,Credit,4307361097049954,08/2021,775,YES,2,8000.0,03/2003,2008,No
673,0,Mastercard,Debit (Prepaid),5026167712266475,09/2024,271,YES,2,64.0,03/2001,2006,No
674,0,Visa,Credit,4962400888198876,09/2022,266,YES,2,16400.0,07/2009,2009,No
674,1,Mastercard,Debit,5022081495088085,10/2022,893,YES,2,2536.0,09/2008,2008,No
674,2,Mastercard,Debit,5009400051376027,11/2023,417,YES,1,30403.0,02/2009,2014,No
674,3,Mastercard,Debit,5870688639058028,02/2024,916,NO,1,32636.0,09/2006,2016,No
674,4,Mastercard,Debit,5070774990129713,09/2020,210,YES,2,2536.0,05/2009,2009,No
675,0,Mastercard,Debit,5981401699297039,02/2020,754,YES,2,23072.0,05/2016,2016,No
675,1,Mastercard,Debit,5944442565470173,06/2022,246,YES,1,20881.0,11/2014,2014,No
676,0,Visa,Debit,4845063997012954,01/2021,278,YES,1,12325.0,05/2009,2009,No
676,1,Visa,Debit (Prepaid),4684695086265308,09/2022,621,YES,1,47.0,01/2004,2013,No
676,2,Visa,Debit,4731388951338396,11/2020,782,YES,2,3433.0,05/2007,2007,No
677,0,Visa,Credit,4867107450868594,05/2024,494,YES,1,16900.0,06/2005,2014,No
677,1,Visa,Debit (Prepaid),4932238574894061,01/2021,185,YES,2,31.0,10/2005,2013,No
677,2,Visa,Credit,4020990480968522,02/2024,94,YES,2,17700.0,12/2008,2011,No
677,3,Mastercard,Debit,5689380221189221,11/2016,656,NO,1,23995.0,10/2014,2014,No
677,4,Visa,Credit,4325110497566622,12/2024,658,YES,1,16900.0,05/2010,2010,No
678,0,Mastercard,Debit (Prepaid),5494077855460522,07/2013,855,NO,1,60.0,11/2012,2012,No
678,1,Visa,Credit,4295673364937234,01/2023,900,YES,1,7000.0,01/2020,2020,No
678,2,Mastercard,Debit,5513976299775159,03/2023,404,YES,2,7139.0,01/2020,2020,No
678,3,Discover,Credit,6849688773737188,03/2024,590,YES,2,5200.0,07/2011,2011,No
678,4,Mastercard,Debit,5169449886762703,09/2021,443,YES,1,10199.0,01/2020,2020,No
678,5,Mastercard,Credit,5168351147755520,02/2024,700,YES,1,9800.0,09/2009,2009,No
679,0,Mastercard,Debit,5120921074394357,05/2021,974,YES,2,21417.0,11/2010,2010,No
679,1,Mastercard,Credit,5477242500035905,07/2023,908,YES,1,14600.0,05/2011,2018,No
679,2,Visa,Debit,4410510990382780,05/2023,405,NO,2,23898.0,08/2011,2011,No
679,3,Mastercard,Credit,5677631162329488,11/2007,707,YES,2,18200.0,06/2007,2008,No
680,0,Mastercard,Debit,5649993743023413,05/2022,600,YES,2,16034.0,05/2010,2010,No
680,1,Mastercard,Debit,5034070490953227,03/2022,285,YES,2,24775.0,03/2004,2010,No
680,2,Mastercard,Debit,5079874786244954,06/2022,200,YES,2,1976.0,10/2000,2008,No
681,0,Mastercard,Credit,5786727394117638,04/2024,230,YES,2,15900.0,01/2020,2020,No
681,1,Visa,Debit,4817071694522158,06/2020,185,YES,2,27623.0,02/2010,2018,No
681,2,Mastercard,Debit,5752088223667735,12/2021,728,YES,1,17584.0,02/2020,2020,No
682,0,Mastercard,Debit,5392117170606255,03/2018,949,YES,1,56640.0,04/2013,2013,No
682,1,Visa,Debit,4250276478482515,10/2022,648,YES,1,39553.0,02/2020,2020,No
682,2,Visa,Debit,4042421261212789,10/2022,437,YES,2,42218.0,01/2020,2020,No
683,0,Mastercard,Credit,5948740039365074,05/2021,950,YES,1,21900.0,09/2012,2012,No
683,1,Visa,Credit,4462200560023808,01/2014,58,YES,2,18700.0,12/2007,2009,No
683,2,Visa,Credit,4757620010538963,02/2021,258,YES,2,29200.0,05/2000,2010,No
683,3,Discover,Credit,6894665401576471,06/2024,882,YES,1,26600.0,07/2005,2009,No
683,4,Visa,Debit,4212262433992065,10/2021,186,YES,2,17280.0,01/2006,2012,No
684,0,Visa,Debit,4264613897925474,02/2020,66,YES,1,14761.0,10/2006,2011,No
684,1,Visa,Debit,4476982543719366,08/2022,789,YES,1,15158.0,01/2014,2014,No
684,2,Visa,Debit,4761404556606276,06/2021,579,YES,1,16464.0,09/2008,2009,No
684,3,Mastercard,Debit,5157599614216847,11/2017,354,YES,2,19100.0,11/2006,2007,No
684,4,Mastercard,Debit,5162155568271005,03/2022,367,YES,1,19332.0,11/2012,2012,No
685,0,Mastercard,Debit,5028193312710761,01/2020,644,YES,2,39431.0,10/2009,2016,No
686,0,Mastercard,Credit,5801402411608920,10/2024,190,NO,1,9800.0,09/2007,2015,No
686,1,Mastercard,Debit,5946854129119703,09/2020,405,YES,1,1866.0,12/2007,2014,No
687,0,Visa,Debit (Prepaid),4856808577039430,10/2024,49,YES,1,64.0,12/2011,2011,No
687,1,Mastercard,Credit,5191953132741850,04/2021,7,YES,2,9600.0,08/2005,2013,No
687,2,Visa,Debit,4703449084120210,06/2023,540,YES,1,10000.0,03/2009,2012,No
688,0,Discover,Credit,6489729869810937,03/2021,894,YES,1,7600.0,08/2004,2011,No
688,1,Mastercard,Debit (Prepaid),5346535957222087,09/2024,883,YES,2,44.0,02/2002,2012,No
688,2,Visa,Debit,4467616812518975,10/2020,60,YES,1,12519.0,08/2007,2009,No
688,3,Mastercard,Debit,5658596727246398,02/2010,436,YES,1,4067.0,05/2004,2020,No
688,4,Visa,Debit,4353998165821083,10/2016,159,YES,2,367.0,02/2010,2015,No
688,5,Mastercard,Credit,5560819053137819,09/2017,173,YES,2,9400.0,02/2013,2013,No
689,0,Mastercard,Debit,5377432030711908,01/2022,246,YES,1,15579.0,01/2020,2020,No
690,0,Visa,Credit,4208305792316900,09/2006,135,YES,1,11500.0,10/2002,2009,No
690,1,Discover,Credit,6679312666731134,09/2021,558,NO,2,9500.0,11/2011,2011,No
690,2,Visa,Debit,4898677117108642,01/2023,802,YES,1,13356.0,02/2007,2007,No
690,3,Visa,Debit,4727180781671600,02/2020,986,YES,1,16385.0,04/2003,2011,No
691,0,Visa,Credit,4395042092797759,11/2023,115,YES,2,12500.0,01/2013,2013,No
691,1,Amex,Credit,328201278531872,05/2017,545,YES,1,13700.0,08/2009,2013,No
692,0,Mastercard,Debit,5786077092120630,10/2021,819,YES,1,37303.0,10/2008,2011,No
692,1,Visa,Credit,4700082044427658,04/2015,487,YES,1,16900.0,04/2005,2014,No
692,2,Mastercard,Debit,5171516474516120,11/2020,781,YES,2,33723.0,07/2008,2010,No
692,3,Discover,Credit,6646752478037215,09/2022,583,YES,2,14600.0,07/2015,2015,No
692,4,Mastercard,Debit,5707467948750618,03/2022,233,YES,1,38084.0,03/2009,2010,No
692,5,Visa,Credit,4920320482307224,01/2021,328,YES,2,22300.0,12/2005,2014,No
693,0,Mastercard,Debit,5789225518676865,11/2024,375,YES,2,62760.0,11/2004,2010,No
693,1,Mastercard,Debit (Prepaid),5018503647518453,06/2022,319,YES,1,62.0,06/2009,2009,No
693,2,Visa,Debit (Prepaid),4998693162966561,08/2023,839,YES,1,76.0,12/2007,2011,No
693,3,Mastercard,Debit,5932390608727778,04/2014,612,YES,1,98334.0,03/2003,2007,No
693,4,Mastercard,Debit,5681560415834998,04/2021,699,YES,2,141391.0,06/2005,2005,No
693,5,Visa,Debit,4606036624560532,07/2022,40,YES,1,78790.0,03/1997,2011,No
694,0,Mastercard,Debit,5421302444823985,09/2024,889,NO,2,15292.0,06/2008,2011,No
694,1,Mastercard,Debit,5621833591257811,10/2012,690,YES,3,11696.0,02/2008,2015,No
695,0,Amex,Credit,338538414564400,09/2024,557,YES,2,11400.0,02/2020,2020,No
695,1,Mastercard,Debit (Prepaid),5469525970132478,02/2020,372,YES,2,0.0,02/2020,2020,No
695,2,Visa,Debit,4476003414984390,01/2024,865,YES,2,10198.0,12/2010,2013,No
695,3,Visa,Credit,4231335586694007,02/2021,441,YES,1,1800.0,12/2013,2013,No
696,0,Mastercard,Debit,5751184311438390,12/2021,718,YES,1,5716.0,12/2010,2020,No
697,0,Discover,Credit,6252296592576200,05/2020,976,YES,3,22400.0,05/2004,2015,No
697,1,Mastercard,Debit,5331973058778545,09/2021,39,YES,2,16872.0,04/2006,2010,No
697,2,Visa,Debit,4566084725252874,06/2018,347,YES,2,7202.0,12/2001,2016,No
698,0,Mastercard,Debit,5190283651450153,11/2022,789,YES,1,15516.0,02/2020,2020,No
698,1,Mastercard,Debit,5392366156419139,08/2021,97,YES,1,18462.0,02/2020,2020,No
699,0,Discover,Credit,6314230753727333,08/2023,102,YES,1,7800.0,10/2005,2008,No
699,1,Mastercard,Debit (Prepaid),5890249738384583,11/2022,136,YES,2,64.0,01/2015,2015,No
699,2,Amex,Credit,374653971503597,08/2023,358,YES,2,15400.0,06/2008,2015,No
699,3,Mastercard,Debit (Prepaid),5985099169659260,02/2012,13,YES,1,12.0,10/2003,2012,No
700,0,Mastercard,Credit,5171329824996070,02/2024,23,YES,1,5900.0,02/2020,2020,No
700,1,Mastercard,Credit,5155511243348834,02/2020,151,YES,1,7900.0,05/2011,2011,No
701,0,Mastercard,Debit (Prepaid),5049338760336909,04/2022,43,NO,1,83.0,02/2020,2020,No
701,1,Mastercard,Credit,5395773293219040,04/2024,11,YES,2,6200.0,02/2020,2020,No
702,0,Mastercard,Debit,5044933895270370,04/2022,812,YES,2,2072.0,08/2010,2010,No
702,1,Mastercard,Debit,5254337924232892,07/2024,93,YES,2,10224.0,06/2010,2016,No
702,2,Visa,Debit (Prepaid),4475716128209829,11/2019,237,YES,2,49.0,10/2010,2010,No
703,0,Visa,Credit,4842107930686432,01/2022,786,YES,1,7700.0,04/2010,2010,No
703,1,Mastercard,Debit,5584705161928725,05/2023,188,YES,1,16266.0,04/2006,2007,No
703,2,Mastercard,Debit (Prepaid),5657038959779902,12/2015,742,YES,2,9.0,03/2007,2015,No
703,3,Visa,Debit,4149979947275486,02/2021,426,YES,2,5141.0,03/2010,2010,No
703,4,Visa,Credit,4612008256325596,09/2022,929,YES,1,5800.0,01/2019,2019,No
704,0,Mastercard,Debit,5230052090763944,06/2024,621,YES,2,1990.0,02/2020,2020,No
705,0,Amex,Credit,328675535875605,08/2010,66,YES,1,13900.0,10/2004,2010,No
705,1,Visa,Credit,4075750138489651,07/2022,157,YES,2,19700.0,05/2002,2011,No
705,2,Visa,Debit,4415565987469377,09/2020,811,YES,2,29740.0,12/2006,2011,No
705,3,Visa,Debit,4905345487591741,07/2023,814,YES,2,30039.0,02/1998,2010,No
706,0,Mastercard,Credit,5670831659213511,11/2020,143,YES,1,16800.0,04/2012,2012,No
706,1,Visa,Debit,4093103228262000,08/2021,507,YES,1,17010.0,12/2011,2011,No
706,2,Discover,Credit,6135310578604021,01/2014,814,YES,2,22800.0,12/2004,2016,No
707,0,Visa,Debit,4078119028995757,12/2022,754,YES,1,21086.0,05/2013,2013,No
707,1,Mastercard,Debit,5893405968354192,08/2015,336,YES,1,14531.0,06/2014,2014,No
708,0,Mastercard,Credit,5516761014693880,12/2024,683,NO,2,8900.0,09/2016,2016,No
708,1,Visa,Credit,4150285670737087,05/2013,896,YES,1,10000.0,06/2009,2016,No
709,0,Mastercard,Debit,5526459784807779,04/2022,100,YES,1,14227.0,10/2011,2012,No
709,1,Discover,Credit,6179911986106180,04/2021,135,YES,2,11200.0,11/2010,2010,No
709,2,Amex,Credit,320108465182734,02/2020,764,YES,1,9500.0,04/2007,2010,No
710,0,Visa,Credit,4477489362734994,01/2020,49,YES,1,5200.0,01/2020,2020,No
710,1,Visa,Debit (Prepaid),4476092248320971,04/2019,428,YES,1,111.0,02/2019,2019,No
711,0,Mastercard,Debit,5574826533473281,06/2021,598,YES,1,14532.0,12/2009,2020,No
711,1,Mastercard,Debit,5689403704245010,10/2024,108,YES,1,30044.0,10/2007,2011,No
712,0,Mastercard,Debit,5450745036208911,07/2021,706,YES,2,21749.0,01/2020,2020,No
712,1,Amex,Credit,372726260198911,02/2020,995,YES,2,15800.0,02/2020,2020,No
712,2,Mastercard,Debit (Prepaid),5841671678505474,07/2022,278,YES,2,22.0,01/2020,2020,No
712,3,Discover,Credit,6747626667389446,02/2020,65,YES,1,14300.0,01/2020,2020,No
713,0,Mastercard,Debit,5984546339755582,02/2024,332,YES,1,14270.0,12/2002,2014,No
714,0,Mastercard,Debit,5823990893060364,05/2011,972,YES,2,23189.0,12/2007,2008,No
714,1,Mastercard,Debit,5039643704248503,01/2021,50,YES,1,20612.0,03/2019,2019,No
714,2,Mastercard,Debit,5489350596141116,11/2021,288,YES,2,22424.0,02/2020,2020,No
714,3,Mastercard,Debit,5691295319611631,10/2019,19,YES,1,17748.0,10/2019,2019,No
715,0,Mastercard,Debit,5989917343937145,06/2022,242,YES,1,3039.0,08/2008,2008,No
716,0,Mastercard,Debit,5561480222242748,05/2020,302,YES,1,39751.0,05/2006,2007,No
716,1,Mastercard,Debit,5665263552569686,12/2015,279,YES,1,27876.0,12/2015,2015,No
716,2,Mastercard,Debit,5091620986065392,11/2023,902,YES,2,21743.0,08/2007,2007,No
716,3,Mastercard,Debit,5989681266336088,08/2023,683,YES,2,21120.0,09/2016,2016,No
716,4,Mastercard,Debit,5827454191464284,07/2020,580,YES,1,29828.0,07/2010,2011,No
717,0,Mastercard,Debit,5351854633422435,11/2021,520,NO,1,9740.0,02/2020,2020,No
718,0,Discover,Credit,6988770500713547,04/2007,936,YES,2,14600.0,03/2006,2014,No
718,1,Amex,Credit,342172377890381,04/2023,59,YES,2,1400.0,05/2005,2009,No
718,2,Mastercard,Debit,5950906892579658,03/2014,93,YES,1,18552.0,02/2014,2014,No
719,0,Mastercard,Debit,5886248864335240,02/2020,334,YES,2,14624.0,07/2011,2015,No
719,1,Amex,Credit,351994837631702,12/2022,441,YES,2,2600.0,05/2015,2015,No
719,2,Visa,Debit (Prepaid),4381421188201284,06/2022,539,YES,3,84.0,02/2020,2020,No
719,3,Visa,Debit,4770102025264543,02/2020,63,NO,1,9915.0,05/2016,2016,No
720,0,Mastercard,Debit,5071178142278668,01/2021,738,YES,2,9094.0,03/1993,2011,No
720,1,Visa,Debit,4195281570309951,12/2020,740,YES,1,16513.0,01/2007,2011,No
720,2,Discover,Credit,6270499029618526,02/2020,54,YES,1,8700.0,02/2020,2020,No
721,0,Mastercard,Debit,5411753379806538,08/2021,353,YES,1,19952.0,02/2020,2020,No
721,1,Visa,Debit,4044367850806597,11/2022,109,YES,1,17804.0,01/2020,2020,No
722,0,Mastercard,Debit,5249605791833255,08/2023,248,YES,1,33150.0,01/2020,2020,No
722,1,Mastercard,Debit (Prepaid),5078613769637212,02/2020,332,NO,1,57.0,02/2020,2020,No
722,2,Mastercard,Debit (Prepaid),5492728789081207,11/2022,819,YES,1,55.0,10/2011,2011,No
723,0,Mastercard,Debit,5207287536817619,02/2020,808,YES,2,8668.0,02/2020,2020,No
723,1,Mastercard,Credit,5141137948796470,02/2020,787,YES,2,10200.0,02/2020,2020,No
724,0,Mastercard,Debit,5370555414100106,10/2020,89,YES,1,48344.0,12/2006,2006,No
724,1,Visa,Debit,4147569007175929,07/2020,384,YES,2,25020.0,05/2011,2011,No
725,0,Mastercard,Debit,5029029711457489,09/2023,75,YES,1,19573.0,01/2016,2016,No
725,1,Visa,Credit,4983572770371790,05/2022,261,NO,2,16500.0,12/2003,2011,No
726,0,Amex,Credit,388851984396675,02/2022,934,YES,1,11000.0,02/2008,2010,No
726,1,Discover,Credit,6800970747167326,04/2022,163,YES,2,10200.0,12/1997,2011,No
726,2,Visa,Credit,4653647692892129,04/2020,933,YES,2,12800.0,07/2004,2006,No
726,3,Mastercard,Debit,5921922339179106,01/2022,885,YES,2,14029.0,09/2009,2010,No
726,4,Mastercard,Debit,5075248077516623,08/2022,860,YES,2,11641.0,05/2006,2010,No
727,0,Mastercard,Debit,5419249022493269,01/2020,523,YES,1,15568.0,01/2020,2020,No
727,1,Visa,Debit,4135630980212808,06/2022,74,YES,1,19746.0,07/2014,2014,No
727,2,Visa,Debit,4901356321424938,07/2020,92,NO,1,17682.0,02/2012,2012,No
728,0,Visa,Debit,4594854252534733,09/2021,433,YES,1,19893.0,01/2020,2020,No
728,1,Visa,Debit (Prepaid),4465883481384449,08/2024,709,YES,2,69.0,02/2020,2020,No
728,2,Mastercard,Debit,5163175843379239,10/2024,239,YES,2,21800.0,02/2020,2020,No
728,3,Visa,Debit,4337391914435657,04/2023,598,YES,2,24759.0,02/2020,2020,No
728,4,Visa,Debit,4013113950319148,08/2023,885,YES,2,644.0,01/2020,2020,No
728,5,Visa,Credit,4225269665088003,10/2021,215,YES,2,6100.0,01/2020,2020,No
729,0,Visa,Credit,4992091996146632,11/2023,627,NO,2,4400.0,07/2017,2017,No
729,1,Visa,Debit,4536417512741953,12/1999,686,YES,1,34886.0,08/1999,2010,No
729,2,Visa,Debit,4627972690876314,06/2021,920,YES,1,20779.0,01/2015,2015,No
729,3,Visa,Debit,4324511886426075,01/2020,143,YES,2,32922.0,01/2020,2020,No
729,4,Visa,Debit,4780648737008531,01/2019,156,YES,2,42491.0,05/2012,2012,No
729,5,Mastercard,Debit,5703345270711624,11/2023,711,YES,1,24550.0,08/2012,2012,No
729,6,Mastercard,Debit,5326004022460542,04/2023,904,YES,1,36309.0,05/2003,2006,No
729,7,Mastercard,Debit,5801528715979981,03/2023,805,YES,2,27817.0,10/2019,2019,No
729,8,Mastercard,Debit,5493144869722779,05/2021,307,YES,1,28912.0,11/2005,2012,No
730,0,Discover,Credit,6177133816659183,01/2020,302,YES,2,4500.0,01/2020,2020,No
730,1,Visa,Credit,4947659638273192,01/2023,695,YES,1,17500.0,01/2020,2020,No
730,2,Visa,Credit,4578018721325736,07/2023,280,YES,1,19100.0,01/2020,2020,No
730,3,Amex,Credit,394664650626942,01/2020,643,YES,1,15100.0,01/2020,2020,No
731,0,Mastercard,Debit (Prepaid),5180494711434598,03/2019,412,YES,1,66.0,10/2002,2011,No
731,1,Amex,Credit,341912249556142,06/2024,300,YES,2,13000.0,11/2009,2009,No
731,2,Visa,Debit,4592739942111814,03/2021,512,YES,2,20428.0,03/2006,2009,No
731,3,Amex,Credit,371160621699651,12/2021,521,YES,2,8600.0,12/2004,2009,No
732,0,Visa,Debit,4039295566770817,05/2021,214,YES,1,7225.0,02/2020,2020,No
732,1,Mastercard,Debit (Prepaid),5550636179517358,10/2022,671,YES,2,104.0,02/2020,2020,No
733,0,Mastercard,Debit,5301549251992552,10/2021,773,YES,1,27762.0,02/2014,2014,No
733,1,Visa,Credit,4792943022971298,11/2020,451,NO,1,9300.0,02/2020,2020,No
734,0,Mastercard,Debit (Prepaid),5650397088790791,01/2020,359,YES,2,104.0,07/2019,2019,No
734,1,Mastercard,Debit,5886374501408309,01/2019,7,YES,1,16102.0,08/2017,2017,No
734,2,Visa,Debit,4234149459347906,09/2024,314,YES,1,14995.0,10/2014,2014,No
734,3,Mastercard,Debit,5656868060475089,10/2011,891,NO,1,20998.0,11/2008,2008,No
735,0,Mastercard,Debit,5633556097120826,02/2020,849,YES,2,17846.0,02/2020,2020,No
735,1,Visa,Credit,4663448396973766,09/2021,346,YES,2,6100.0,04/2015,2015,No
735,2,Visa,Debit,4587404224170420,02/2021,289,YES,2,22077.0,01/2020,2020,No
736,0,Mastercard,Credit,5392066860810670,10/2021,353,YES,1,6900.0,09/1995,2009,No
736,1,Mastercard,Debit,5081378671244252,12/2016,401,YES,1,11679.0,10/2011,2011,No
736,2,Visa,Credit,4825820548818212,11/2024,558,YES,1,10100.0,04/2005,2013,No
737,0,Visa,Credit,4715313292165013,04/2020,370,YES,1,13400.0,01/2020,2020,No
737,1,Mastercard,Debit,5579604502736656,10/2023,799,YES,1,21792.0,09/2010,2013,No
738,0,Mastercard,Debit,5158576738638750,09/2021,196,NO,2,18856.0,01/2020,2020,No
738,1,Mastercard,Debit (Prepaid),5896024181595036,11/2021,867,YES,1,77.0,06/2018,2018,No
739,0,Mastercard,Debit,5995209262760871,04/2023,430,NO,1,33557.0,04/2007,2013,No
739,1,Mastercard,Debit (Prepaid),5638069209131411,11/2022,466,NO,1,19.0,01/2020,2020,No
740,0,Mastercard,Debit,5855558054744018,06/2023,878,YES,1,18784.0,12/2012,2012,No
740,1,Mastercard,Debit,5800056520721648,02/2021,92,YES,1,16668.0,04/2009,2009,No
740,2,Visa,Credit,4164100335475856,10/2022,338,YES,1,10300.0,09/2010,2010,No
740,3,Visa,Debit,4808036256579380,11/2017,592,YES,2,12460.0,10/2010,2010,No
741,0,Mastercard,Debit (Prepaid),5037837734992926,12/2019,383,YES,1,78.0,04/2018,2018,No
742,0,Mastercard,Credit,5506401194150443,07/2021,939,YES,3,9200.0,05/2006,2009,No
742,1,Mastercard,Debit,5546844697242389,05/2018,523,NO,2,21166.0,03/2013,2013,No
742,2,Mastercard,Debit (Prepaid),5546611218301214,03/2020,223,YES,1,61.0,07/2006,2011,No
743,0,Visa,Credit,4650382070645842,10/2022,900,YES,2,7600.0,02/2020,2020,No
744,0,Visa,Credit,4732842191322148,06/2022,847,YES,2,1100.0,02/2020,2020,No
744,1,Mastercard,Debit,5613716530357430,04/2021,405,YES,1,20576.0,01/2020,2020,No
744,2,Mastercard,Debit,5884682122700418,11/2022,856,YES,1,13254.0,11/2016,2016,No
744,3,Mastercard,Debit,5653775383513655,09/2023,867,YES,2,12887.0,02/2016,2016,No
745,0,Mastercard,Credit,5327278156671960,03/2018,105,YES,2,26800.0,02/2016,2016,No
745,1,Mastercard,Debit,5524896778714385,05/2023,673,NO,1,62861.0,09/2013,2013,No
745,2,Visa,Debit,4938580795028359,07/2015,12,NO,1,61399.0,02/2011,2011,No
746,0,Mastercard,Debit,5046881432224652,07/2013,229,YES,2,1513.0,05/2005,2008,No
746,1,Mastercard,Debit,5577172894705200,10/2020,459,YES,2,14767.0,10/2001,2012,No
747,0,Visa,Debit,4234542365249677,02/2022,25,YES,1,23781.0,04/2012,2012,No
747,1,Visa,Debit,4757706847861776,06/2008,121,YES,1,26891.0,04/2008,2010,No
747,2,Visa,Debit,4373244578328861,05/2018,827,YES,1,32285.0,12/2016,2016,No
747,3,Visa,Debit,4217828092270661,04/2021,909,YES,1,30650.0,12/2012,2012,No
747,4,Visa,Credit,4572295668772647,04/2022,795,YES,2,14200.0,01/2002,2006,No
748,0,Mastercard,Debit,5127580610063404,01/2024,797,YES,1,17612.0,09/2013,2013,No
748,1,Mastercard,Credit,5194937321345581,03/2020,811,YES,2,12200.0,11/2005,2020,No
749,0,Visa,Debit,4470881135036524,09/2020,27,NO,1,33306.0,01/2020,2020,No
750,0,Visa,Debit,4738058846626255,02/2020,717,YES,1,14149.0,02/2020,2020,No
751,0,Mastercard,Debit,5643282528177276,02/2018,475,YES,1,429.0,02/2014,2014,No
751,1,Mastercard,Credit,5421621953594431,09/2024,692,YES,2,100.0,10/2004,2004,No
751,2,Visa,Debit,4973211658227265,05/2022,524,YES,2,495.0,05/2008,2010,No
752,0,Visa,Debit,4137526666130095,03/2020,698,YES,2,18395.0,10/2013,2013,No
752,1,Mastercard,Debit,5464831011600293,09/2024,462,YES,1,21808.0,11/2010,2010,No
752,2,Mastercard,Debit,5261666772953093,01/2018,761,YES,1,39192.0,05/2013,2013,No
752,3,Mastercard,Debit,5812893386791853,07/2012,51,YES,2,14100.0,06/2003,2010,No
752,4,Mastercard,Debit,5636837846692552,04/2021,859,YES,1,15771.0,03/2013,2013,No
753,0,Visa,Debit,4412200129683784,05/2021,930,YES,2,8845.0,05/2009,2010,No
753,1,Visa,Credit,4468863439550668,05/2024,156,NO,2,10000.0,02/2020,2020,No
754,0,Visa,Credit,4756798568797972,01/2020,94,YES,2,4000.0,01/2020,2020,No
754,1,Visa,Debit,4557723574146816,04/2021,794,YES,2,27832.0,07/2014,2014,No
754,2,Amex,Credit,322743779978257,07/2024,346,YES,1,9200.0,07/2008,2011,No
754,3,Amex,Credit,312193617939506,10/2022,789,YES,2,2000.0,08/2011,2011,No
754,4,Mastercard,Debit,5321173022884498,03/2021,666,NO,1,24546.0,10/2011,2011,No
755,0,Mastercard,Credit,5916703381443047,06/2024,396,YES,1,10400.0,01/2020,2020,No
756,0,Visa,Credit,4500938920704813,11/2020,263,YES,2,1900.0,03/2017,2017,No
757,0,Visa,Debit,4468428983030588,02/2020,92,YES,1,1862.0,01/2020,2020,No
758,0,Mastercard,Debit (Prepaid),5568042569458348,04/2023,833,NO,1,80.0,08/2010,2010,No
758,1,Visa,Debit (Prepaid),4642421771052120,01/2022,909,YES,1,65.0,03/2007,2010,No
758,2,Mastercard,Debit (Prepaid),5175412661393752,08/2023,399,NO,1,62.0,09/2012,2012,No
758,3,Visa,Debit,4075087878669701,05/2023,818,YES,2,13515.0,06/2015,2015,No
759,0,Visa,Debit,4011865942072124,04/2021,749,YES,1,6138.0,07/2006,2016,No
759,1,Mastercard,Debit,5528157431199960,07/2020,556,YES,2,8048.0,11/2002,2013,No
759,2,Visa,Debit,4818819509291187,03/2022,727,YES,2,2898.0,08/2003,2008,No
759,3,Mastercard,Debit,5016418727270137,09/2021,348,YES,1,9.0,12/2010,2013,No
759,4,Mastercard,Debit,5298387414396125,11/2024,243,YES,2,4260.0,03/2009,2012,No
759,5,Amex,Credit,337641023717610,08/2023,902,YES,2,10100.0,11/2006,2010,No
760,0,Mastercard,Debit,5074266637803826,03/2017,211,YES,2,17471.0,06/2009,2012,No
760,1,Mastercard,Debit,5286304797515163,12/2019,871,YES,1,14054.0,03/2007,2015,No
760,2,Discover,Credit,6021090810005197,06/2024,397,NO,1,7600.0,08/2009,2009,No
760,3,Discover,Credit,6125621291819591,04/2021,423,YES,1,17400.0,12/2006,2009,No
760,4,Visa,Debit,4693550098600493,01/2020,358,YES,1,10077.0,11/2009,2009,No
761,0,Visa,Debit,4521071637980158,08/2024,500,NO,2,10702.0,03/2018,2018,No
761,1,Mastercard,Credit,5210580835995043,04/2021,925,YES,1,10600.0,02/2001,2010,No
761,2,Mastercard,Debit,5854998590853766,06/2017,732,YES,1,9180.0,02/2006,2020,No
762,0,Visa,Debit,4666278208440963,07/2016,682,YES,1,20074.0,09/2008,2011,No
762,1,Mastercard,Debit,5418223001029976,06/2021,550,NO,2,33746.0,06/2010,2010,No
762,2,Mastercard,Debit,5450223883062555,12/2023,64,NO,1,37722.0,03/2018,2018,No
763,0,Mastercard,Credit,5297975423650578,01/2022,978,YES,2,6100.0,02/2015,2015,No
763,1,Visa,Debit,4704027936633995,01/2013,486,YES,1,21952.0,03/2011,2011,No
763,2,Visa,Debit,4893820018017248,02/2020,319,YES,1,18217.0,04/2007,2008,No
763,3,Mastercard,Debit,5241795986089992,09/2017,783,YES,1,16565.0,05/2012,2012,No
764,0,Mastercard,Debit (Prepaid),5543220640561248,09/2021,154,YES,2,81.0,03/2006,2018,No
764,1,Visa,Debit (Prepaid),4709797841612622,06/2022,186,YES,2,11.0,01/2010,2010,No
764,2,Mastercard,Debit,5622083190963613,06/2024,770,YES,2,0.0,12/2002,2009,No
765,0,Mastercard,Debit (Prepaid),5461456632473048,06/2015,953,YES,1,57.0,12/2013,2013,No
765,1,Mastercard,Debit,5480854171366544,06/2024,229,YES,1,24274.0,11/2014,2014,No
765,2,Mastercard,Debit,5576250646108818,04/2021,837,YES,1,33166.0,08/2008,2009,No
765,3,Visa,Debit,4957232481366756,12/2024,916,YES,1,21820.0,02/2020,2020,No
765,4,Visa,Debit,4916726529470752,02/2020,702,YES,2,19264.0,08/2015,2015,No
766,0,Visa,Debit (Prepaid),4204541801800660,12/2020,998,YES,1,77.0,02/2020,2020,No
767,0,Mastercard,Debit,5850069301598701,03/2021,390,YES,1,26136.0,08/2008,2009,No
767,1,Mastercard,Debit,5002425450787708,03/2024,269,YES,1,27771.0,12/2014,2014,No
768,0,Visa,Debit,4440995001444541,09/2021,944,YES,1,17117.0,05/2007,2010,No
768,1,Amex,Credit,318192766245088,11/2024,192,YES,2,5400.0,10/2015,2015,No
769,0,Mastercard,Debit,5338290960851838,12/2021,118,YES,1,674.0,01/2020,2020,No
770,0,Mastercard,Debit (Prepaid),5400982759283574,07/2023,348,YES,1,58.0,09/2017,2017,No
770,1,Visa,Debit,4252835460924891,01/2021,287,YES,2,15851.0,03/2014,2014,No
770,2,Visa,Credit,4006785332636414,07/2017,881,YES,1,11000.0,03/2011,2015,No
770,3,Mastercard,Debit,5090031463070463,05/2022,181,YES,2,16377.0,09/2010,2013,No
771,0,Mastercard,Debit,5756920187269829,05/2024,707,NO,2,19127.0,10/2008,2012,No
771,1,Visa,Credit,4525162655452086,06/2024,626,YES,1,9200.0,04/2010,2013,No
771,2,Mastercard,Debit,5399696839533551,05/2020,371,YES,2,5553.0,03/2008,2015,No
771,3,Mastercard,Debit (Prepaid),5186584998717863,05/2021,636,YES,1,75.0,12/2008,2008,No
771,4,Visa,Credit,4927583161098663,04/2003,720,YES,1,7900.0,11/1999,2005,No
772,0,Visa,Debit,4051778032991069,08/2020,369,YES,1,19250.0,02/2020,2020,No
772,1,Visa,Debit (Prepaid),4659275859789142,07/2020,92,YES,2,96.0,02/2020,2020,No
772,2,Mastercard,Debit,5205432675858937,02/2020,584,YES,2,5895.0,02/2020,2020,No
772,3,Mastercard,Debit,5206418326928308,10/2021,897,YES,1,18891.0,02/2020,2020,No
772,4,Amex,Credit,392063695403858,01/2024,497,YES,2,1700.0,01/2020,2020,No
772,5,Mastercard,Credit,5708264357731832,06/2024,418,YES,2,12700.0,02/2020,2020,No
773,0,Mastercard,Debit,5911728602130706,03/2020,650,YES,1,14892.0,01/2016,2016,No
773,1,Visa,Credit,4002059636609265,06/2023,735,YES,1,8500.0,09/2004,2011,No
773,2,Mastercard,Credit,5950660218711311,05/2021,874,YES,1,8500.0,09/2010,2011,No
773,3,Visa,Credit,4173425142689190,09/2020,872,NO,2,7400.0,09/2008,2011,No
774,0,Mastercard,Debit,5034815911594023,11/2024,490,NO,2,18048.0,01/2020,2020,No
774,1,Visa,Credit,4137037054113514,10/2022,432,YES,1,12500.0,02/2020,2020,No
774,2,Visa,Debit,4404843838323846,05/2024,806,YES,2,12838.0,01/2020,2020,No
775,0,Visa,Debit,4737713633389782,11/2008,17,YES,1,14725.0,06/2004,2008,No
775,1,Amex,Credit,377035380135401,07/2020,451,YES,1,9600.0,12/2003,2010,No
775,2,Amex,Credit,338137732685669,12/2017,258,YES,2,11000.0,10/2017,2017,No
776,0,Visa,Debit,4652860823814539,05/2016,269,YES,2,5616.0,07/1999,2010,No
777,0,Mastercard,Credit,5504414498996972,08/2020,997,YES,1,30400.0,08/2003,2011,No
777,1,Visa,Debit,4682047932663844,01/2023,822,YES,2,76343.0,09/2003,2014,No
777,2,Mastercard,Debit,5851699919509664,02/2024,217,YES,2,46070.0,04/2007,2008,No
777,3,Mastercard,Credit,5403277732999672,04/2023,647,NO,2,14900.0,10/2005,2009,No
777,4,Amex,Credit,309433518890778,08/2023,534,YES,1,27500.0,06/2009,2009,No
777,5,Visa,Debit,4095586317435844,07/2007,383,NO,1,3134.0,11/1992,2011,No
778,0,Mastercard,Debit (Prepaid),5430882480140338,02/2020,307,YES,1,92.0,02/2020,2020,No
778,1,Visa,Credit,4028392432751999,12/2024,448,YES,2,10600.0,02/2020,2020,No
778,2,Visa,Debit,4963309602092587,09/2021,70,YES,2,13588.0,02/2020,2020,No
779,0,Mastercard,Debit (Prepaid),5849967926572948,02/2021,649,YES,1,67.0,06/2011,2011,No
779,1,Visa,Debit,4257444870981173,02/2020,297,YES,1,13905.0,05/2011,2011,No
779,2,Discover,Credit,6856082880767974,01/2021,86,YES,1,12300.0,06/2004,2013,No
780,0,Mastercard,Debit,5012988615180480,03/2021,541,YES,1,23220.0,11/2011,2011,No
780,1,Mastercard,Debit,5531418228277739,06/2021,20,YES,2,33319.0,06/2007,2010,No
780,2,Visa,Debit,4657824650820465,04/2024,245,YES,2,21883.0,01/1997,2012,No
780,3,Mastercard,Debit,5415811108637059,05/2023,230,YES,1,39606.0,09/2002,2008,No
781,0,Visa,Credit,4985963940810511,01/2022,341,YES,2,15500.0,02/2019,2019,No
781,1,Visa,Credit,4342101696313878,02/2020,355,YES,2,20800.0,02/2020,2020,No
782,0,Mastercard,Debit,5853043877946018,06/2023,333,YES,1,23310.0,09/2009,2009,No
782,1,Visa,Debit,4699535367725055,06/2023,544,YES,1,22015.0,12/2011,2011,No
782,2,Visa,Debit,4130599250567062,05/2023,25,YES,2,23884.0,04/2010,2010,No
782,3,Visa,Debit,4662668880756908,07/2021,740,NO,2,25808.0,08/2010,2010,No
783,0,Visa,Credit,4161224797334572,06/2021,445,YES,2,4500.0,02/2020,2020,No
783,1,Mastercard,Debit,5699284619972487,01/2021,318,YES,2,26531.0,09/2014,2014,No
783,2,Visa,Debit,4888780238652712,01/2022,905,YES,2,22641.0,06/2011,2011,No
783,3,Mastercard,Credit,5822242274317975,10/2023,304,YES,2,13100.0,03/2008,2015,No
784,0,Visa,Credit,4254270802602108,10/2020,79,YES,1,7800.0,02/2020,2020,No
784,1,Visa,Debit,4369288282643447,03/2024,308,YES,2,6407.0,02/2020,2020,No
784,2,Amex,Credit,315248670248049,02/2020,451,NO,2,7200.0,02/2020,2020,No
784,3,Visa,Credit,4870869234867987,12/2023,537,YES,1,6500.0,01/2020,2020,No
784,4,Visa,Debit (Prepaid),4345078758052759,09/2024,929,YES,1,91.0,02/2020,2020,No
784,5,Visa,Credit,4730938420487129,02/2020,613,YES,2,1200.0,02/2020,2020,No
785,0,Mastercard,Credit,5000790097162084,07/2024,232,YES,2,6700.0,01/2008,2009,No
786,0,Mastercard,Debit,5945155994376929,03/2021,310,YES,1,11102.0,04/2004,2012,No
786,1,Mastercard,Debit (Prepaid),5295522176690981,10/2021,577,NO,2,91.0,04/2009,2014,No
786,2,Amex,Credit,375440461139587,08/2021,402,YES,2,8100.0,10/2007,2009,No
787,0,Mastercard,Debit,5628413686894942,09/2021,490,YES,1,22679.0,08/1997,2014,No
787,1,Mastercard,Debit,5638732969366742,04/2023,854,YES,2,13326.0,04/2010,2010,No
787,2,Visa,Debit,4391016864300787,11/2020,883,YES,1,13778.0,12/2010,2015,No
787,3,Visa,Credit,4255500869023678,05/2016,402,YES,2,10400.0,09/2009,2011,No
788,0,Mastercard,Debit,5845909959346068,05/2022,379,YES,2,6863.0,11/2011,2011,No
788,1,Mastercard,Debit,5039744580376557,12/2021,653,YES,1,16633.0,02/2010,2010,No
789,0,Mastercard,Debit,5303156731726906,08/2024,133,YES,1,29391.0,07/2008,2011,No
789,1,Discover,Credit,6522396373079060,07/2023,764,YES,1,19000.0,08/2007,2011,No
790,0,Mastercard,Debit,5070746550577514,03/2020,506,YES,1,14541.0,11/2011,2011,No
790,1,Visa,Credit,4542762527059522,12/2022,70,YES,1,13500.0,01/2009,2009,No
790,2,Visa,Debit,4799699589870743,06/2021,178,YES,2,1484.0,10/2006,2011,No
791,0,Mastercard,Debit,5085312612570669,03/2023,845,NO,1,31192.0,10/2014,2014,No
791,1,Amex,Credit,393314135668401,04/2024,866,YES,2,33900.0,01/1991,2014,No
791,2,Mastercard,Debit (Prepaid),5467215736629408,07/2023,98,YES,2,44.0,03/2011,2016,No
791,3,Mastercard,Debit,5566695688917047,03/2017,309,NO,2,29708.0,03/2007,2009,No
792,0,Mastercard,Credit,5634053342792528,07/2021,779,YES,1,27200.0,05/2008,2011,No
792,1,Mastercard,Debit,5335296190511129,10/2021,416,YES,1,36344.0,07/2010,2010,No
792,2,Mastercard,Credit,5257923747690161,11/2020,547,YES,2,8900.0,06/2012,2012,No
793,0,Mastercard,Debit,5993184597730650,01/2021,545,YES,2,1236.0,12/2007,2010,No
793,1,Visa,Debit,4118737033782452,12/2023,648,YES,1,11037.0,04/2005,2012,No
793,2,Visa,Credit,4141977020977863,09/2020,958,YES,2,5000.0,02/2005,2008,No
794,0,Mastercard,Credit,5411382690193634,05/2023,604,YES,1,9700.0,12/2007,2011,No
794,1,Mastercard,Debit,5943272696356193,03/2016,746,YES,2,14179.0,06/2012,2012,No
795,0,Mastercard,Debit,5001932148943386,11/2024,861,YES,1,25021.0,04/2009,2009,No
796,0,Visa,Debit,4627841905437269,02/2020,382,YES,2,33605.0,01/2020,2020,No
796,1,Mastercard,Debit (Prepaid),5277291731808525,10/2023,656,NO,1,63.0,06/2008,2010,No
796,2,Mastercard,Debit (Prepaid),5499814764082703,03/2024,208,YES,1,84.0,11/2016,2016,No
797,0,Visa,Debit,4806392673999553,12/2012,788,YES,2,18733.0,09/2008,2014,No
797,1,Mastercard,Debit (Prepaid),5423227075379758,10/2006,812,YES,2,38.0,10/2001,2007,No
797,2,Mastercard,Debit,5077515394309071,12/2018,216,YES,1,21895.0,06/2009,2009,No
797,3,Visa,Credit,4338490944284662,04/2022,381,YES,2,8700.0,04/2002,2010,No
798,0,Mastercard,Debit,5779974407665985,01/2023,527,YES,2,16050.0,03/2003,2006,No
798,1,Mastercard,Debit,5408251118769597,03/2007,762,YES,2,17257.0,12/2005,2009,No
798,2,Visa,Debit,4803682548615735,04/2012,499,YES,2,20573.0,11/2008,2015,No
799,0,Mastercard,Debit,5691373570423014,01/2020,797,YES,1,18829.0,03/2019,2019,No
799,1,Visa,Debit,4568197311547979,02/2020,976,YES,1,16619.0,11/2010,2010,No
799,2,Discover,Credit,6043138850528323,12/2022,36,NO,1,9700.0,11/2011,2012,No
799,3,Mastercard,Credit,5641292346753762,07/2024,940,YES,2,2200.0,09/2019,2019,No
799,4,Mastercard,Debit,5192267246661566,10/2024,412,YES,1,17691.0,05/2009,2009,No
799,5,Mastercard,Debit,5053048068364098,08/2024,114,YES,1,11910.0,02/2020,2020,No
799,6,Amex,Credit,321401373752458,04/2023,507,YES,2,11000.0,05/2010,2014,No
800,0,Visa,Debit,4098548875720611,12/2021,832,YES,1,13971.0,12/2010,2010,No
800,1,Mastercard,Credit,5083940596996065,03/2020,427,YES,2,7100.0,10/2003,2017,No
800,2,Visa,Credit,4885936439907966,06/2020,161,YES,1,0.0,05/2016,2016,No
801,0,Visa,Credit,4934752965828835,06/2022,217,YES,2,5800.0,01/2020,2020,No
801,1,Mastercard,Credit,5888017098066838,02/2009,395,YES,1,12700.0,04/2007,2015,No
801,2,Visa,Debit,4081281007922347,05/2024,405,YES,1,17405.0,01/2008,2012,No
801,3,Visa,Debit,4116719519692656,10/2020,930,YES,1,9418.0,02/2001,2012,No
802,0,Mastercard,Credit,5125572827019758,09/2024,88,YES,1,9900.0,02/2020,2020,No
802,1,Visa,Debit,4119030099012884,08/2022,613,YES,2,25292.0,06/2009,2009,No
802,2,Visa,Debit,4262181069766792,07/2022,519,YES,1,12721.0,09/2005,2015,No
802,3,Mastercard,Debit,5679878136345109,12/2023,658,YES,1,13218.0,01/2020,2020,No
803,0,Mastercard,Debit,5915880344129112,08/2024,471,YES,2,18320.0,04/2010,2010,No
803,1,Mastercard,Debit,5935596537639790,11/2023,851,YES,1,20270.0,03/2009,2009,No
803,2,Visa,Debit,4400219107299850,11/2013,542,YES,1,18254.0,08/2013,2013,No
803,3,Visa,Debit,4089300388076101,10/2024,359,YES,1,24104.0,11/2009,2009,No
804,0,Mastercard,Credit,5218196083865154,10/2024,647,YES,1,10900.0,06/2012,2012,No
804,1,Visa,Debit,4981253351585415,09/2022,351,YES,1,23260.0,05/2007,2010,No
804,2,Visa,Debit,4295278548240324,07/2024,380,NO,1,20776.0,05/2011,2011,No
804,3,Mastercard,Debit,5355282965831676,02/2020,110,YES,2,15741.0,01/2020,2020,No
805,0,Mastercard,Credit,5861740201459988,12/2020,366,YES,2,7300.0,03/2017,2017,No
805,1,Amex,Credit,394584924614148,02/1999,302,YES,2,9400.0,01/1998,2011,No
805,2,Visa,Debit,4890055017613535,04/2021,956,YES,2,10124.0,06/2003,2018,No
805,3,Amex,Credit,357982644067712,09/2020,72,YES,1,13000.0,01/1999,2005,No
806,0,Mastercard,Debit,5384345955909701,02/2021,595,YES,2,18060.0,09/2002,2019,No
806,1,Mastercard,Debit,5772590166573650,07/2020,370,YES,1,7546.0,03/2004,2010,No
806,2,Visa,Debit,4542180712523328,11/2020,573,YES,1,9062.0,11/2010,2010,No
807,0,Mastercard,Credit,5551931585131534,04/2021,846,YES,1,17900.0,06/2008,2010,No
807,1,Visa,Debit,4378338421772779,03/2016,43,YES,2,33822.0,02/2003,2018,No
807,2,Mastercard,Debit,5321097255210931,10/2022,151,YES,2,30909.0,05/2008,2013,No
807,3,Visa,Debit,4243596342751426,07/2022,687,NO,2,2722.0,11/1997,2016,No
808,0,Visa,Debit,4387424871359762,03/2020,620,YES,1,28762.0,03/2018,2018,No
808,1,Mastercard,Debit (Prepaid),5855871886072937,10/2023,608,NO,1,67.0,12/2000,2011,No
808,2,Mastercard,Debit,5206850868932460,05/2020,278,YES,1,44345.0,08/2013,2013,No
809,0,Mastercard,Debit,5299458985659885,12/2021,939,YES,2,2209.0,05/2006,2013,No
809,1,Mastercard,Debit,5721793415718927,07/2021,936,YES,2,24582.0,04/2003,2012,No
809,2,Visa,Debit,4474874486729578,11/2021,557,NO,1,1017.0,09/2005,2010,No
809,3,Mastercard,Debit,5439379970529141,10/2022,751,YES,1,11625.0,02/2005,2014,No
810,0,Mastercard,Debit,5851336463259847,03/2024,326,YES,1,17882.0,02/2020,2020,No
811,0,Visa,Credit,4186230455407129,04/2020,452,YES,1,1000.0,02/2013,2013,No
811,1,Visa,Debit,4130691040375178,06/2020,573,YES,1,37491.0,02/2020,2020,No
812,0,Visa,Debit (Prepaid),4693399280462586,07/2023,216,YES,2,59.0,03/2007,2015,No
812,1,Mastercard,Debit,5584237915645568,08/2023,278,NO,2,6384.0,07/2008,2017,No
812,2,Mastercard,Debit (Prepaid),5481575854699028,01/2013,766,YES,2,24.0,07/2009,2016,No
813,0,Mastercard,Debit,5918910325356792,03/2022,670,YES,2,11994.0,11/1999,2011,No
813,1,Mastercard,Debit,5972495236133028,10/2024,260,YES,1,8747.0,07/1998,2007,No
813,2,Discover,Credit,6073415333610129,09/2019,544,YES,1,9500.0,10/2007,2011,No
813,3,Mastercard,Debit,5223363810636949,06/2023,157,YES,1,1264.0,10/2010,2019,No
813,4,Visa,Debit,4528444090805864,01/2022,349,YES,2,7233.0,06/2008,2011,No
813,5,Mastercard,Debit,5367612713630895,03/2022,457,YES,1,1264.0,05/1998,2014,No
813,6,Mastercard,Debit,5383484021585473,06/2001,78,NO,2,15007.0,06/2000,2013,No
813,7,Mastercard,Debit,5441697353641069,02/2002,271,YES,2,13529.0,02/1999,2008,No
814,0,Mastercard,Debit,5422663837290602,02/2015,95,YES,1,25209.0,02/2010,2011,No
814,1,Visa,Debit,4543954544652846,06/2024,124,YES,1,34063.0,01/2007,2009,No
814,2,Mastercard,Debit,5595793068662525,12/2019,821,NO,1,31307.0,03/2006,2010,No
814,3,Visa,Debit,4420834293443756,02/2020,403,YES,1,40384.0,01/2006,2006,No
814,4,Visa,Debit,4849956694296337,05/2024,840,YES,2,19525.0,03/2015,2015,No
815,0,Amex,Credit,367423467093893,12/2022,764,YES,2,7200.0,09/2005,2011,No
816,0,Mastercard,Credit,5729767434317024,09/2020,422,YES,2,6200.0,02/2020,2020,No
816,1,Mastercard,Credit,5729516736133357,07/2023,414,YES,3,21700.0,07/2008,2015,No
817,0,Mastercard,Credit,5294476060895480,12/2009,468,YES,1,7100.0,08/2007,2009,No
817,1,Mastercard,Credit,5361691946548943,06/2022,613,YES,2,6700.0,03/2012,2012,No
817,2,Mastercard,Debit (Prepaid),5512114617143185,09/2021,945,YES,1,68.0,07/2002,2011,No
817,3,Mastercard,Credit,5187201945323044,10/2018,824,YES,2,10800.0,12/1999,2005,No
817,4,Visa,Debit,4313175636042739,11/2022,533,YES,2,9952.0,07/2002,2010,No
817,5,Visa,Credit,4000370059012165,11/2024,22,YES,2,5400.0,03/2015,2015,No
818,0,Mastercard,Credit,5176908526574912,01/2015,638,YES,2,12200.0,05/2003,2009,No
819,0,Discover,Credit,6029205262726868,03/2022,307,YES,2,3700.0,11/2008,2011,No
820,0,Mastercard,Credit,5817132520514792,01/2024,425,YES,1,11300.0,05/2010,2011,No
820,1,Mastercard,Debit,5447278925047092,08/2020,509,YES,1,18510.0,02/2020,2020,No
821,0,Mastercard,Debit,5655709836148640,06/2020,824,YES,2,2070.0,02/2020,2020,No
822,0,Mastercard,Debit,5253234186328777,02/2024,926,YES,1,55750.0,02/2020,2020,No
822,1,Mastercard,Credit,5419421476993334,11/2024,290,NO,1,20300.0,01/2003,2015,No
822,2,Visa,Debit (Prepaid),4946298081598663,07/2023,580,YES,2,52.0,09/2005,2008,No
822,3,Mastercard,Debit,5610743457688598,01/2023,310,YES,2,46184.0,01/2001,2014,No
822,4,Visa,Credit,4751938107987467,10/2024,839,YES,1,13200.0,09/2019,2019,No
822,5,Visa,Debit,4975707785859421,09/2022,744,YES,2,34284.0,11/2014,2014,No
823,0,Mastercard,Debit,5398659110488007,10/2024,776,YES,2,9257.0,07/2010,2018,No
823,1,Mastercard,Debit,5786581990221963,02/2023,672,YES,2,7623.0,02/2010,2015,No
824,0,Visa,Debit,4747815633973046,08/2021,914,YES,1,9741.0,07/2014,2014,No
824,1,Mastercard,Debit,5499359671695760,11/2021,129,YES,1,11749.0,10/1998,2008,No
824,2,Mastercard,Debit,5145532394563662,04/2013,369,YES,2,12257.0,01/2006,2010,No
824,3,Mastercard,Debit,5939700185835878,09/2010,635,YES,2,10792.0,02/2004,2008,No
825,0,Discover,Credit,6369515530338470,10/2024,852,YES,2,21000.0,05/2013,2013,No
826,0,Mastercard,Debit,5750323855690430,03/2022,157,YES,2,20362.0,02/2020,2020,No
827,0,Visa,Debit,4142110459052351,09/2024,112,YES,1,20653.0,06/2012,2012,No
827,1,Discover,Credit,6987061746149197,11/2024,75,YES,1,6700.0,05/1997,2016,No
827,2,Mastercard,Debit,5548387982631859,07/2021,666,YES,2,2629.0,07/2008,2017,No
828,0,Mastercard,Debit,5968272205938865,01/2023,325,YES,1,21686.0,02/2020,2020,No
829,0,Mastercard,Debit,5534541653646616,04/2020,809,YES,2,13979.0,10/2000,2007,No
829,1,Visa,Debit,4667069269699060,09/2020,557,YES,1,15459.0,03/2008,2010,No
829,2,Visa,Debit,4152201825251056,12/2022,314,YES,2,10756.0,09/2010,2018,No
829,3,Discover,Credit,6854474888626753,01/2020,26,YES,3,4900.0,04/2016,2016,No
829,4,Visa,Debit,4668572513233214,08/2021,346,YES,2,11869.0,03/2013,2013,No
830,0,Visa,Debit,4882085126810655,02/2020,635,YES,1,11029.0,02/2020,2020,No
831,0,Visa,Debit,4326650926720477,05/2021,924,YES,1,32043.0,10/2001,2009,No
831,1,Visa,Credit,4628195999996989,07/2023,543,YES,1,19400.0,10/1996,2012,No
831,2,Visa,Credit,4328042122247732,01/2010,97,YES,1,15900.0,02/2009,2009,No
831,3,Mastercard,Debit,5033363979740914,07/2022,246,YES,2,25740.0,04/2014,2014,No
832,0,Mastercard,Debit,5915761072331247,08/2020,754,YES,2,12594.0,09/2005,2014,No
832,1,Visa,Credit,4751933848032848,12/2024,614,YES,1,5800.0,05/1998,2009,No
832,2,Mastercard,Debit,5549596794440785,03/2005,529,YES,2,14824.0,12/2004,2011,No
833,0,Mastercard,Debit,5595541886484466,12/2006,173,YES,2,14954.0,09/2006,2007,No
833,1,Visa,Debit,4227288222945154,09/2024,212,YES,2,9146.0,03/2004,2012,No
833,2,Visa,Debit,4699958965879610,09/2023,792,YES,2,31917.0,03/2006,2009,No
834,0,Mastercard,Credit,5464649664950051,05/2023,203,NO,2,35500.0,01/2020,2020,No
834,1,Mastercard,Credit,5882324108899621,05/2020,496,YES,2,17100.0,01/2020,2020,No
835,0,Mastercard,Debit,5880626034442823,09/2012,871,YES,2,8636.0,11/2002,2014,No
835,1,Mastercard,Debit,5466414459089427,01/2024,556,YES,2,3891.0,10/2001,2016,No
835,2,Visa,Debit (Prepaid),4163402116623079,12/2021,57,YES,2,100.0,11/2010,2010,No
835,3,Mastercard,Credit,5635188704285842,05/2021,3,YES,2,10500.0,10/2007,2011,No
836,0,Amex,Credit,360330585295390,05/2022,887,YES,1,9100.0,12/2007,2008,No
836,1,Mastercard,Debit,5089677231892699,05/2022,95,YES,1,17393.0,11/2012,2012,No
836,2,Visa,Debit (Prepaid),4328570434774826,01/2023,822,NO,1,59.0,08/2011,2011,No
837,0,Mastercard,Debit,5894303084517359,03/2012,643,YES,2,2355.0,04/2008,2009,No
837,1,Mastercard,Debit,5291344771165863,02/2020,383,YES,1,29553.0,02/2020,2020,No
838,0,Visa,Credit,4396420039695362,09/2024,831,YES,1,8300.0,08/2008,2008,No
838,1,Mastercard,Debit,5295553845119885,04/2024,465,YES,2,14501.0,04/1998,2012,No
838,2,Visa,Debit,4731739581942739,03/2023,402,NO,2,9080.0,11/2009,2013,No
838,3,Visa,Debit,4450584062421730,10/2020,426,YES,1,1534.0,10/2006,2015,No
839,0,Mastercard,Debit,5064466274717398,06/2023,294,YES,2,39114.0,02/2020,2020,No
839,1,Visa,Debit,4575911077034923,09/2024,112,YES,2,30298.0,01/2020,2020,No
840,0,Visa,Credit,4503003404657982,02/2020,994,YES,1,6600.0,02/2020,2020,No
840,1,Mastercard,Debit,5460635909206619,04/2021,494,NO,1,15087.0,12/2004,2005,No
840,2,Mastercard,Debit,5019373098063506,05/2024,803,NO,1,16257.0,09/2011,2011,No
840,3,Mastercard,Credit,5948027607549223,04/2024,745,YES,2,8500.0,10/2005,2012,No
841,0,Visa,Debit,4090737232864595,04/2019,873,YES,2,18401.0,04/2017,2017,No
841,1,Mastercard,Debit,5932134708405084,02/2020,290,YES,1,17946.0,08/2016,2016,No
841,2,Mastercard,Debit,5206583278012757,07/2021,19,YES,1,24819.0,01/2000,2011,No
841,3,Visa,Credit,4068972276491706,06/2009,87,YES,2,11000.0,02/2009,2010,No
841,4,Mastercard,Debit,5316778308007531,01/2022,916,YES,2,12275.0,09/2009,2009,No
841,5,Mastercard,Debit,5609319010602606,05/2022,608,YES,1,22044.0,10/2009,2009,No
842,0,Visa,Credit,4309045665471171,05/2021,488,NO,1,10600.0,07/2009,2018,No
842,1,Mastercard,Debit (Prepaid),5050635646267142,01/2021,263,YES,2,61.0,08/2009,2016,No
842,2,Visa,Debit,4810039258739759,05/2023,199,YES,2,14114.0,10/2010,2010,No
842,3,Visa,Credit,4542199497010950,05/2022,720,YES,2,6500.0,10/2017,2017,No
842,4,Mastercard,Credit,5317191716062677,02/2023,498,YES,1,9400.0,07/2008,2012,No
843,0,Visa,Debit,4744997343013972,07/2023,590,YES,1,16369.0,01/2020,2020,No
843,1,Visa,Credit,4303693867822808,04/2024,55,YES,1,5900.0,02/2020,2020,No
844,0,Visa,Credit,4785359212322716,02/2022,300,NO,1,9100.0,01/2020,2020,No
844,1,Visa,Credit,4096118201118127,07/2024,416,NO,2,4700.0,01/2020,2020,No
845,0,Amex,Credit,303388287085492,02/2021,532,YES,1,8900.0,09/2007,2007,No
845,1,Visa,Debit (Prepaid),4476065851945684,07/2020,36,NO,2,94.0,02/2020,2020,No
846,0,Mastercard,Debit,5895713697224705,09/2022,258,YES,2,1669.0,08/2011,2016,No
846,1,Visa,Debit,4983985291771434,05/2024,805,YES,1,16717.0,01/2005,2006,No
847,0,Mastercard,Debit,5279713794719682,09/2021,47,YES,2,14133.0,01/2006,2010,No
847,1,Visa,Debit,4178217448317088,09/2022,519,YES,2,13029.0,07/2011,2011,No
847,2,Mastercard,Debit,5664759161976809,06/2024,550,YES,2,11624.0,02/2020,2020,No
847,3,Amex,Credit,318484934517404,11/2010,520,YES,2,5900.0,08/2009,2010,No
847,4,Mastercard,Debit (Prepaid),5631456765491989,04/2024,102,YES,1,10.0,03/2009,2011,No
848,0,Mastercard,Debit,5471110680954467,01/2020,175,YES,2,42074.0,12/2007,2010,No
848,1,Amex,Credit,339030327753446,02/2021,650,YES,2,19400.0,09/2005,2013,No
848,2,Visa,Debit,4274911965973655,12/2020,786,YES,1,27091.0,06/2007,2018,No
848,3,Mastercard,Debit (Prepaid),5771648554583821,08/2020,775,YES,1,76.0,06/2008,2014,No
848,4,Mastercard,Debit,5781736709412195,04/2021,939,YES,1,16340.0,07/2003,2009,No
848,5,Mastercard,Credit,5084380925956677,10/2017,617,NO,1,4300.0,08/2017,2017,No
849,0,Visa,Credit,4887678666553627,02/2021,224,YES,1,17100.0,03/2010,2011,No
849,1,Mastercard,Debit (Prepaid),5003576204537961,12/2020,14,YES,1,57.0,12/2015,2015,No
849,2,Discover,Credit,6867180010349307,07/2023,59,YES,1,11200.0,10/2006,2006,No
849,3,Amex,Credit,353877018181177,08/2021,65,YES,1,5900.0,12/2005,2011,No
850,0,Discover,Credit,6422941047474556,08/2021,992,YES,2,8200.0,02/2020,2020,No
850,1,Mastercard,Credit,5993329445307051,06/2023,375,YES,1,11200.0,12/2011,2016,No
850,2,Mastercard,Debit,5950036485745255,10/2020,85,YES,2,9641.0,02/2020,2020,No
851,0,Visa,Credit,4234128216675939,07/2008,678,YES,1,7500.0,01/2001,2017,No
851,1,Mastercard,Debit,5604082480116921,11/2023,659,YES,2,9725.0,05/2007,2012,No
851,2,Mastercard,Debit,5737016502815467,07/1997,601,NO,1,713.0,03/1997,2008,No
851,3,Visa,Credit,4949255212004884,12/2023,520,YES,2,0.0,05/2016,2016,No
852,0,Mastercard,Debit,5446801894773477,09/2012,328,YES,1,10824.0,10/2007,2015,No
853,0,Visa,Debit,4474146136597583,06/2015,298,YES,1,54768.0,05/2014,2014,No
853,1,Mastercard,Debit,5730095777634107,05/2015,347,YES,1,36982.0,08/2006,2009,No
853,2,Mastercard,Credit,5703701005597044,09/2012,789,YES,2,19500.0,01/2005,2010,No
853,3,Mastercard,Debit,5760259520469831,05/2020,777,YES,1,43863.0,10/2007,2012,No
853,4,Mastercard,Debit,5904195142586918,03/2023,377,YES,2,27050.0,10/2009,2018,No
853,5,Mastercard,Debit,5682670963531855,02/2020,350,YES,2,33468.0,09/2007,2010,No
854,0,Mastercard,Credit,5167343609558637,10/2024,394,YES,1,10700.0,07/2002,2013,No
854,1,Mastercard,Debit (Prepaid),5762124532464441,10/2024,43,YES,2,35.0,01/2011,2011,No
854,2,Mastercard,Debit,5186949472205571,10/2022,48,YES,1,9358.0,10/2005,2015,No
854,3,Mastercard,Debit,5415548034534018,02/2024,874,YES,1,13425.0,09/2005,2015,No
854,4,Mastercard,Debit,5633482843715503,08/2020,37,NO,1,24213.0,11/2004,2009,No
854,5,Visa,Debit,4882258377184803,03/2020,597,NO,2,14911.0,07/2006,2014,No
855,0,Mastercard,Credit,5498435631041773,01/2019,7,YES,1,10800.0,09/2009,2011,No
855,1,Visa,Credit,4064761360050851,07/2022,528,YES,2,13200.0,01/2007,2007,No
855,2,Visa,Debit,4126600786733032,10/2023,380,YES,1,12628.0,04/2011,2012,No
855,3,Visa,Debit,4770016969284052,03/2016,688,YES,1,16642.0,09/2011,2011,No
856,0,Mastercard,Debit,5147547789135485,12/2020,635,YES,1,13013.0,05/2010,2012,No
856,1,Mastercard,Credit,5465005714822989,08/2020,676,YES,2,10400.0,06/2006,2006,No
856,2,Visa,Credit,4713324681058860,09/2024,943,YES,2,12500.0,10/2001,2011,No
856,3,Mastercard,Debit,5404924988382806,12/2023,898,YES,3,8889.0,12/2007,2013,No
857,0,Amex,Credit,323245493552532,01/2024,133,YES,1,19000.0,03/2006,2011,No
857,1,Visa,Debit,4937226529694539,04/2021,978,NO,1,12370.0,04/2004,2008,No
857,2,Discover,Credit,6263143688274935,04/2020,750,YES,2,9000.0,12/2014,2014,No
858,0,Mastercard,Debit,5044161315330869,01/2021,635,YES,1,5284.0,02/2020,2020,No
858,1,Mastercard,Debit (Prepaid),5313709235716865,04/2022,105,YES,2,50.0,12/2011,2011,No
858,2,Mastercard,Credit,5004140207005826,12/2024,826,YES,2,2300.0,05/2017,2017,No
859,0,Mastercard,Debit,5371465627255292,02/2022,208,YES,1,20022.0,02/2003,2014,No
860,0,Mastercard,Debit,5580797323399612,05/2020,602,YES,1,14820.0,01/2020,2020,No
860,1,Visa,Credit,4033049142123683,05/2023,457,YES,2,6900.0,11/2005,2013,No
860,2,Amex,Credit,338476518852926,05/2021,955,YES,2,5200.0,02/2014,2014,No
860,3,Mastercard,Debit (Prepaid),5395413641992121,12/2016,599,YES,1,64.0,09/2006,2010,No
861,0,Mastercard,Debit,5519749178345162,03/2020,389,YES,2,8165.0,05/2002,2009,No
862,0,Mastercard,Debit,5544586425634316,09/2020,652,YES,2,16799.0,02/2013,2013,No
862,1,Amex,Credit,344544551925411,04/2024,781,YES,2,13800.0,02/2020,2020,No
863,0,Visa,Debit,4406651851662470,03/2020,535,YES,1,20826.0,02/2020,2020,No
863,1,Discover,Credit,6667487813805784,12/2020,869,YES,2,20700.0,01/2020,2020,No
863,2,Mastercard,Debit,5026926528558439,06/2023,88,YES,2,15813.0,03/2010,2011,No
863,3,Mastercard,Debit (Prepaid),5230200235683632,02/2020,31,YES,2,41.0,01/2020,2020,No
863,4,Mastercard,Credit,5272390505326909,06/2022,137,YES,2,8000.0,06/2012,2012,No
864,0,Visa,Credit,4150741409734991,08/2021,36,YES,2,6600.0,06/2015,2015,No
864,1,Mastercard,Debit,5111772382182985,11/2022,613,YES,2,15149.0,09/2010,2010,No
864,2,Mastercard,Credit,5360137436970945,01/2017,838,YES,1,10100.0,05/2011,2016,No
864,3,Mastercard,Debit,5072405422049281,10/2023,218,YES,2,14720.0,05/2006,2014,No
864,4,Visa,Debit (Prepaid),4850365258362645,11/2023,234,YES,1,28.0,11/2003,2018,No
864,5,Mastercard,Credit,5984801708604393,03/2019,199,YES,2,3600.0,06/2015,2015,No
865,0,Mastercard,Debit (Prepaid),5027529544926447,12/2022,25,YES,1,47.0,10/2008,2016,No
866,0,Mastercard,Debit,5647678785895097,10/2024,728,YES,1,10179.0,05/2015,2015,No
866,1,Visa,Credit,4421198077171177,09/2020,672,YES,2,10600.0,07/2008,2014,No
866,2,Mastercard,Debit,5168270261449737,08/2007,417,YES,2,14716.0,05/2006,2012,No
866,3,Amex,Credit,365863370015670,08/2020,62,YES,2,12600.0,03/2018,2018,No
866,4,Visa,Debit (Prepaid),4441251898273999,12/2017,539,YES,1,96.0,09/2013,2013,No
866,5,Mastercard,Debit (Prepaid),5758062322827453,02/2020,705,YES,1,73.0,11/2010,2010,No
867,0,Visa,Credit,4420105255078893,04/2021,771,YES,1,6500.0,07/2015,2015,No
867,1,Amex,Credit,346940257761158,11/2023,947,YES,2,9300.0,07/2009,2009,No
867,2,Mastercard,Debit,5556324903959052,12/2023,331,NO,2,8970.0,01/2004,2010,No
868,0,Visa,Credit,4992452788404191,05/2023,62,YES,1,11700.0,12/2003,2013,No
868,1,Mastercard,Debit,5617468224391712,06/2021,668,YES,1,2841.0,12/2008,2013,No
869,0,Mastercard,Debit,5747958873333088,05/2021,825,YES,1,46621.0,09/2007,2010,No
869,1,Visa,Debit,4850638391545334,11/2006,739,YES,2,62855.0,09/2006,2006,No
869,2,Visa,Debit,4677263098292783,10/2014,224,YES,1,46521.0,09/2011,2012,No
870,0,Visa,Credit,4143468711704435,06/2008,494,YES,2,4100.0,09/2004,2010,No
870,1,Mastercard,Credit,5409476939542313,01/2020,683,YES,1,9200.0,06/2010,2010,No
870,2,Mastercard,Credit,5007364960274325,10/2020,704,YES,2,2800.0,07/2009,2010,No
871,0,Amex,Credit,311541518015615,08/2024,777,YES,2,4200.0,12/2018,2018,No
872,0,Mastercard,Debit,5364678125237327,09/2022,987,YES,2,21794.0,01/2020,2020,No
873,0,Mastercard,Debit (Prepaid),5345398805896145,11/2015,124,YES,1,58.0,08/2007,2009,No
873,1,Mastercard,Credit,5581736783190390,08/2021,839,YES,1,11400.0,02/2009,2014,No
873,2,Visa,Debit,4763467572950708,07/2016,73,YES,2,15781.0,04/2009,2015,No
873,3,Visa,Debit,4054285627938350,10/2023,16,YES,1,26906.0,11/2004,2016,No
873,4,Mastercard,Debit,5098426242847294,10/2024,718,YES,2,10228.0,12/2007,2014,No
874,0,Mastercard,Debit (Prepaid),5325455545002997,10/2023,421,YES,2,74.0,04/2012,2012,No
874,1,Discover,Credit,6868773214447881,02/2020,279,YES,1,12600.0,04/2002,2010,No
874,2,Visa,Credit,4751829096986111,02/2019,153,YES,2,7600.0,06/2004,2010,No
874,3,Visa,Debit,4395114522983450,06/2024,237,YES,1,33080.0,11/2008,2008,No
874,4,Visa,Debit,4387900091455994,03/2020,509,NO,1,17954.0,01/2019,2019,No
874,5,Mastercard,Debit,5896034364726407,01/2023,588,YES,1,19238.0,01/2011,2011,No
875,0,Mastercard,Debit,5608387837637865,01/2023,147,YES,2,14912.0,10/2007,2009,No
875,1,Mastercard,Debit,5990568998813171,11/2015,843,YES,2,5258.0,03/2009,2013,No
876,0,Visa,Credit,4664688687059371,12/2020,887,YES,1,11300.0,10/2009,2011,No
876,1,Mastercard,Debit,5866158485564729,10/2022,48,YES,1,24455.0,07/2004,2014,No
876,2,Mastercard,Debit,5130413246944823,08/2016,942,YES,2,463.0,11/2008,2010,No
876,3,Visa,Debit,4275554691937663,02/2010,49,YES,2,5511.0,06/2009,2012,No
877,0,Mastercard,Debit,5955659249394046,09/2020,572,YES,2,20097.0,08/2015,2015,No
877,1,Visa,Debit,4743530458676223,07/2021,364,YES,2,14200.0,01/2020,2020,No
877,2,Mastercard,Debit,5633119819093513,03/2024,914,YES,1,16415.0,02/2020,2020,No
878,0,Mastercard,Debit,5938598749066574,02/2020,412,YES,2,1926.0,02/2020,2020,No
879,0,Mastercard,Credit,5105665544771126,08/2020,485,NO,1,11000.0,02/2005,2013,No
879,1,Amex,Credit,339152347601252,07/2024,985,YES,2,5700.0,07/2019,2019,No
880,0,Visa,Debit,4793849043206027,11/2019,994,YES,1,26024.0,02/2009,2013,No
880,1,Visa,Debit,4671059630101376,03/2024,853,YES,2,4599.0,10/2006,2013,No
880,2,Mastercard,Debit,5308236765304856,04/2020,123,YES,2,8522.0,11/2004,2015,No
880,3,Visa,Debit,4223920442824595,08/2023,77,YES,2,45854.0,09/2004,2013,No
880,4,Mastercard,Debit,5734290503257917,04/2024,170,YES,1,38194.0,12/2007,2012,No
881,0,Mastercard,Debit,5620895880327854,09/2022,944,YES,1,51051.0,05/2007,2012,No
881,1,Mastercard,Credit,5663590882219205,01/2020,673,NO,1,30800.0,11/2004,2007,No
881,2,Mastercard,Credit,5820692615463304,08/2023,905,YES,2,23400.0,09/2014,2014,No
881,3,Mastercard,Credit,5732115154614439,01/2022,821,YES,2,24800.0,06/2008,2013,No
881,4,Mastercard,Debit (Prepaid),5990674029501133,03/2023,331,YES,1,48.0,11/2010,2012,No
881,5,Mastercard,Credit,5178103003337414,07/2024,944,YES,2,8700.0,09/2008,2011,No
882,0,Visa,Credit,4345309820081331,08/2022,761,YES,2,5900.0,04/2016,2016,No
883,0,Mastercard,Debit,5986596679422097,03/2021,556,YES,2,5059.0,11/2010,2010,No
883,1,Mastercard,Debit,5580555303942267,05/2021,975,YES,2,22446.0,10/2006,2012,No
883,2,Mastercard,Debit,5981687076393979,08/2023,248,YES,1,48754.0,08/2008,2013,No
884,0,Visa,Credit,4724626131573867,06/2023,408,YES,1,9300.0,06/2010,2010,No
884,1,Visa,Debit,4272145779221857,12/2022,960,YES,2,15265.0,03/2000,2009,No
884,2,Amex,Credit,321238694524282,11/2022,959,YES,2,12500.0,01/2020,2020,No
884,3,Mastercard,Debit,5487742107326265,07/2015,71,YES,1,28805.0,11/2013,2013,No
884,4,Amex,Credit,366720676943558,11/2003,14,YES,1,9800.0,02/2003,2013,No
885,0,Mastercard,Credit,5874079264605271,05/2012,569,YES,1,11600.0,07/2008,2012,No
885,1,Mastercard,Debit,5800646935618683,12/2023,606,YES,2,26501.0,11/2002,2019,No
885,2,Mastercard,Debit,5694871166428059,12/2020,965,NO,2,11121.0,06/2010,2013,No
885,3,Mastercard,Debit,5666612651246367,04/2021,633,YES,2,2352.0,02/2006,2012,No
886,0,Mastercard,Debit,5888304398785419,02/2020,957,YES,1,62317.0,01/2020,2020,No
886,1,Amex,Credit,373001607540829,07/2020,141,YES,2,16400.0,01/2020,2020,No
887,0,Visa,Debit (Prepaid),4449334595737957,02/2023,963,NO,2,65.0,09/2010,2011,No
887,1,Visa,Debit (Prepaid),4976990803040923,02/2020,280,YES,1,63.0,04/2018,2018,No
887,2,Mastercard,Debit (Prepaid),5855912828685060,10/2020,998,NO,1,69.0,09/2017,2017,No
887,3,Visa,Credit,4481459177871867,11/2003,407,YES,2,36900.0,11/2003,2014,No
887,4,Visa,Debit,4534286446272162,10/2024,909,YES,2,10875.0,08/2009,2020,No
888,0,Mastercard,Debit (Prepaid),5909422442877722,12/2024,904,YES,2,65.0,02/2002,2008,No
888,1,Mastercard,Debit (Prepaid),5031500070846562,04/2023,242,YES,2,76.0,07/2005,2010,No
888,2,Mastercard,Debit,5467709707043932,03/2024,414,YES,2,15781.0,01/2020,2020,No
888,3,Visa,Debit,4138930585575377,06/2019,145,YES,1,22227.0,03/2009,2010,No
889,0,Mastercard,Debit,5142639208685540,02/2020,219,YES,2,4924.0,02/2020,2020,No
889,1,Discover,Credit,6464999389821775,09/2020,611,YES,1,6300.0,05/2015,2015,No
889,2,Mastercard,Credit,5510383883718886,05/2024,39,NO,1,8000.0,08/2007,2020,No
890,0,Visa,Debit,4704183403153635,02/2020,877,NO,1,18432.0,01/2020,2020,No
890,1,Mastercard,Debit (Prepaid),5959889429403771,02/2020,978,YES,2,86.0,02/2019,2019,No
890,2,Mastercard,Debit,5880409088686139,09/2020,549,YES,2,11666.0,08/2011,2011,No
891,0,Amex,Credit,327497948507859,02/2020,829,YES,1,22900.0,02/2020,2020,No
892,0,Mastercard,Credit,5806776060660016,06/2021,573,YES,1,7800.0,12/2007,2007,No
893,0,Mastercard,Debit,5807306830246695,08/2023,218,YES,1,10462.0,03/2008,2015,No
893,1,Amex,Credit,355949624026502,12/2012,895,YES,2,11000.0,07/2011,2011,No
893,2,Visa,Debit,4093331419395756,12/2023,813,YES,1,16927.0,03/2014,2014,No
894,0,Visa,Debit (Prepaid),4562657491942638,04/2015,23,YES,2,96.0,04/2007,2015,No
895,0,Mastercard,Debit (Prepaid),5957384655695394,07/2021,529,YES,1,95.0,10/2011,2011,No
896,0,Mastercard,Credit,5280439372458362,03/2023,656,YES,2,2400.0,11/2006,2010,No
896,1,Mastercard,Debit,5212105993740368,09/2023,749,YES,1,12127.0,03/2010,2010,No
896,2,Mastercard,Credit,5639561447744152,11/2020,247,YES,1,18400.0,11/2006,2014,No
896,3,Mastercard,Debit,5532586114473893,09/2024,288,YES,1,8273.0,02/2002,2009,No
896,4,Visa,Debit,4664101203758468,01/2022,79,YES,2,16641.0,07/2006,2014,No
897,0,Visa,Credit,4294423018570255,03/2022,724,YES,1,10300.0,04/1993,2013,No
897,1,Mastercard,Debit,5176230872859772,05/2020,560,NO,2,13841.0,08/2002,2010,No
897,2,Mastercard,Debit,5837677839033846,07/2024,153,YES,2,2054.0,04/2004,2015,No
897,3,Visa,Credit,4642362910157968,09/2022,415,YES,2,5100.0,10/2007,2011,No
898,0,Mastercard,Debit,5972582186298210,02/2016,369,NO,1,22172.0,06/2011,2016,No
899,0,Mastercard,Debit,5755792909736498,08/2023,338,YES,1,17749.0,04/2002,2011,No
899,1,Visa,Credit,4800542079346441,09/2021,673,YES,1,12700.0,04/2004,2011,No
900,0,Discover,Credit,6154268030880322,02/2020,171,YES,2,11100.0,02/2020,2020,No
901,0,Mastercard,Debit,5671275511039267,07/2024,152,NO,2,16923.0,06/2014,2014,No
901,1,Amex,Credit,311447548311580,04/2020,560,YES,1,14800.0,06/2004,2010,No
901,2,Visa,Debit (Prepaid),4555062684626836,09/2009,63,YES,1,49.0,09/2006,2011,No
902,0,Amex,Credit,349691331721092,07/2020,122,YES,1,19000.0,02/2020,2020,No
902,1,Mastercard,Debit,5672629395790529,04/2022,509,YES,2,22067.0,02/2020,2020,No
902,2,Visa,Credit,4499074473589645,01/2023,333,YES,2,11500.0,02/2020,2020,No
903,0,Visa,Debit,4527984307819255,03/2012,502,YES,2,19017.0,02/2008,2012,No
903,1,Mastercard,Debit,5830088551579353,08/2023,234,YES,2,13863.0,09/2007,2014,No
903,2,Discover,Credit,6207684045556324,06/2008,297,YES,2,400.0,06/2007,2010,No
904,0,Visa,Credit,4478225264154010,03/2006,285,YES,2,5100.0,05/1997,2010,No
904,1,Mastercard,Debit,5791246266185470,02/2024,833,YES,1,17620.0,11/2004,2011,No
904,2,Mastercard,Debit,5388327407245086,12/2018,809,YES,2,23572.0,11/2017,2017,No
904,3,Visa,Debit,4844854154690497,05/2023,285,YES,2,20773.0,05/2009,2011,No
905,0,Visa,Debit,4013218758934399,10/2012,551,YES,2,25124.0,02/2010,2010,No
906,0,Mastercard,Debit,5397399966487868,08/2023,71,YES,1,19465.0,04/1998,2012,No
906,1,Visa,Credit,4634733858816477,12/2021,388,YES,1,14100.0,08/2011,2013,No
906,2,Visa,Debit (Prepaid),4935298479806419,08/2022,570,YES,2,32.0,06/2005,2012,No
907,0,Mastercard,Debit,5270047889650775,09/2024,586,YES,2,16109.0,10/2009,2009,No
907,1,Discover,Credit,6163698170878871,01/2010,324,YES,1,8100.0,08/2006,2008,No
907,2,Visa,Debit,4133372133177612,04/2024,36,YES,2,16454.0,08/2004,2010,No
907,3,Mastercard,Credit,5519338595052196,04/2024,968,YES,2,7300.0,03/2009,2010,No
908,0,Mastercard,Debit (Prepaid),5611180263447982,04/2020,946,NO,2,46.0,04/2004,2010,No
908,1,Mastercard,Credit,5056525550531002,07/2022,251,YES,2,22200.0,03/2011,2011,No
908,2,Amex,Credit,337414078660495,06/2024,833,YES,1,26900.0,08/2008,2009,No
909,0,Amex,Credit,327212376390677,08/2023,611,YES,2,8700.0,10/2011,2013,No
909,1,Amex,Credit,389676870614061,10/2022,391,YES,2,4000.0,12/2003,2006,No
909,2,Mastercard,Credit,5761118180884911,02/2020,236,YES,1,7200.0,12/2007,2012,No
909,3,Visa,Debit,4440890128195970,09/2022,434,NO,2,14362.0,10/2005,2006,No
910,0,Mastercard,Debit,5803246848212927,08/2023,269,YES,2,20060.0,02/2012,2012,No
910,1,Visa,Debit,4623474503708079,11/2022,960,YES,2,17309.0,02/2007,2010,No
911,0,Mastercard,Debit,5024786214713145,09/2022,877,YES,1,38354.0,04/2004,2010,No
911,1,Mastercard,Debit,5504734087292061,09/2023,435,YES,2,49107.0,07/2007,2011,No
911,2,Visa,Debit,4858755901764608,10/2020,766,YES,1,8468.0,11/2006,2010,No
911,3,Mastercard,Debit,5577008661015609,02/2024,114,YES,1,28877.0,09/2003,2017,No
912,0,Visa,Debit,4835541986783117,02/2020,417,YES,1,33713.0,10/2011,2011,No
912,1,Visa,Credit,4294634745639513,09/2020,644,YES,1,25600.0,12/2009,2009,No
913,0,Discover,Credit,6892639215588426,07/2020,873,YES,1,9100.0,12/2010,2013,No
913,1,Visa,Debit,4833362009066626,09/2023,611,NO,2,793.0,02/2008,2008,No
913,2,Visa,Credit,4661245088949274,02/2022,138,YES,2,4200.0,11/2005,2011,No
914,0,Mastercard,Credit,5054102481336555,06/2023,835,YES,2,9900.0,04/2001,2007,No
914,1,Visa,Debit,4102856768520788,05/2022,534,YES,1,15082.0,11/2002,2006,No
914,2,Discover,Credit,6392121692006580,11/2023,277,YES,1,13100.0,04/2010,2013,No
914,3,Mastercard,Debit,5844706815586007,02/2022,961,YES,2,1385.0,10/2005,2012,No
914,4,Mastercard,Debit,5596899870960481,06/2022,269,YES,2,26506.0,02/2005,2008,No
914,5,Mastercard,Debit,5876088623884858,12/2014,299,NO,1,10488.0,05/2010,2010,No
914,6,Mastercard,Credit,5098820482811220,03/2022,546,YES,2,7000.0,01/2020,2020,No
914,7,Mastercard,Debit (Prepaid),5670263614078854,07/2024,491,YES,1,61.0,07/2015,2015,No
915,0,Mastercard,Debit,5858026767803910,05/2021,936,YES,2,8923.0,08/2004,2014,No
916,0,Mastercard,Debit,5332822054530194,07/2020,842,YES,2,29474.0,05/2017,2017,No
916,1,Mastercard,Debit,5735247274529263,02/2017,131,YES,2,25612.0,10/2010,2010,No
916,2,Visa,Credit,4319140159818945,06/2023,418,YES,2,12700.0,01/2010,2010,No
916,3,Visa,Debit,4816947607499082,02/2021,329,NO,2,9781.0,11/2006,2014,No
917,0,Visa,Credit,4219659798225505,06/2021,560,YES,2,12900.0,02/2020,2020,No
918,0,Visa,Debit,4492886045960839,10/2022,219,YES,1,20582.0,01/2020,2020,No
918,1,Visa,Debit,4251505296439839,11/2023,630,YES,1,9998.0,02/2003,2010,No
918,2,Mastercard,Debit,5434039936536227,01/2022,58,YES,1,11664.0,02/2011,2011,No
919,0,Visa,Debit,4176536655394795,12/2024,735,YES,2,27813.0,01/2020,2020,No
919,1,Mastercard,Credit,5084890972780156,02/2020,704,YES,2,11700.0,01/2020,2020,No
919,2,Mastercard,Debit,5776578098565133,01/2020,428,YES,1,19286.0,01/2020,2020,No
919,3,Mastercard,Debit,5938238674613511,12/2023,970,YES,1,22868.0,01/2020,2020,No
920,0,Visa,Credit,4865215431636927,04/2018,389,YES,1,15400.0,11/2003,2009,No
920,1,Mastercard,Debit,5543612189896625,09/2024,0,YES,2,26534.0,01/2011,2011,No
920,2,Amex,Credit,341920835415537,02/2011,577,YES,2,11100.0,07/2005,2012,No
920,3,Mastercard,Debit,5790687100361013,04/2020,543,YES,3,7446.0,10/2008,2015,No
920,4,Mastercard,Debit,5065594473717174,01/2020,573,NO,2,12607.0,03/2003,2015,No
920,5,Mastercard,Debit,5712388411358845,03/2024,375,YES,2,1053.0,03/2009,2011,No
921,0,Visa,Debit,4434834942514583,04/2021,392,YES,1,24424.0,07/2011,2011,No
921,1,Visa,Debit,4620908286307575,08/2022,924,YES,2,22330.0,06/2019,2019,No
921,2,Visa,Debit,4357162101921894,04/2024,602,YES,2,32659.0,01/2014,2014,No
922,0,Mastercard,Debit,5404676809155780,01/2021,360,YES,1,8822.0,02/2020,2020,No
922,1,Visa,Debit,4536446657466641,03/2020,729,YES,1,3549.0,02/2020,2020,No
923,0,Mastercard,Debit,5139260275619902,12/2018,356,YES,1,14939.0,07/2018,2018,No
923,1,Mastercard,Debit (Prepaid),5366605660821200,07/2021,820,YES,2,56.0,02/2019,2019,No
923,2,Mastercard,Credit,5722261582120036,06/2021,765,YES,2,8800.0,02/2002,2013,No
923,3,Visa,Credit,4920403884145613,08/2020,862,YES,1,9300.0,07/2000,2008,No
923,4,Mastercard,Credit,5287886813527779,09/2021,710,YES,1,6800.0,10/2010,2010,No
923,5,Mastercard,Debit,5273002914346439,03/2020,208,YES,2,12210.0,03/2005,2009,No
923,6,Mastercard,Debit,5731961436914517,08/2020,348,YES,2,6397.0,02/2008,2015,No
924,0,Mastercard,Debit (Prepaid),5729782750338524,03/2024,682,YES,1,92.0,10/2007,2007,No
924,1,Visa,Debit,4667494597335921,04/2016,716,YES,1,23053.0,04/2014,2014,No
924,2,Visa,Credit,4321453382786729,11/2024,699,YES,1,14900.0,12/2008,2011,No
924,3,Mastercard,Debit,5586848851452358,12/2021,999,YES,2,27046.0,04/2004,2015,No
924,4,Amex,Credit,375809277251923,02/2024,763,NO,1,2900.0,07/2015,2015,No
925,0,Mastercard,Debit,5305112976234173,12/2022,182,YES,1,10427.0,01/2020,2020,No
925,1,Mastercard,Debit,5936573293417599,02/2020,173,YES,1,8163.0,02/2020,2020,No
925,2,Visa,Debit,4551396345815636,10/2021,834,YES,2,26599.0,02/2020,2020,No
925,3,Mastercard,Credit,5754933315571734,08/2024,524,YES,2,3600.0,02/2020,2020,No
926,0,Mastercard,Debit (Prepaid),5644009999089881,07/2021,745,YES,2,68.0,01/2020,2020,No
927,0,Mastercard,Debit,5946098082933887,02/2020,492,YES,1,37661.0,02/2020,2020,No
927,1,Visa,Credit,4177846249033058,08/2024,974,YES,1,21400.0,02/2020,2020,No
927,2,Mastercard,Debit,5014002698424637,01/2022,789,YES,2,31271.0,02/2020,2020,No
928,0,Mastercard,Credit,5113385398145640,03/2011,64,YES,1,20800.0,10/2004,2007,No
928,1,Mastercard,Credit,5848472394865253,10/2020,65,YES,2,9000.0,09/2001,2010,No
928,2,Mastercard,Credit,5691724269449732,03/2024,70,NO,1,13100.0,10/1996,2012,No
928,3,Visa,Debit,4374177951721878,12/2023,692,NO,2,23636.0,05/2011,2013,No
929,0,Amex,Credit,308172687372686,08/2022,784,YES,1,8200.0,07/1998,2013,No
929,1,Visa,Credit,4539993816741443,03/2023,11,YES,1,6900.0,01/2012,2012,No
929,2,Mastercard,Debit,5101124751213938,11/2022,652,YES,2,13689.0,05/2016,2016,No
930,0,Mastercard,Debit,5826135241607424,02/2020,122,YES,2,5836.0,01/2020,2020,No
931,0,Mastercard,Credit,5920524223877097,11/2024,661,NO,1,12300.0,09/2007,2008,No
931,1,Mastercard,Credit,5098671138116677,12/2011,455,YES,1,7900.0,10/2010,2010,No
931,2,Visa,Credit,4281927270188113,03/2021,372,YES,1,13500.0,09/2005,2013,No
931,3,Mastercard,Debit (Prepaid),5548793272738670,04/2024,233,YES,1,41.0,01/2006,2010,No
932,0,Visa,Credit,4133581250475930,10/2022,896,YES,1,16400.0,01/2020,2020,No
932,1,Visa,Debit,4556637634817262,03/2023,126,YES,2,16293.0,05/2008,2009,No
932,2,Mastercard,Credit,5131036676128155,08/2024,342,YES,2,14300.0,07/2015,2015,No
932,3,Amex,Credit,387783458708691,03/2024,124,YES,1,21200.0,07/2007,2011,No
933,0,Visa,Debit,4536763812166738,01/2021,475,YES,1,11068.0,05/2012,2012,No
933,1,Mastercard,Debit,5796942838820076,10/2021,291,NO,1,14835.0,01/2020,2020,No
933,2,Amex,Credit,310838708616037,03/2022,96,NO,2,9300.0,12/2004,2014,No
933,3,Visa,Credit,4074614873243599,12/2020,16,YES,1,9400.0,02/2011,2011,No
934,0,Mastercard,Debit,5495672050218584,02/2022,792,YES,1,12566.0,08/2004,2015,No
934,1,Discover,Credit,6591224063219779,10/2020,174,YES,2,4100.0,05/2013,2013,No
934,2,Mastercard,Credit,5418010568255294,06/2018,205,YES,2,7400.0,11/2010,2012,No
934,3,Visa,Credit,4361264242552157,12/2021,440,YES,2,4200.0,10/2006,2011,No
935,0,Mastercard,Debit,5915885449164037,10/2022,744,YES,1,14388.0,12/2008,2015,No
935,1,Mastercard,Debit (Prepaid),5855592283767121,12/2020,132,YES,1,63.0,08/2006,2014,No
936,0,Mastercard,Credit,5388350141546014,01/2020,278,YES,2,8100.0,04/2005,2008,No
936,1,Amex,Credit,341587958222262,06/2024,281,YES,2,10000.0,05/2012,2012,No
937,0,Discover,Credit,6844863173851964,11/2024,435,YES,2,8700.0,04/2016,2016,No
937,1,Mastercard,Debit,5517394959961406,10/2023,758,NO,2,11900.0,07/2009,2010,No
937,2,Mastercard,Credit,5631203582527418,10/2023,995,YES,1,5700.0,09/2010,2015,No
937,3,Visa,Credit,4530836617790002,06/2022,596,YES,2,3400.0,02/2014,2014,No
937,4,Discover,Credit,6755650709292906,05/2023,220,YES,2,5300.0,09/2008,2011,No
938,0,Mastercard,Debit,5098350921641458,04/2023,974,YES,1,16082.0,10/1998,2010,No
938,1,Mastercard,Debit,5986700523468552,12/2020,317,YES,1,21552.0,06/2006,2006,No
938,2,Mastercard,Debit,5705118094307247,08/2022,295,YES,1,29037.0,11/2015,2015,No
938,3,Mastercard,Debit,5865202589439156,12/2006,927,YES,2,19107.0,05/2005,2005,No
938,4,Mastercard,Debit,5920582128586067,03/2012,387,YES,2,26562.0,10/2006,2008,No
938,5,Discover,Credit,6208549056774201,06/2020,325,YES,1,9800.0,09/2000,2011,No
939,0,Visa,Credit,4867749358306187,05/2023,503,YES,2,13000.0,01/2020,2020,No
939,1,Mastercard,Debit,5356595125371375,02/2020,118,YES,2,14733.0,01/2020,2020,No
939,2,Mastercard,Debit,5652463737028904,02/2020,322,YES,2,7476.0,02/2020,2020,No
939,3,Mastercard,Debit (Prepaid),5620630869634949,02/2024,155,YES,2,60.0,01/2020,2020,No
940,0,Mastercard,Debit,5442893744984249,06/2019,926,YES,2,29471.0,03/2005,2011,No
940,1,Visa,Credit,4273233611719444,10/2014,602,YES,1,17700.0,04/2005,2010,No
940,2,Mastercard,Debit,5036287741782216,04/2023,791,YES,2,11969.0,07/2008,2008,No
940,3,Visa,Debit,4685370244169283,04/2022,311,YES,2,7946.0,06/2007,2014,No
940,4,Visa,Debit (Prepaid),4616391251053035,06/2011,600,YES,1,41.0,09/2006,2017,No
941,0,Mastercard,Debit,5017276941811863,09/2023,728,YES,1,12873.0,10/2003,2008,No
941,1,Mastercard,Debit,5113638843250393,09/2023,734,YES,1,17629.0,04/2004,2012,No
942,0,Mastercard,Debit,5819953308753509,12/2024,978,YES,1,6497.0,01/2020,2020,No
942,1,Mastercard,Debit (Prepaid),5461501204746611,07/2021,921,YES,1,67.0,01/2020,2020,No
942,2,Visa,Credit,4172901867929023,06/2021,815,YES,1,3300.0,10/2015,2015,No
943,0,Visa,Debit (Prepaid),4338179283608637,01/2022,479,YES,2,85.0,04/2006,2010,No
943,1,Mastercard,Debit (Prepaid),5499438981291346,06/2020,547,NO,1,39.0,02/2006,2006,No
944,0,Mastercard,Debit,5317963113167475,08/2023,60,YES,1,26162.0,10/2014,2014,No
944,1,Visa,Credit,4499974645760874,12/2024,556,YES,1,13700.0,04/2011,2014,No
944,2,Visa,Debit,4855184148394849,01/2022,646,YES,2,31504.0,04/2009,2014,No
944,3,Mastercard,Debit,5095105587832290,04/2009,488,YES,2,9010.0,08/2006,2007,No
945,0,Mastercard,Debit,5716512774333391,07/2024,690,YES,1,64059.0,05/2015,2015,No
945,1,Mastercard,Debit (Prepaid),5128224925042600,03/2021,416,YES,2,62.0,10/2005,2008,No
945,2,Mastercard,Debit,5841318855882805,09/2018,598,NO,2,29601.0,11/2008,2011,No
945,3,Mastercard,Credit,5806437154431806,11/2012,9,YES,1,21800.0,07/2009,2014,No
945,4,Mastercard,Debit,5094889405071154,05/2022,229,YES,2,49790.0,12/2010,2010,No
946,0,Visa,Debit,4219882258727403,01/2020,656,YES,1,13438.0,07/2017,2017,No
946,1,Visa,Credit,4821384154009946,09/2024,7,YES,1,9600.0,03/2010,2011,No
946,2,Visa,Credit,4104821247175147,07/2021,10,YES,1,6300.0,11/2007,2007,No
946,3,Mastercard,Debit,5315137645798994,04/2023,777,YES,1,12348.0,09/2002,2008,No
947,0,Mastercard,Debit,5521656165067355,07/2020,771,YES,1,9632.0,01/2020,2020,No
947,1,Mastercard,Debit,5614214525430856,08/2024,54,YES,2,9490.0,02/2020,2020,No
947,2,Mastercard,Debit,5745960951909793,01/2024,921,NO,2,32399.0,01/2020,2020,No
948,0,Visa,Debit,4367233384706347,11/2015,188,NO,2,12810.0,04/2008,2008,No
948,1,Mastercard,Credit,5843002193982556,09/2012,247,YES,2,9300.0,09/2005,2014,No
948,2,Mastercard,Debit,5285092902484419,10/2017,930,YES,2,7564.0,11/2004,2016,No
949,0,Visa,Debit,4044587617721396,11/2021,838,YES,1,22765.0,08/2016,2016,No
949,1,Discover,Credit,6308747644809116,10/2021,62,YES,1,11300.0,06/2006,2012,No
949,2,Mastercard,Debit,5516369728570927,10/2022,822,YES,1,10369.0,01/2007,2011,No
949,3,Mastercard,Credit,5899977049289049,10/2020,747,YES,2,10200.0,01/2002,2011,No
949,4,Visa,Credit,4213819030854815,06/2024,692,YES,2,12100.0,05/2009,2019,No
949,5,Visa,Debit,4896500420485745,03/2020,197,YES,2,15409.0,06/2000,2017,No
950,0,Visa,Credit,4892840339331137,07/2024,127,YES,2,22500.0,02/2009,2012,No
950,1,Mastercard,Credit,5671490114250433,01/2020,534,NO,3,6700.0,01/2020,2020,No
951,0,Visa,Debit,4621289769533601,03/2022,629,YES,2,842.0,08/2009,2009,No
951,1,Mastercard,Debit,5087574290944963,08/2009,540,YES,2,10049.0,05/2009,2009,No
951,2,Mastercard,Debit,5469440611983411,06/2018,723,YES,2,11625.0,04/2010,2012,No
951,3,Mastercard,Credit,5944277345824239,11/2021,689,YES,2,5800.0,04/2010,2011,No
951,4,Mastercard,Debit,5515952308018882,02/2020,490,NO,3,17515.0,02/2008,2010,No
952,0,Visa,Debit,4556029140337815,07/2024,537,YES,2,1696.0,02/2020,2020,No
952,1,Discover,Credit,6713198244025271,10/2010,952,YES,2,11400.0,10/2010,2011,No
952,2,Visa,Credit,4609569293297684,07/2020,165,YES,2,10600.0,06/2005,2017,No
953,0,Discover,Credit,6960133989364222,12/2010,808,NO,1,21500.0,07/2010,2010,No
953,1,Mastercard,Debit,5988465973991532,10/2021,869,YES,2,32784.0,12/2004,2008,No
953,2,Mastercard,Debit,5477771408952435,04/2022,980,YES,2,13510.0,07/2007,2016,No
953,3,Visa,Credit,4275721419388991,08/2012,125,YES,1,14000.0,06/2012,2012,No
954,0,Mastercard,Debit (Prepaid),5477226022582793,04/2018,961,NO,3,38.0,11/2010,2013,No
955,0,Visa,Debit,4361413457601347,09/2020,932,NO,1,28471.0,02/2020,2020,No
955,1,Mastercard,Debit,5102512406568371,12/2023,196,YES,2,33833.0,01/2020,2020,No
956,0,Visa,Debit,4255117392431602,04/2020,582,NO,2,14751.0,07/1999,2012,No
957,0,Mastercard,Debit,5909062238371484,04/2024,211,YES,1,27268.0,07/2012,2012,No
957,1,Amex,Credit,346964605654298,02/2020,530,YES,1,16400.0,02/2020,2020,No
958,0,Mastercard,Credit,5802759460691737,12/2019,312,YES,1,17600.0,09/2007,2014,No
958,1,Mastercard,Debit,5050211780967429,04/2021,316,YES,2,31490.0,02/2011,2011,No
958,2,Mastercard,Debit,5691786126216800,06/2021,451,YES,2,31008.0,02/2020,2020,No
958,3,Mastercard,Debit,5472791324252431,04/2020,138,YES,2,25558.0,02/2020,2020,No
959,0,Mastercard,Debit (Prepaid),5348108239138924,11/2023,893,YES,2,54.0,02/2007,2010,No
959,1,Visa,Credit,4839347876295447,03/2024,844,YES,1,7200.0,02/2004,2015,No
959,2,Visa,Debit,4760435386907937,01/2022,2,YES,2,5080.0,04/2010,2010,No
959,3,Discover,Credit,6553992478482052,01/2020,897,YES,1,2700.0,01/2020,2020,No
959,4,Mastercard,Debit,5025292542824623,04/2021,264,YES,2,9278.0,09/2001,2011,No
959,5,Discover,Credit,6898335342234639,03/2022,107,YES,1,6000.0,03/2010,2016,No
960,0,Mastercard,Debit,5586398791957987,03/2022,828,YES,1,27243.0,01/2012,2012,No
960,1,Visa,Debit,4777281869545650,02/2017,256,YES,2,23237.0,02/2007,2009,No
960,2,Visa,Debit,4144623277980192,10/2022,645,YES,2,16008.0,11/2011,2011,No
960,3,Mastercard,Debit,5535701151074664,02/2022,987,YES,1,16279.0,01/2012,2012,No
960,4,Mastercard,Debit,5669514318855142,11/2014,958,NO,1,16003.0,09/2013,2013,No
961,0,Mastercard,Debit,5695114787068183,02/2021,881,YES,2,5488.0,08/2007,2014,No
962,0,Visa,Debit,4998267438899183,02/2020,675,YES,1,45222.0,02/2020,2020,No
962,1,Visa,Debit,4001532089642118,01/2021,681,YES,1,32071.0,01/2013,2013,No
963,0,Visa,Debit,4795449431320485,08/2020,55,YES,2,16783.0,02/2020,2020,No
964,0,Visa,Debit,4401985504522492,10/2023,745,YES,2,13524.0,02/2020,2020,No
964,1,Visa,Credit,4070730691570556,04/2021,834,YES,2,15000.0,02/2020,2020,No
965,0,Mastercard,Debit,5872231427146852,06/2005,616,YES,1,20062.0,10/2004,2010,No
965,1,Mastercard,Credit,5388336417003781,02/2021,355,YES,2,8100.0,01/2008,2009,No
965,2,Mastercard,Debit,5563354301495546,09/2021,337,NO,2,4335.0,09/2007,2007,No
965,3,Mastercard,Credit,5756823922746957,04/2024,644,YES,2,2000.0,09/2010,2010,No
966,0,Visa,Debit,4512873665454661,03/2022,854,YES,1,25445.0,08/2009,2009,No
966,1,Mastercard,Credit,5361975786587169,07/2024,39,YES,1,17400.0,02/2010,2010,No
966,2,Mastercard,Debit,5251416101381622,11/2019,577,YES,2,34684.0,11/2005,2008,No
966,3,Mastercard,Debit,5623100773698393,03/2022,956,YES,2,28125.0,11/2015,2015,No
966,4,Mastercard,Debit,5266317582741981,08/2020,276,YES,2,49705.0,02/2020,2020,No
967,0,Visa,Debit,4590278168014299,09/2014,921,NO,2,31424.0,07/2009,2010,No
967,1,Amex,Credit,398644935987910,03/2023,22,YES,2,7900.0,03/2012,2012,No
967,2,Mastercard,Debit,5259379174477000,06/2006,913,YES,1,19097.0,02/2006,2011,No
967,3,Amex,Credit,384866850602533,09/2021,24,YES,1,10100.0,10/2011,2015,No
968,0,Visa,Debit,4879393662835541,12/2023,176,YES,1,32423.0,03/2012,2012,No
968,1,Visa,Credit,4220895295503221,07/2015,14,YES,1,16900.0,11/2011,2011,No
968,2,Mastercard,Debit,5930100401040067,06/2021,908,YES,1,17686.0,02/2004,2007,No
969,0,Visa,Credit,4095931916462697,01/2020,979,NO,1,8100.0,08/2007,2009,No
969,1,Mastercard,Debit,5420156044028724,03/2020,391,NO,1,10059.0,06/2005,2014,No
969,2,Visa,Debit,4179763879293617,02/2022,245,NO,1,4302.0,09/2011,2015,No
969,3,Visa,Credit,4614912096462106,11/2020,84,YES,1,7300.0,02/2011,2011,No
970,0,Mastercard,Debit,5566661174535407,01/2024,748,YES,1,13123.0,10/2009,2014,No
970,1,Mastercard,Debit,5076319230738343,01/2023,951,YES,1,3630.0,06/2003,2009,No
970,2,Visa,Debit,4172998979903061,09/2022,521,YES,1,20173.0,08/2007,2012,No
971,0,Amex,Credit,338000149804579,09/2013,657,YES,1,9500.0,06/2010,2014,No
971,1,Mastercard,Debit,5752353826326176,05/2021,929,YES,2,10141.0,02/2020,2020,No
972,0,Visa,Credit,4380773389755661,04/2013,71,YES,1,16800.0,06/2011,2011,No
972,1,Visa,Credit,4344621368223240,11/2020,198,NO,1,15900.0,11/2019,2019,No
972,2,Mastercard,Debit,5476991702043637,11/2018,146,YES,1,24080.0,11/2016,2016,No
972,3,Visa,Credit,4049783428118055,12/2023,163,YES,1,20400.0,11/2007,2007,No
973,0,Mastercard,Credit,5502650201752905,04/2009,519,YES,1,22000.0,04/2007,2013,No
973,1,Visa,Credit,4659722496191511,09/2020,241,YES,2,28300.0,12/1999,2008,No
973,2,Mastercard,Debit,5022040734416407,01/2021,283,YES,1,27761.0,09/2010,2010,No
973,3,Mastercard,Credit,5413583936219095,03/2023,131,YES,1,21200.0,04/2005,2012,No
973,4,Visa,Debit,4696902139977410,03/2024,152,YES,1,20560.0,10/2009,2009,No
973,5,Mastercard,Debit,5148179955768342,01/2013,502,YES,2,3095.0,06/2008,2012,No
973,6,Mastercard,Debit,5732012596449271,06/2021,883,YES,2,43879.0,08/2006,2015,No
974,0,Mastercard,Debit,5477468554443618,09/2022,446,YES,2,21359.0,01/2020,2020,No
974,1,Mastercard,Credit,5467734960108980,10/2024,991,YES,1,10200.0,02/2020,2020,No
975,0,Visa,Debit,4212075848270095,08/2022,173,YES,2,16332.0,08/2012,2012,No
975,1,Mastercard,Credit,5389414515165982,12/2022,32,YES,1,9100.0,04/2010,2019,No
975,2,Visa,Debit,4211715476152920,03/2024,345,YES,1,2289.0,04/2011,2011,No
975,3,Visa,Debit,4870854561726482,06/2021,880,YES,1,23631.0,01/2006,2014,No
976,0,Mastercard,Debit,5155395661236319,06/2024,314,YES,1,17995.0,05/2013,2013,No
976,1,Mastercard,Credit,5945533510367596,01/2024,959,YES,1,14900.0,09/2001,2008,No
976,2,Mastercard,Debit,5319476333734439,02/2023,19,YES,2,26830.0,02/2004,2004,No
976,3,Mastercard,Debit,5123064836240629,03/2023,51,YES,1,202.0,03/2004,2013,No
976,4,Mastercard,Debit,5063433108745789,04/2023,5,NO,2,11460.0,04/2005,2012,No
977,0,Mastercard,Debit,5613513569349333,02/2020,114,YES,1,11934.0,02/2020,2020,No
977,1,Mastercard,Debit,5658431484394884,01/2020,315,YES,1,12427.0,01/2020,2020,No
977,2,Mastercard,Debit,5783091385721120,02/2020,13,YES,1,24432.0,01/2020,2020,No
978,0,Visa,Debit,4684387276535730,08/2024,268,YES,2,6513.0,02/2020,2020,No
978,1,Visa,Credit,4868914806629263,06/2021,736,YES,2,1500.0,01/2020,2020,No
979,0,Mastercard,Credit,5806288548928072,12/2024,798,YES,2,1500.0,08/2009,2009,No
979,1,Visa,Credit,4235472002609759,10/2009,833,YES,2,8300.0,07/2009,2011,No
979,2,Mastercard,Credit,5956371730449671,07/2024,475,YES,2,9300.0,01/2007,2010,No
979,3,Visa,Debit (Prepaid),4728580889162679,02/2020,997,YES,2,87.0,02/2020,2020,No
979,4,Mastercard,Debit,5166350097809360,10/2012,817,YES,1,14104.0,10/2011,2011,No
979,5,Mastercard,Debit,5920164874148882,05/2022,535,YES,2,14725.0,06/2011,2011,No
979,6,Visa,Debit,4207556954928499,03/2020,424,YES,2,12016.0,10/2008,2011,No
980,0,Mastercard,Debit,5127428041251945,08/2022,856,YES,2,22567.0,08/2008,2009,No
980,1,Visa,Debit,4692480656224077,03/2022,281,YES,2,26743.0,11/2006,2013,No
980,2,Visa,Debit,4694285041085172,02/2021,763,YES,1,16722.0,06/2000,2005,No
980,3,Visa,Debit,4976547749422816,09/2023,310,YES,2,9521.0,08/2006,2007,No
981,0,Mastercard,Debit,5835240657071891,12/2021,803,YES,1,14253.0,08/2014,2014,No
981,1,Mastercard,Debit (Prepaid),5839969091471132,12/2024,684,YES,1,78.0,01/2020,2020,No
981,2,Mastercard,Debit,5792572397689305,10/2024,358,YES,1,26678.0,01/2013,2013,No
981,3,Visa,Debit,4652000658523008,05/2023,271,YES,2,15652.0,04/2011,2011,No
982,0,Discover,Credit,6865624170982694,07/2009,784,YES,2,6900.0,09/2008,2011,No
983,0,Mastercard,Debit,5123561690852830,05/2024,861,YES,1,13378.0,02/2009,2009,No
983,1,Visa,Debit,4783119984911395,10/2020,467,YES,2,15516.0,09/1998,2014,No
983,2,Visa,Debit,4818828811526445,05/2024,311,YES,2,9956.0,07/2005,2010,No
983,3,Mastercard,Debit,5253350118420216,08/2020,499,YES,1,3614.0,10/2009,2009,No
983,4,Visa,Debit,4992215485322239,02/2020,201,YES,2,5992.0,11/2010,2011,No
984,0,Mastercard,Debit,5144399692785721,11/2023,732,YES,2,31219.0,02/2020,2020,No
984,1,Mastercard,Debit,5892951431288814,11/2021,447,YES,1,20619.0,07/2018,2018,No
984,2,Mastercard,Debit (Prepaid),5653678810336995,04/2019,732,YES,1,74.0,10/2009,2009,No
985,0,Visa,Debit,4573378734803801,06/2022,261,YES,1,22768.0,02/2020,2020,No
985,1,Visa,Credit,4460007278587507,01/2021,225,NO,1,3000.0,02/2020,2020,No
985,2,Mastercard,Credit,5775614858102647,01/2020,32,YES,2,11500.0,01/2020,2020,No
985,3,Mastercard,Debit,5388782065071878,01/2024,712,YES,2,7458.0,02/2020,2020,No
986,0,Visa,Debit,4088000072942924,04/2023,532,YES,1,15504.0,05/2011,2012,No
986,1,Mastercard,Credit,5886410081258720,02/2020,684,YES,1,5600.0,08/2004,2019,No
986,2,Mastercard,Debit,5247279086681076,04/2024,220,YES,2,3117.0,03/2001,2006,No
986,3,Visa,Debit,4215158911989619,03/2022,756,YES,1,14007.0,07/2000,2015,No
986,4,Visa,Debit,4995123817442034,04/2021,658,YES,2,13390.0,12/2008,2010,No
987,0,Visa,Debit,4048124341417315,10/2021,117,YES,2,35649.0,06/2006,2011,No
987,1,Visa,Debit,4160987980022088,10/2012,11,YES,2,18979.0,03/2004,2008,No
987,2,Mastercard,Credit,5640983344867524,02/2023,571,NO,2,10000.0,12/2006,2012,No
987,3,Visa,Debit (Prepaid),4201848747072347,08/2018,604,YES,2,63.0,08/2009,2014,No
988,0,Mastercard,Debit,5092269775831902,01/2021,394,YES,2,24878.0,08/2008,2011,No
988,1,Amex,Credit,395345060148797,05/2023,951,YES,2,23900.0,04/2010,2012,No
988,2,Mastercard,Debit,5661288400929871,02/2022,934,YES,2,9213.0,08/2005,2009,No
989,0,Visa,Debit,4535570138499229,07/2024,704,YES,2,23538.0,08/2011,2011,No
989,1,Visa,Debit,4931400640582638,09/2017,835,YES,2,15658.0,09/2016,2016,No
989,2,Mastercard,Credit,5099657480091697,05/2021,249,YES,1,8900.0,03/2006,2011,No
990,0,Mastercard,Debit (Prepaid),5932488176672897,02/2020,164,YES,1,58.0,01/2020,2020,No
990,1,Mastercard,Debit,5413909063250465,04/2022,732,YES,1,12782.0,02/2011,2011,No
990,2,Visa,Debit,4940361010295816,03/2016,253,YES,1,17297.0,10/2010,2010,No
990,3,Mastercard,Credit,5598315468243237,10/2024,385,YES,1,10600.0,08/1994,2011,No
991,0,Mastercard,Debit,5056408661252934,11/2020,961,YES,1,10644.0,02/2005,2011,No
991,1,Visa,Debit,4884544538827906,01/2015,296,YES,1,13438.0,09/2013,2013,No
991,2,Mastercard,Debit,5481725798944325,05/2023,964,YES,1,14269.0,02/1999,2011,No
992,0,Visa,Credit,4209302581526449,06/2023,777,YES,2,9300.0,02/2010,2010,No
992,1,Visa,Debit,4273067279715891,12/2017,541,YES,2,34175.0,07/2009,2011,No
993,0,Visa,Debit,4866092405623392,08/2024,386,YES,2,367.0,12/2006,2010,No
993,1,Mastercard,Debit,5746148101457486,06/2022,950,YES,2,441.0,09/2009,2014,No
994,0,Mastercard,Debit,5099488514797621,06/2021,652,YES,2,11087.0,05/2010,2011,No
994,1,Amex,Credit,398823738054759,09/2020,162,YES,2,12200.0,08/2009,2011,No
995,0,Mastercard,Debit,5329313809426347,11/2020,20,YES,2,12102.0,01/2010,2010,No
995,1,Mastercard,Debit,5518456077758792,06/2020,995,YES,1,24068.0,01/2009,2009,No
995,2,Mastercard,Debit,5404585495463228,10/2024,263,YES,2,15305.0,05/2017,2017,No
996,0,Visa,Debit,4014763594580478,10/2024,355,YES,2,11268.0,02/2009,2013,No
996,1,Mastercard,Debit,5817112710661345,01/2020,29,YES,2,5997.0,08/2006,2012,No
996,2,Amex,Credit,382683082835230,07/2021,521,YES,2,4000.0,04/2003,2011,No
996,3,Amex,Credit,316487244875963,08/2023,737,NO,2,9700.0,01/2009,2009,No
997,0,Mastercard,Debit,5161633770589124,02/2024,891,YES,2,21502.0,09/2018,2018,No
998,0,Mastercard,Debit,5267518025716847,01/2022,292,YES,2,2042.0,03/2006,2013,No
998,1,Mastercard,Debit,5343513913226549,09/2023,514,YES,1,13922.0,02/2006,2012,No
999,0,Discover,Credit,6441659233130363,03/2023,515,YES,2,13100.0,10/2006,2006,No
999,1,Visa,Debit,4268017872699469,11/2016,476,YES,2,15227.0,02/2008,2015,No
999,2,Visa,Credit,4033929197271889,01/2023,190,YES,2,3300.0,02/2010,2010,No
999,3,Visa,Debit,4759457733349546,10/2021,437,YES,1,19829.0,11/2005,2010,No
1000,0,Mastercard,Debit,5881679887889712,01/2020,806,NO,1,23996.0,01/2020,2020,No
1001,0,Mastercard,Debit (Prepaid),5560061541901648,11/2024,633,YES,1,55.0,09/2004,2010,No
1001,1,Visa,Debit,4531149590903516,08/2020,97,YES,1,37941.0,02/2020,2020,No
1001,2,Visa,Credit,4108533772649718,06/2008,548,YES,1,37600.0,11/2004,2006,No
1002,0,Visa,Debit,4137249838027633,04/2023,861,YES,2,33390.0,01/2003,2007,No
1002,1,Mastercard,Debit,5890246534257372,12/2021,12,YES,2,22532.0,08/2012,2012,No
1002,2,Mastercard,Debit,5800183437928465,04/2024,148,YES,2,16325.0,12/2015,2015,No
1002,3,Mastercard,Debit,5128197080308718,06/2023,759,YES,1,17885.0,04/2005,2010,No
1002,4,Visa,Debit,4704455652130191,12/2023,175,YES,1,24827.0,11/2003,2008,No
1002,5,Mastercard,Debit,5908095549619753,10/2015,530,YES,1,30704.0,05/2015,2015,No
1003,0,Visa,Debit,4279264771451574,02/2020,378,YES,2,13637.0,06/2010,2012,No
1003,1,Mastercard,Debit,5200107685480370,05/2024,624,YES,1,2504.0,10/2009,2016,No
1003,2,Visa,Debit,4003165279623450,03/2023,317,YES,1,15535.0,11/2006,2015,No
1003,3,Mastercard,Debit,5155468051288343,09/2022,703,YES,1,14898.0,08/2008,2008,No
1003,4,Mastercard,Debit,5625958291463283,07/2023,783,YES,2,9696.0,02/2008,2014,No
1003,5,Visa,Debit,4577924057885157,05/2023,594,YES,1,22310.0,09/2009,2011,No
1004,0,Visa,Debit (Prepaid),4291878920009873,01/2020,108,NO,1,76.0,01/2020,2020,No
1004,1,Amex,Credit,393079452928936,03/2024,826,YES,2,8000.0,01/2020,2020,No
1004,2,Mastercard,Credit,5443689960543700,11/2024,591,YES,2,9200.0,02/2020,2020,No
1004,3,Mastercard,Debit,5221540371047992,06/2020,258,YES,1,21244.0,02/2020,2020,No
1004,4,Visa,Debit,4041750526955037,06/2022,408,NO,2,20751.0,02/2020,2020,No
1005,0,Mastercard,Debit,5508553199519084,03/2019,196,YES,2,16347.0,03/2004,2010,No
1006,0,Visa,Debit,4954962607216980,10/2023,995,YES,1,23404.0,07/2010,2012,No
1006,1,Visa,Debit,4435466238583873,04/2022,708,YES,2,20930.0,10/2002,2008,No
1006,2,Visa,Debit,4343642801597529,08/2013,754,YES,2,23014.0,03/2013,2013,No
1007,0,Visa,Credit,4858459431343518,12/2022,674,YES,2,9500.0,01/2020,2020,No
1008,0,Mastercard,Debit,5328768325200248,06/2020,645,YES,1,2778.0,02/1998,2005,No
1008,1,Amex,Credit,321353785529607,02/2020,213,YES,2,11800.0,04/2015,2015,No
1008,2,Discover,Credit,6281560178306833,10/2020,359,YES,1,11500.0,05/2004,2007,No
1008,3,Discover,Credit,6745517172173148,02/2009,611,YES,2,13000.0,02/2008,2009,No
1008,4,Visa,Debit,4882435446100322,12/2024,332,YES,1,21102.0,04/2016,2016,No
1008,5,Visa,Debit (Prepaid),4900895647847430,03/2021,730,YES,1,60.0,09/2006,2009,No
1009,0,Visa,Credit,4299314704025381,06/2020,215,YES,2,23100.0,01/2008,2010,No
1009,1,Mastercard,Debit,5779825688535232,03/2021,458,YES,1,34826.0,08/2015,2015,No
1009,2,Visa,Debit,4276546488958933,12/2023,54,NO,1,25429.0,10/2016,2016,No
1010,0,Mastercard,Debit,5098870349133203,12/2022,435,YES,1,79717.0,02/2001,2013,No
1010,1,Mastercard,Debit,5432650033328112,04/2023,920,YES,2,5307.0,06/2004,2010,No
1010,2,Mastercard,Debit,5405681429153556,04/2019,810,YES,2,47131.0,07/2005,2008,No
1010,3,Mastercard,Debit,5336536496743892,10/2021,805,YES,2,36724.0,01/2005,2010,No
1010,4,Mastercard,Debit,5244693372159107,10/2024,682,YES,1,6875.0,02/2010,2012,No
1011,0,Mastercard,Debit,5371571902299645,04/2024,46,YES,1,17229.0,11/2012,2012,No
1011,1,Mastercard,Debit,5404154440554855,05/2022,190,YES,1,31747.0,02/2015,2015,No
1011,2,Mastercard,Debit,5004660687674189,01/2023,841,YES,2,50127.0,02/2013,2013,No
1012,0,Discover,Credit,6983129592633814,10/2022,237,YES,2,21400.0,02/2010,2010,No
1013,0,Mastercard,Debit,5968559734305335,01/2022,303,YES,2,24614.0,09/2007,2012,No
1013,1,Mastercard,Debit,5365437807241284,12/2023,623,YES,2,2809.0,09/2006,2011,No
1013,2,Mastercard,Debit,5672946381379338,03/2007,314,NO,2,15076.0,07/2003,2015,No
1013,3,Visa,Debit,4858037645038535,09/2020,745,YES,1,27646.0,07/2008,2009,No
1014,0,Mastercard,Debit,5243874409265567,01/2021,702,YES,1,20447.0,01/2017,2017,No
1014,1,Mastercard,Debit,5275365619003581,10/2021,507,YES,1,29948.0,04/2011,2011,No
1014,2,Visa,Debit,4182859596486161,09/2020,890,YES,2,28021.0,09/2003,2011,No
1014,3,Mastercard,Debit (Prepaid),5298865153588955,12/2013,297,NO,1,58.0,12/2013,2013,No
1015,0,Mastercard,Debit (Prepaid),5023362294953907,08/2020,641,YES,2,44.0,01/2020,2020,No
1016,0,Mastercard,Debit,5537790974948480,02/2022,935,YES,2,19880.0,02/2020,2020,No
1016,1,Mastercard,Credit,5024975183096428,04/2021,542,YES,1,12700.0,01/2020,2020,No
1017,0,Visa,Debit,4445219636598507,03/2024,699,YES,1,42670.0,02/2012,2012,No
1017,1,Mastercard,Debit,5621630163698126,02/2020,106,NO,1,21611.0,01/2020,2020,No
1017,2,Mastercard,Debit,5918825657025750,07/2021,152,YES,2,50521.0,06/2018,2018,No
1017,3,Mastercard,Debit,5734359364174769,03/2024,802,YES,2,27982.0,04/2010,2010,No
1017,4,Mastercard,Debit,5143782902956271,10/2023,803,YES,1,22886.0,12/2009,2009,No
1017,5,Mastercard,Debit,5358748385757375,11/2020,637,YES,2,32049.0,05/2005,2005,No
1017,6,Mastercard,Debit,5457892332691018,06/2023,949,NO,1,45141.0,10/2008,2010,No
1018,0,Mastercard,Debit (Prepaid),5525601416941014,11/2023,154,YES,1,44.0,10/2004,2014,No
1019,0,Amex,Credit,302324154583308,07/2023,777,YES,1,26900.0,05/2002,2019,No
1019,1,Mastercard,Debit,5977051342540190,06/2023,806,YES,2,5414.0,11/2011,2012,No
1019,2,Mastercard,Debit,5884636845919714,07/2018,425,YES,2,17846.0,10/2004,2011,No
1019,3,Visa,Debit (Prepaid),4086369836640262,11/2022,257,YES,2,51.0,07/2010,2014,No
1019,4,Mastercard,Debit,5940949386888214,01/2019,618,YES,2,39080.0,02/2000,2017,No
1020,0,Mastercard,Credit,5891980090129648,05/2024,843,YES,1,5600.0,06/2008,2011,No
1020,1,Mastercard,Debit,5805477288229197,02/2020,832,YES,2,7090.0,05/2007,2017,No
1020,2,Amex,Credit,358240905315315,04/2023,544,YES,1,4600.0,07/2012,2012,No
1020,3,Amex,Credit,354505344407390,04/2020,793,YES,1,6900.0,06/2007,2008,No
1021,0,Discover,Credit,6910816000642923,03/2020,845,YES,2,7900.0,03/2001,2004,No
1021,1,Mastercard,Debit,5031093004521446,07/2023,834,NO,1,415.0,06/2011,2013,No
1022,0,Amex,Credit,387423675573298,06/2021,864,YES,1,11800.0,02/2020,2020,No
1023,0,Mastercard,Debit,5392581536940682,04/2020,63,YES,1,10107.0,08/2019,2019,No
1024,0,Visa,Debit,4062156976910800,10/2024,305,NO,2,12286.0,06/2004,2013,No
1024,1,Mastercard,Debit,5419592121545154,01/2022,42,YES,2,18894.0,02/2009,2015,No
1025,0,Mastercard,Debit,5235277792486600,11/2017,314,YES,1,35175.0,08/2013,2013,No
1025,1,Mastercard,Debit,5526616116382741,10/2021,600,YES,1,21205.0,06/2005,2010,No
1025,2,Mastercard,Debit,5071372204646552,11/2021,958,NO,1,25985.0,07/2017,2017,No
1025,3,Mastercard,Debit,5313636141539714,06/2024,212,NO,1,39431.0,07/2004,2008,No
1025,4,Visa,Debit,4631337182936138,03/2024,847,YES,2,18288.0,08/2010,2012,No
1026,0,Visa,Credit,4142865741084776,08/2020,302,YES,1,9000.0,01/2007,2007,No
1026,1,Mastercard,Debit,5823085266965025,10/2021,876,YES,2,12367.0,03/2008,2008,No
1026,2,Mastercard,Debit,5708920987862167,09/2021,17,YES,2,19619.0,06/2016,2016,No
1027,0,Amex,Credit,330378740053511,06/2020,959,YES,1,12800.0,01/2020,2020,No
1028,0,Visa,Credit,4260552166292092,06/2022,384,YES,1,9500.0,02/2014,2014,No
1029,0,Mastercard,Debit,5873966669352213,09/2024,809,YES,2,3966.0,01/2008,2013,No
1029,1,Mastercard,Debit,5229231041808987,11/2009,670,YES,2,8812.0,09/2009,2009,No
1029,2,Visa,Debit,4324205574305224,10/2022,92,YES,2,13434.0,03/2003,2003,No
1029,3,Mastercard,Debit,5081900353730451,11/2020,533,YES,1,13104.0,12/2008,2017,No
1030,0,Mastercard,Debit,5203247586217393,09/2021,503,YES,1,9454.0,04/2002,2007,No
1030,1,Mastercard,Debit,5410528927271572,01/2020,651,YES,1,13764.0,11/2012,2012,No
1030,2,Mastercard,Debit,5892723462268595,05/2024,355,YES,1,14639.0,08/2018,2018,No
1030,3,Mastercard,Debit,5896330225827400,08/2024,851,NO,2,20277.0,08/2014,2014,No
1030,4,Mastercard,Debit,5342464568793113,02/2020,260,YES,1,11166.0,02/2020,2020,No
1031,0,Mastercard,Credit,5632468453747633,06/2024,296,YES,2,7200.0,11/2007,2010,No
1031,1,Mastercard,Debit,5754434443697253,11/2022,789,YES,1,12389.0,06/2016,2016,No
1032,0,Visa,Debit,4639713693974383,02/2023,69,YES,2,2121.0,01/2005,2009,No
1032,1,Visa,Debit,4025137324225957,11/2024,653,YES,2,13455.0,11/2001,2011,No
1032,2,Visa,Debit (Prepaid),4595382752542331,08/2023,475,YES,2,48.0,03/2009,2013,No
1032,3,Mastercard,Debit (Prepaid),5680583752844424,02/2022,504,YES,2,49.0,11/2009,2009,No
1032,4,Visa,Credit,4944959860713657,07/2022,21,YES,2,5000.0,01/2013,2013,No
1032,5,Mastercard,Credit,5925756786369213,06/2010,556,NO,1,6800.0,06/2005,2009,No
1033,0,Visa,Credit,4225059111399176,06/2021,829,YES,2,24900.0,05/2008,2013,No
1033,1,Mastercard,Debit,5515747009144505,01/2024,306,YES,2,19670.0,01/2005,2009,No
1033,2,Mastercard,Debit,5764133440846689,07/2024,480,YES,2,23231.0,02/2020,2020,No
1033,3,Visa,Debit (Prepaid),4203776062748208,03/2022,193,YES,2,18.0,03/2006,2013,No
1034,0,Mastercard,Debit,5480998753252900,07/2021,110,YES,1,13699.0,10/2019,2019,No
1034,1,Visa,Credit,4748763826906132,05/2017,478,NO,2,11700.0,09/2006,2010,No
1034,2,Mastercard,Credit,5274567500521135,11/2010,89,YES,1,1800.0,11/2010,2010,No
1034,3,Mastercard,Debit,5100254410135496,10/2023,723,YES,1,15612.0,11/2012,2012,No
1035,0,Mastercard,Debit,5233470858754888,08/2024,870,YES,1,4699.0,09/2007,2018,No
1036,0,Mastercard,Debit,5634720557033736,02/2021,644,YES,1,77778.0,02/2020,2020,No
1036,1,Visa,Debit,4288163100200556,10/2023,765,NO,1,31755.0,07/2008,2008,No
1036,2,Mastercard,Debit,5648047323588801,11/2024,470,YES,1,28601.0,04/2012,2012,No
1036,3,Mastercard,Credit,5628686337388309,03/2010,842,YES,2,25900.0,04/2005,2011,No
1036,4,Mastercard,Debit (Prepaid),5293099993474749,06/2009,140,YES,2,97.0,10/2001,2010,No
1036,5,Mastercard,Debit,5584427717587374,05/2023,957,NO,2,22553.0,08/2007,2010,No
1036,6,Mastercard,Debit (Prepaid),5276972829621865,05/2022,803,YES,2,65.0,11/2010,2015,No
1036,7,Mastercard,Debit,5562768142811109,10/2024,267,YES,2,21225.0,01/2003,2012,No
1037,0,Mastercard,Credit,5195862758999591,12/2021,426,YES,2,13300.0,01/2020,2020,No
1037,1,Mastercard,Debit,5180139423244093,07/2022,633,YES,2,9141.0,02/2010,2011,No
1038,0,Mastercard,Debit,5647392545129328,05/2021,236,YES,2,14733.0,12/2009,2011,No
1038,1,Visa,Debit,4543221446829326,08/2023,587,YES,1,15814.0,11/2002,2010,No
1038,2,Mastercard,Debit,5848203145087847,05/2021,597,YES,1,20816.0,03/2013,2013,No
1038,3,Visa,Credit,4681503612415898,02/2014,86,YES,2,8500.0,09/2008,2010,No
1039,0,Mastercard,Debit,5620673787409550,07/2021,842,YES,1,35493.0,08/2018,2018,No
1039,1,Mastercard,Debit,5849371224627148,07/2020,636,YES,2,58311.0,10/2013,2013,No
1039,2,Mastercard,Credit,5981150339766533,09/2023,601,YES,1,24700.0,02/2020,2020,No
1039,3,Mastercard,Debit,5656999344150658,10/2024,761,YES,2,66779.0,01/2009,2011,No
1039,4,Mastercard,Debit (Prepaid),5964863053217701,02/2024,287,YES,1,58.0,02/2007,2012,No
1040,0,Discover,Credit,6932682320710660,08/2023,294,YES,2,7400.0,03/2009,2017,No
1040,1,Mastercard,Debit,5839391622959364,10/2020,985,YES,2,11310.0,12/2008,2012,No
1040,2,Mastercard,Credit,5451139349544228,08/2019,832,NO,2,7200.0,02/2011,2011,No
1041,0,Mastercard,Debit,5893992585377552,04/2022,46,NO,1,28352.0,03/2010,2012,No
1041,1,Amex,Credit,344769057601771,06/2016,588,YES,2,10000.0,05/2009,2011,No
1041,2,Mastercard,Debit,5475273052994397,02/2024,101,YES,1,32325.0,09/2016,2016,No
1041,3,Mastercard,Debit,5682219058474739,05/2018,67,YES,2,22405.0,07/2014,2014,No
1041,4,Amex,Credit,335960480212340,01/2021,29,YES,1,17300.0,06/2008,2013,No
1042,0,Mastercard,Debit,5734847771716584,07/2020,423,YES,1,11163.0,01/2020,2020,No
1042,1,Mastercard,Debit,5018191731735773,02/2024,889,YES,1,13612.0,05/2011,2011,No
1042,2,Visa,Debit,4764927598078199,12/2016,254,YES,1,11168.0,11/2009,2009,No
1043,0,Visa,Credit,4821644277167168,03/2020,978,NO,2,6200.0,01/2020,2020,No
1043,1,Mastercard,Debit (Prepaid),5332123291595768,05/2019,494,YES,1,61.0,04/2008,2009,No
1043,2,Mastercard,Debit,5981206880089611,02/2020,421,YES,1,12103.0,02/2019,2019,No
1044,0,Discover,Credit,6880652319415117,08/2022,218,YES,2,7900.0,05/2009,2010,No
1044,1,Mastercard,Debit,5603221270332940,06/2016,316,YES,1,11408.0,03/2012,2012,No
1045,0,Mastercard,Debit,5101090738920824,07/2021,325,YES,1,22362.0,09/2010,2014,No
1046,0,Visa,Debit,4641287909590417,09/2020,819,YES,1,14993.0,02/2020,2020,No
1046,1,Amex,Credit,324659664188559,04/2024,330,NO,2,8300.0,02/2020,2020,No
1047,0,Mastercard,Debit,5900286231363635,12/2021,172,YES,1,29716.0,12/2009,2011,No
1047,1,Visa,Debit,4993861165139696,10/2009,663,YES,1,19258.0,08/2009,2011,No
1047,2,Visa,Credit,4355832454848293,08/2020,490,YES,3,13400.0,05/2009,2011,No
1047,3,Visa,Credit,4746650219933871,09/2022,32,YES,2,17100.0,02/2020,2020,No
1048,0,Visa,Debit,4954234286771971,09/2022,1,YES,2,16736.0,02/2020,2020,No
1048,1,Mastercard,Debit,5149907991090612,09/2021,275,YES,1,10196.0,01/2020,2020,No
1049,0,Visa,Debit,4636302289774996,09/2014,898,YES,1,20961.0,09/2004,2010,No
1049,1,Mastercard,Credit,5703235867357528,02/2023,825,YES,2,10500.0,05/2003,2016,No
1049,2,Amex,Credit,365377878162370,10/2023,964,YES,2,16500.0,01/2013,2013,No
1050,0,Visa,Credit,4498319484048588,08/2016,282,YES,2,11300.0,05/2016,2016,No
1050,1,Mastercard,Debit,5909552342193744,12/2021,675,YES,1,13866.0,02/2018,2018,No
1050,2,Mastercard,Debit,5494745672321744,05/2021,61,YES,2,14913.0,02/2010,2010,No
1051,0,Discover,Credit,6130054955952438,10/2022,970,YES,1,6100.0,02/2020,2020,No
1052,0,Visa,Debit,4852239481506092,11/2012,226,NO,1,3728.0,10/2010,2010,No
1052,1,Discover,Credit,6172129329668613,10/2024,585,YES,1,7400.0,07/2001,2007,No
1052,2,Mastercard,Debit (Prepaid),5821558147911214,10/2020,558,YES,1,77.0,09/2009,2009,No
1052,3,Visa,Debit,4643281848838061,02/2021,413,YES,1,12299.0,03/2005,2007,No
1053,0,Visa,Credit,4086497597276972,03/2021,383,YES,2,6800.0,01/2010,2010,No
1053,1,Visa,Debit (Prepaid),4841317910712429,02/2022,858,YES,1,77.0,01/2020,2020,No
1054,0,Mastercard,Debit,5153811866078718,01/2017,115,YES,2,2172.0,06/2009,2017,No
1054,1,Mastercard,Debit,5514582408709018,04/2021,117,YES,1,8661.0,01/2020,2020,No
1054,2,Visa,Debit,4456142342115909,03/2023,189,YES,2,4009.0,01/2020,2020,No
1055,0,Amex,Credit,344844394968700,12/2020,973,YES,1,11200.0,02/2020,2020,No
1055,1,Visa,Debit,4061650049353084,12/2021,542,YES,2,16479.0,01/2020,2020,No
1056,0,Mastercard,Debit (Prepaid),5874995941788498,06/2022,595,YES,1,65.0,11/2012,2012,No
1056,1,Mastercard,Debit,5757503231654928,07/2021,514,YES,1,17993.0,06/2012,2012,No
1057,0,Mastercard,Debit,5128394597214303,04/2011,984,YES,2,16398.0,12/2005,2005,No
1057,1,Mastercard,Debit,5013050025628156,10/2021,272,YES,2,21284.0,06/1998,2016,No
1058,0,Visa,Debit,4683799898016256,09/2021,938,NO,2,13022.0,06/2015,2015,No
1058,1,Visa,Credit,4591328314306371,11/2020,252,YES,1,8500.0,02/2020,2020,No
1059,0,Visa,Debit,4130167694765134,06/2024,299,YES,1,34123.0,06/2009,2009,No
1059,1,Mastercard,Debit,5123318890212912,10/2013,821,YES,1,25670.0,05/1999,2010,No
1059,2,Mastercard,Credit,5719709279353504,07/2020,403,YES,1,9000.0,05/1999,2012,No
1059,3,Visa,Debit,4963194250583008,09/2023,150,YES,2,8280.0,12/2008,2017,No
1060,0,Amex,Credit,398638761436555,01/2021,177,YES,2,6400.0,10/2010,2011,No
1060,1,Mastercard,Debit,5945807507752763,08/2022,282,YES,2,9741.0,12/2001,2010,No
1060,2,Mastercard,Debit,5228524583663222,06/2023,720,YES,2,1326.0,03/2001,2011,No
1060,3,Discover,Credit,6151262896814388,10/2022,10,YES,2,3600.0,10/1998,2005,No
1060,4,Mastercard,Credit,5824671780662841,05/2022,554,YES,1,5500.0,03/2006,2012,No
1061,0,Mastercard,Debit,5397488043496245,10/2020,915,YES,2,16675.0,03/2009,2009,No
1061,1,Visa,Debit,4003397958786978,05/2021,994,YES,2,21594.0,01/2015,2015,No
1061,2,Visa,Debit,4345910488111903,02/2020,867,YES,1,14277.0,06/2012,2012,No
1061,3,Visa,Debit,4169464534562522,09/2021,770,YES,2,13368.0,04/2014,2014,No
1061,4,Mastercard,Credit,5242288844676225,05/2020,740,YES,1,12700.0,12/2007,2016,No
1062,0,Amex,Credit,309312757333159,05/2015,253,YES,1,11200.0,06/2000,2013,No
1062,1,Visa,Debit,4547819605508075,06/2024,410,YES,1,1342.0,09/2008,2008,No
1062,2,Visa,Credit,4285723805461636,05/2024,282,YES,2,8700.0,05/2008,2009,No
1062,3,Visa,Debit (Prepaid),4505985086777391,06/2019,675,YES,2,75.0,03/2019,2019,No
1062,4,Mastercard,Debit,5610643638268100,10/2021,739,YES,1,35062.0,02/2004,2011,No
1062,5,Mastercard,Debit,5972507233494518,02/2020,29,YES,2,17503.0,08/2019,2019,No
1062,6,Visa,Credit,4807938969312222,10/2021,158,YES,1,16900.0,11/2011,2011,No
1063,0,Mastercard,Credit,5595124692967493,01/2023,474,NO,2,9000.0,10/2010,2010,No
1063,1,Visa,Credit,4552564122869013,04/2024,816,YES,2,9800.0,09/2012,2012,No
1063,2,Mastercard,Credit,5374521575849221,12/2023,720,YES,1,10600.0,12/2008,2009,No
1063,3,Visa,Credit,4913659581054321,08/2020,55,YES,1,7200.0,03/2013,2013,No
1063,4,Amex,Credit,358698367361738,11/2023,803,YES,2,7900.0,06/2007,2017,No
1064,0,Mastercard,Debit,5247241630893016,02/2020,285,YES,2,12189.0,06/2011,2011,No
1064,1,Amex,Credit,363194829032279,09/2021,307,NO,1,12300.0,12/1997,2009,No
1064,2,Visa,Debit,4348922167384229,06/2022,256,YES,2,8702.0,01/2010,2014,No
1064,3,Mastercard,Debit,5813126802246388,12/2022,390,YES,2,10638.0,09/2004,2010,No
1064,4,Amex,Credit,355893231059855,11/2020,374,YES,2,5800.0,02/1998,2010,No
1064,5,Mastercard,Credit,5937483494199250,09/2020,651,YES,1,13200.0,03/2002,2018,No
1064,6,Mastercard,Credit,5696507697447293,10/2021,829,YES,2,4800.0,12/2005,2009,No
1065,0,Mastercard,Credit,5202407614887772,11/2020,17,YES,2,6800.0,08/2013,2013,No
1065,1,Visa,Debit (Prepaid),4805717527228441,04/2020,689,YES,2,64.0,10/2018,2018,No
1066,0,Visa,Credit,4846880896921020,09/2011,89,YES,1,5800.0,08/2010,2010,No
1066,1,Mastercard,Debit,5342017674521143,08/2024,200,YES,2,22742.0,01/2009,2009,No
1066,2,Amex,Credit,342127756889068,04/2020,505,YES,1,19300.0,02/2003,2013,No
1066,3,Visa,Credit,4998523019501501,03/2024,730,YES,1,13800.0,11/2008,2008,No
1067,0,Mastercard,Credit,5990870436342591,12/2022,373,YES,2,8200.0,03/2007,2010,No
1068,0,Visa,Debit,4072906383807827,08/2021,134,YES,2,840.0,01/2020,2020,No
1069,0,Visa,Credit,4896740019424793,02/2023,107,YES,2,12600.0,11/1996,2014,No
1069,1,Mastercard,Debit,5527540454179734,09/2023,594,YES,2,15552.0,06/2010,2014,No
1069,2,Visa,Debit,4084744531899336,08/2022,22,YES,1,5133.0,08/2008,2008,No
1069,3,Mastercard,Debit,5573928816931767,11/2020,814,YES,2,24049.0,07/2006,2013,No
1070,0,Visa,Debit,4736166071228961,10/2020,535,YES,1,17382.0,02/2020,2020,No
1070,1,Visa,Debit,4043193069414737,09/2021,859,NO,1,19483.0,02/2020,2020,No
1071,0,Visa,Debit,4549207388694992,07/2020,454,YES,2,2174.0,12/2002,2010,No
1072,0,Mastercard,Debit,5800282249045735,08/2017,159,YES,2,25301.0,08/2014,2014,No
1072,1,Visa,Credit,4500413559560458,09/2012,772,YES,2,11000.0,09/2011,2013,No
1072,2,Discover,Credit,6910507672679889,11/2022,303,YES,1,7100.0,02/2020,2020,No
1073,0,Mastercard,Debit (Prepaid),5359728537890316,10/2008,268,YES,2,57.0,08/2008,2008,No
1073,1,Mastercard,Debit (Prepaid),5525521386256143,11/2016,10,YES,2,33.0,06/2006,2013,No
1073,2,Visa,Credit,4261459508856281,03/2024,100,NO,1,10900.0,02/2020,2020,No
1074,0,Visa,Credit,4733101280516220,10/2021,91,YES,2,7100.0,10/2007,2007,No
1074,1,Mastercard,Debit,5182798655253669,02/2022,237,YES,1,10005.0,04/2012,2012,No
1075,0,Visa,Debit,4170281671173425,09/2023,374,YES,1,10627.0,11/2011,2011,No
1075,1,Mastercard,Debit,5090352145878323,09/2024,699,NO,2,12157.0,01/2010,2019,No
1075,2,Mastercard,Debit,5697088180898071,03/2008,622,YES,1,60.0,09/2004,2009,No
1075,3,Mastercard,Credit,5190258026083823,12/2020,16,YES,2,10600.0,06/2003,2008,No
1075,4,Visa,Debit,4513747100786400,11/2023,697,YES,1,17383.0,03/2012,2012,No
1076,0,Mastercard,Credit,5425086965050395,07/2022,286,YES,1,14200.0,06/2015,2015,No
1077,0,Mastercard,Debit,5293577583483472,12/2021,468,NO,2,11620.0,02/2010,2010,No
1077,1,Visa,Debit,4905889899631048,01/2020,87,YES,2,16642.0,01/2007,2012,No
1077,2,Mastercard,Credit,5312371772380380,05/2020,749,YES,1,6900.0,02/2017,2017,No
1077,3,Visa,Credit,4205841889242536,09/2007,193,NO,2,12500.0,10/2006,2012,No
1078,0,Mastercard,Debit,5768034144342998,09/2024,339,YES,2,14814.0,03/2008,2008,No
1078,1,Amex,Credit,375781387847037,09/2021,910,YES,1,10900.0,06/2011,2011,No
1078,2,Mastercard,Debit,5422477428882353,01/2023,49,YES,2,17253.0,09/2009,2011,No
1079,0,Visa,Debit,4022388623982220,09/2009,297,YES,2,20756.0,08/2009,2009,No
1079,1,Mastercard,Debit,5892815616421272,02/2020,831,YES,2,22132.0,01/2018,2018,No
1079,2,Mastercard,Debit (Prepaid),5936702504666287,07/2010,175,YES,2,63.0,11/2009,2009,No
1079,3,Mastercard,Credit,5172991779853899,11/2024,993,YES,1,12100.0,03/2009,2010,No
1079,4,Visa,Debit (Prepaid),4445518698030679,03/2024,772,YES,2,71.0,07/2007,2014,No
1079,5,Mastercard,Credit,5296450786659328,06/2020,567,YES,2,13000.0,08/2017,2017,No
1080,0,Mastercard,Debit,5412731781518758,05/2018,599,YES,2,12047.0,04/2000,2008,No
1081,0,Visa,Credit,4942437694778245,10/2020,805,NO,2,14900.0,01/2008,2011,No
1081,1,Mastercard,Debit,5587024233247132,11/2022,531,YES,2,14066.0,02/2010,2012,No
1081,2,Mastercard,Debit (Prepaid),5959812127527703,09/2021,122,NO,2,60.0,05/2005,2013,No
1081,3,Mastercard,Debit,5736162855690730,12/2024,93,YES,3,18242.0,04/2003,2011,No
1081,4,Mastercard,Debit,5554908163647067,09/2023,289,YES,2,2041.0,04/1997,2012,No
1081,5,Mastercard,Debit (Prepaid),5870295343668374,12/2022,16,YES,2,46.0,09/2009,2016,No
1082,0,Visa,Credit,4718480260665073,07/2020,909,YES,1,12700.0,12/2010,2011,No
1082,1,Mastercard,Debit,5871278934255113,02/2020,101,YES,1,27124.0,02/2020,2020,No
1082,2,Discover,Credit,6513518494320521,05/2023,191,YES,2,6400.0,02/2020,2020,No
1083,0,Visa,Credit,4997594823384918,10/2021,0,YES,2,4300.0,01/2011,2011,No
1084,0,Mastercard,Debit,5209218070425035,09/2020,25,YES,1,1993.0,10/2007,2015,No
1085,0,Mastercard,Debit,5770262844753641,02/2020,717,YES,2,18171.0,04/2014,2014,No
1085,1,Visa,Debit,4825679880273598,07/2024,133,YES,1,44314.0,07/2005,2008,No
1085,2,Discover,Credit,6994217664929322,11/2022,198,NO,1,12700.0,10/2001,2009,No
1086,0,Mastercard,Debit,5136583159442030,07/2019,321,YES,1,21007.0,04/2011,2011,No
1086,1,Mastercard,Debit (Prepaid),5855459575617149,07/2017,547,NO,1,65.0,10/2008,2009,No
1086,2,Visa,Debit,4526531668861041,12/2021,422,YES,1,13342.0,01/2013,2013,No
1087,0,Mastercard,Debit,5489916459927550,09/2021,425,YES,2,10405.0,12/2007,2011,No
1088,0,Visa,Credit,4576167031845753,10/2015,540,YES,1,12500.0,09/2009,2009,No
1088,1,Visa,Debit,4341601262077056,01/2022,511,YES,2,19070.0,03/2007,2007,No
1088,2,Mastercard,Debit,5530247037796971,10/2024,398,YES,2,30950.0,07/2001,2006,No
1089,0,Mastercard,Debit (Prepaid),5722130479224541,05/2020,447,YES,1,80.0,06/2009,2012,No
1089,1,Visa,Debit,4260770454530847,10/2023,303,YES,1,26394.0,02/2020,2020,No
1089,2,Mastercard,Debit (Prepaid),5596764819382871,01/2020,26,YES,1,71.0,11/2018,2018,No
1089,3,Visa,Debit (Prepaid),4611045541819658,01/2024,73,YES,1,83.0,10/2008,2008,No
1090,0,Mastercard,Debit,5864678527405060,02/2016,209,YES,2,12132.0,11/2001,2014,No
1090,1,Mastercard,Credit,5309806228982693,11/2015,888,YES,2,1900.0,02/2013,2013,No
1091,0,Visa,Debit,4090974875409305,11/2021,478,YES,2,5507.0,02/2010,2010,No
1091,1,Mastercard,Credit,5146631536689214,07/2020,498,YES,2,6300.0,10/2003,2010,No
1092,0,Mastercard,Debit,5902106574231833,07/2021,726,YES,2,19573.0,09/2008,2015,No
1092,1,Visa,Debit,4088009907063244,01/2021,841,YES,2,29543.0,11/2009,2011,No
1092,2,Visa,Debit,4613081576154866,05/2020,531,NO,2,19171.0,06/2009,2013,No
1093,0,Mastercard,Debit (Prepaid),5854434366617595,02/2020,685,YES,1,72.0,08/2012,2012,No
1093,1,Visa,Debit,4986472355842402,04/2014,877,YES,1,11710.0,10/2013,2013,No
1094,0,Visa,Debit,4983067178659303,12/2024,920,NO,2,24089.0,03/2010,2010,No
1095,0,Mastercard,Debit,5835652546947839,12/2024,163,YES,1,15900.0,10/2011,2011,No
1095,1,Mastercard,Debit,5052894179039690,01/2024,604,YES,1,11595.0,12/2010,2010,No
1095,2,Mastercard,Debit,5407600934550843,02/2020,335,YES,2,13257.0,09/2011,2011,No
1096,0,Visa,Credit,4422778420591987,02/2014,40,NO,2,7200.0,09/2009,2009,No
1096,1,Mastercard,Credit,5464567834760933,04/2017,217,YES,1,8200.0,05/1997,2007,No
1096,2,Visa,Debit,4680252687248203,04/2024,33,YES,2,11678.0,10/2008,2014,No
1096,3,Mastercard,Debit (Prepaid),5824072261463088,12/2020,574,YES,1,57.0,10/1999,2017,No
1096,4,Mastercard,Debit,5387283225052992,11/2011,236,YES,1,10412.0,07/2011,2017,No
1096,5,Visa,Debit,4123003512524806,01/2023,338,YES,1,7808.0,05/2006,2009,No
1097,0,Visa,Debit,4569944754910437,10/2022,19,YES,2,43767.0,02/2013,2013,No
1097,1,Mastercard,Credit,5692954458453302,09/2021,528,YES,1,16600.0,03/2008,2014,No
1097,2,Visa,Debit,4262606931655715,01/2021,44,YES,2,3058.0,04/2002,2013,No
1098,0,Visa,Credit,4742225389926537,08/2024,690,YES,1,11000.0,08/2006,2017,No
1098,1,Mastercard,Credit,5052795584928351,07/2018,868,YES,1,10800.0,06/2014,2014,No
1098,2,Visa,Debit,4906697568806155,04/2014,115,YES,2,38385.0,02/2011,2011,No
1098,3,Visa,Debit,4828053261714296,03/2008,747,NO,1,15277.0,02/2001,2011,No
1098,4,Visa,Debit,4838741431544661,06/2024,808,YES,1,14625.0,07/2010,2010,No
1098,5,Visa,Credit,4293283293714115,10/2010,346,NO,2,12400.0,04/2000,2007,No
1098,6,Mastercard,Debit,5084262281266937,10/2010,599,YES,2,24943.0,02/2006,2012,No
1098,7,Mastercard,Credit,5806194988137545,10/2021,655,YES,2,12300.0,06/2011,2011,No
1099,0,Amex,Credit,313591301980634,02/2020,696,YES,2,10900.0,02/2020,2020,No
1099,1,Visa,Debit,4848365658346021,04/2024,472,YES,1,14623.0,06/2018,2018,No
1099,2,Mastercard,Debit,5215179642753327,06/2021,991,YES,2,15017.0,07/2012,2012,No
1099,3,Visa,Credit,4898915603819946,06/2020,656,YES,1,11100.0,09/2003,2011,No
1100,0,Amex,Credit,338079292992360,04/2023,676,YES,1,400.0,04/2004,2009,No
1100,1,Mastercard,Credit,5557818075031918,01/2021,978,YES,2,500.0,01/2004,2008,No
1100,2,Mastercard,Credit,5368997770474837,11/2024,813,YES,1,600.0,02/2009,2013,No
1101,0,Mastercard,Debit,5461853964107432,10/2020,157,YES,1,17220.0,10/2017,2017,No
1101,1,Visa,Debit,4982128140473182,06/2020,133,YES,1,29041.0,11/2004,2008,No
1101,2,Mastercard,Debit,5735308019363324,02/2024,502,YES,1,25297.0,06/2006,2006,No
1101,3,Mastercard,Debit (Prepaid),5287850605380294,05/2020,507,YES,1,71.0,02/2020,2020,No
1101,4,Visa,Debit,4198976754515199,02/2023,970,YES,1,21692.0,12/2011,2012,No
1101,5,Visa,Debit,4714171193381622,11/2024,214,YES,1,18384.0,06/2007,2009,No
1101,6,Visa,Credit,4845860911762398,12/2023,234,YES,1,20700.0,09/2004,2012,No
1102,0,Mastercard,Debit,5445576229804926,11/2021,764,YES,1,20467.0,02/2018,2018,No
1102,1,Visa,Debit,4127768354829504,04/2020,462,YES,1,16109.0,01/2011,2011,No
1102,2,Amex,Credit,388934759336158,12/2024,161,YES,1,13900.0,07/2005,2012,No
1102,3,Visa,Credit,4066658055142804,01/2022,743,YES,1,4400.0,02/2020,2020,No
1103,0,Amex,Credit,343322895436234,02/2024,863,YES,2,20400.0,03/2007,2010,No
1103,1,Mastercard,Debit,5245186032047233,05/2023,952,YES,2,18074.0,10/2014,2014,No
1103,2,Mastercard,Debit,5257903366583683,05/2024,911,YES,1,37778.0,02/2020,2020,No
1104,0,Mastercard,Debit,5568241893888014,01/2015,382,YES,2,26822.0,10/2001,2007,No
1104,1,Visa,Credit,4599206670491662,10/2006,819,YES,2,15000.0,05/1998,2008,No
1105,0,Mastercard,Debit,5638911805485528,02/2023,857,YES,1,8451.0,02/2010,2010,No
1105,1,Mastercard,Debit (Prepaid),5456998274620242,07/2021,314,YES,2,26.0,11/2010,2017,No
1106,0,Visa,Debit,4556097032146114,12/2020,779,YES,1,20661.0,02/2010,2010,No
1106,1,Visa,Debit,4558358311758359,08/2018,143,YES,2,16523.0,08/2011,2011,No
1106,2,Discover,Credit,6544507337530475,09/2023,953,YES,2,16600.0,01/2020,2020,No
1106,3,Mastercard,Credit,5388982948934434,09/2023,283,YES,2,14300.0,09/2010,2010,No
1107,0,Mastercard,Debit,5263958724423367,01/2020,206,YES,2,6824.0,01/2020,2020,No
1107,1,Mastercard,Debit,5690113878914790,07/2023,318,YES,1,10589.0,09/2006,2015,No
1107,2,Amex,Credit,347615356543698,10/2020,81,YES,2,8600.0,09/2013,2013,No
1107,3,Visa,Debit,4389969412017990,12/2020,347,YES,1,26982.0,06/2008,2008,No
1108,0,Visa,Credit,4222289017221450,02/2020,875,YES,2,15000.0,02/2020,2020,No
1109,0,Amex,Credit,378670171942097,04/2023,589,YES,2,8100.0,11/2004,2011,No
1109,1,Visa,Debit,4869825437648368,02/2022,137,YES,1,26471.0,11/2011,2011,No
1109,2,Visa,Debit,4930515907295210,08/2022,813,NO,1,37656.0,09/2006,2010,No
1109,3,Mastercard,Debit,5080123024859107,08/2022,528,YES,2,27947.0,12/2009,2011,No
1109,4,Mastercard,Debit,5940844230264571,01/2024,441,YES,1,29465.0,05/2010,2010,No
1109,5,Visa,Debit,4067511304922463,07/2020,377,YES,1,21070.0,06/2015,2015,No
1109,6,Mastercard,Debit,5355091629499190,01/2021,945,YES,2,27537.0,03/2019,2019,No
1110,0,Mastercard,Debit,5650667533582383,04/2022,228,YES,2,13404.0,10/2002,2018,No
1110,1,Visa,Credit,4051794996672546,10/2024,375,YES,2,2400.0,01/2013,2013,No
1111,0,Visa,Debit,4288810793226677,02/2015,453,YES,1,3016.0,05/2010,2011,No
1111,1,Visa,Debit,4179498334263775,10/2020,254,YES,2,32809.0,11/2008,2010,No
1111,2,Mastercard,Debit,5146650564715215,08/2024,331,YES,2,16519.0,10/1998,2015,No
1111,3,Visa,Debit,4575344947327711,12/2016,350,NO,2,28759.0,08/2007,2014,No
1111,4,Discover,Credit,6242287666379868,01/2022,946,YES,1,12300.0,10/2003,2010,No
1112,0,Visa,Credit,4470331095113773,03/2012,388,YES,2,4900.0,08/2004,2010,No
1113,0,Visa,Debit,4313544946550444,07/2024,107,YES,1,8980.0,02/2020,2020,No
1113,1,Mastercard,Debit,5266232958018519,02/2020,481,YES,1,3402.0,02/2020,2020,No
1113,2,Visa,Credit,4405672576511692,12/2022,400,YES,2,8800.0,01/2020,2020,No
1114,0,Visa,Debit,4474303260979464,10/2021,877,YES,2,34877.0,02/2010,2012,No
1115,0,Visa,Credit,4892675252828860,02/2024,823,YES,1,9900.0,10/2004,2014,No
1115,1,Mastercard,Debit,5253054637336998,05/2020,162,YES,2,11382.0,06/2006,2009,No
1115,2,Visa,Credit,4019889574171579,08/2023,866,YES,1,7500.0,05/2007,2009,No
1115,3,Mastercard,Debit (Prepaid),5503241746944920,02/2020,950,YES,1,72.0,01/2020,2020,No
1116,0,Mastercard,Debit,5925067526898309,12/2020,442,YES,1,26764.0,11/2009,2014,No
1116,1,Mastercard,Debit,5820539169400556,10/2010,359,YES,1,32035.0,05/2010,2014,No
1117,0,Mastercard,Debit,5914363154867761,12/2014,861,YES,1,11906.0,09/2013,2013,No
1117,1,Visa,Credit,4648780918814877,06/2020,520,YES,2,7000.0,11/2005,2018,No
1117,2,Mastercard,Debit,5885105668024939,12/2014,750,YES,2,6993.0,08/2005,2016,No
1117,3,Visa,Debit,4071964441964383,03/2013,333,YES,2,1513.0,04/1994,2019,No
1118,0,Mastercard,Debit,5811894674904856,06/2022,745,YES,1,18204.0,02/2013,2013,No
1118,1,Mastercard,Debit,5448937090820055,01/2017,848,YES,1,20067.0,04/2016,2016,No
1118,2,Visa,Credit,4036090740222579,12/2020,776,YES,1,14400.0,02/2005,2012,No
1119,0,Mastercard,Debit,5479410872087399,02/2020,738,YES,1,11355.0,02/2020,2020,No
1119,1,Visa,Debit,4219340435245396,07/2023,98,YES,1,10448.0,10/2019,2019,No
1119,2,Visa,Debit,4376981113186962,12/2024,50,YES,1,11573.0,01/2020,2020,No
1120,0,Mastercard,Debit (Prepaid),5383108155927187,05/2021,298,YES,1,83.0,05/2008,2011,No
1121,0,Visa,Debit,4261622382091222,03/2023,482,NO,1,30903.0,06/1999,2008,No
1121,1,Visa,Debit (Prepaid),4303264440429387,06/2021,41,YES,1,91.0,09/2015,2015,No
1121,2,Visa,Debit (Prepaid),4822827268715842,06/2020,941,YES,1,62.0,10/2014,2014,No
1122,0,Mastercard,Debit,5779613966623147,12/2024,870,YES,2,1936.0,05/2001,2010,No
1122,1,Visa,Credit,4243024246722814,01/2022,583,YES,1,9100.0,03/2004,2010,No
1122,2,Visa,Debit,4305528629844067,01/2021,143,NO,2,25726.0,08/2011,2011,No
1122,3,Discover,Credit,6955304802437571,03/2020,792,YES,1,12200.0,01/2005,2013,No
1122,4,Visa,Credit,4369343670589371,10/2022,814,YES,2,400.0,07/2011,2011,No
1123,0,Mastercard,Debit,5359861682152634,02/2021,722,YES,2,20042.0,08/2002,2006,No
1123,1,Visa,Credit,4745779615480432,07/2016,502,YES,1,7700.0,09/2009,2009,No
1123,2,Visa,Debit (Prepaid),4329819283337925,12/2024,529,NO,2,60.0,01/2012,2012,No
1124,0,Mastercard,Debit,5190461528175420,02/2020,4,YES,2,18725.0,02/2020,2020,No
1125,0,Visa,Credit,4389517849777066,05/2021,53,YES,1,11100.0,02/2020,2020,No
1125,1,Mastercard,Debit,5000442144363524,06/2022,674,YES,2,38.0,01/2020,2020,No
1126,0,Mastercard,Debit,5649821845348821,04/2020,169,YES,1,14185.0,10/2006,2006,No
1126,1,Visa,Debit,4308765406643901,08/2011,699,YES,1,16094.0,01/2008,2010,No
1126,2,Mastercard,Debit,5957544477315197,07/2021,463,YES,1,26819.0,02/2020,2020,No
1126,3,Amex,Credit,338659584396426,10/2021,68,YES,2,14600.0,04/2004,2013,No
1126,4,Visa,Credit,4289189526229154,02/2021,488,YES,2,5800.0,12/2011,2011,No
1126,5,Mastercard,Debit,5704958659332156,04/2016,568,YES,1,16789.0,09/2013,2013,No
1126,6,Mastercard,Debit,5673842014857957,09/2020,763,YES,1,14213.0,08/2013,2013,No
1127,0,Visa,Credit,4344540573987357,01/2021,594,YES,2,6400.0,09/2018,2018,No
1128,0,Visa,Debit,4628407111158555,04/2020,458,YES,1,18373.0,01/2020,2020,No
1129,0,Mastercard,Debit,5517224248010481,12/2024,348,YES,1,16203.0,08/2010,2010,No
1129,1,Amex,Credit,399097109736535,12/2023,311,YES,2,16500.0,04/2006,2016,No
1129,2,Mastercard,Debit,5481971913958210,07/2023,8,YES,1,19962.0,08/2009,2012,No
1129,3,Mastercard,Debit (Prepaid),5402354343498416,02/2020,437,YES,2,52.0,09/2006,2011,No
1129,4,Visa,Debit,4493414838028913,02/2020,504,YES,2,2045.0,02/2009,2014,No
1129,5,Visa,Debit,4874919817321914,02/2023,392,YES,2,21607.0,02/2010,2018,No
1130,0,Mastercard,Debit,5988252449836290,01/2015,438,YES,2,18109.0,11/2007,2010,No
1130,1,Mastercard,Debit,5874992802287595,05/2020,256,YES,1,14802.0,01/2006,2008,No
1130,2,Mastercard,Credit,5744954381314398,06/2022,501,YES,1,7600.0,04/2011,2011,No
1131,0,Discover,Credit,6566463560968460,06/2021,495,YES,1,9000.0,12/2006,2006,No
1131,1,Mastercard,Debit (Prepaid),5231994842307044,05/2023,580,YES,1,63.0,10/2007,2013,No
1131,2,Mastercard,Debit,5049088411909571,11/2022,311,YES,2,7784.0,12/2010,2014,No
1132,0,Mastercard,Debit,5916336011141361,11/2009,356,YES,1,29761.0,08/2008,2010,No
1132,1,Mastercard,Debit (Prepaid),5337733184380403,04/2023,710,YES,1,64.0,12/2009,2011,No
1133,0,Visa,Credit,4182511939315930,11/2020,806,YES,2,9000.0,06/2007,2009,No
1133,1,Mastercard,Debit,5168890534725782,10/2024,731,YES,2,14716.0,12/2003,2012,No
1134,0,Mastercard,Debit,5057040773022396,09/2015,546,YES,1,23395.0,05/2010,2020,No
1135,0,Mastercard,Debit,5867658090755003,02/2024,205,YES,1,9883.0,11/2006,2010,No
1135,1,Mastercard,Debit,5129159719934931,02/2020,886,NO,1,8993.0,05/2019,2019,No
1135,2,Visa,Credit,4893597498035434,04/2020,242,YES,2,7900.0,11/2010,2015,No
1135,3,Mastercard,Debit (Prepaid),5879022986680568,10/2022,616,YES,2,13.0,07/2011,2014,No
1136,0,Visa,Credit,4150374459354985,05/2023,806,YES,1,9400.0,07/2008,2012,No
1136,1,Visa,Credit,4678217870259696,11/2024,760,YES,2,8000.0,10/2019,2019,No
1136,2,Mastercard,Debit,5411021821466207,01/2021,274,YES,1,17527.0,06/2001,2005,No
1136,3,Mastercard,Debit,5266997540698930,02/2022,791,YES,1,11818.0,12/2013,2013,No
1137,0,Visa,Credit,4522988269777230,12/2023,288,YES,2,11600.0,03/2015,2015,No
1138,0,Visa,Credit,4814923765143603,09/2021,535,YES,1,12600.0,01/2020,2020,No
1139,0,Mastercard,Debit,5428995792004092,01/2021,800,NO,1,13896.0,10/2010,2010,No
1139,1,Mastercard,Credit,5623379608463304,01/2024,922,YES,1,16400.0,04/2011,2011,No
1139,2,Mastercard,Debit,5957565102001219,03/2015,686,YES,2,29717.0,04/2008,2008,No
1139,3,Visa,Debit,4342002053844654,04/2024,263,YES,1,17431.0,01/2020,2020,No
1140,0,Mastercard,Debit,5059695419276531,03/2022,447,YES,2,11584.0,11/2008,2012,No
1140,1,Mastercard,Credit,5773848829447492,07/2016,833,YES,2,9000.0,02/2015,2015,No
1140,2,Mastercard,Credit,5573389122398768,02/2020,526,YES,1,7400.0,10/2008,2009,No
1140,3,Mastercard,Debit,5589655270470549,09/2017,213,YES,2,13829.0,03/2010,2016,No
1140,4,Mastercard,Debit,5121416562354073,04/2024,857,YES,2,4589.0,04/1999,2011,No
1141,0,Visa,Credit,4986044513118660,03/2022,231,YES,2,9000.0,09/2009,2011,No
1141,1,Mastercard,Credit,5207616824194251,05/2022,511,YES,2,9900.0,11/2011,2011,No
1141,2,Mastercard,Debit,5298309501417982,08/2021,208,YES,1,11153.0,03/2011,2011,No
1141,3,Mastercard,Debit,5234825249935945,04/2018,625,NO,1,10671.0,10/2016,2016,No
1141,4,Mastercard,Debit,5887429452492053,10/2024,119,NO,1,12470.0,07/2016,2016,No
1142,0,Mastercard,Credit,5867570165176438,03/2023,549,YES,2,8700.0,02/2020,2020,No
1143,0,Discover,Credit,6994498161251218,04/2024,477,YES,1,7200.0,01/2013,2013,No
1144,0,Amex,Credit,307803547813264,04/2021,18,YES,2,4700.0,12/2013,2013,No
1144,1,Amex,Credit,390245051618518,07/2012,198,YES,2,10400.0,12/2010,2013,No
1144,2,Mastercard,Credit,5270343966236915,08/2022,997,YES,1,9400.0,12/2016,2016,No
1144,3,Mastercard,Debit,5633930742392356,02/2020,560,YES,1,27290.0,01/2020,2020,No
1145,0,Visa,Debit (Prepaid),4395456828660430,01/2020,402,YES,1,68.0,01/2020,2020,No
1145,1,Visa,Debit,4012324054921748,05/2020,701,YES,2,41713.0,01/2020,2020,No
1146,0,Amex,Credit,314281190779481,03/2023,430,YES,1,17200.0,03/2010,2015,No
1146,1,Visa,Debit,4604354040195938,05/2020,401,YES,1,23018.0,07/2010,2018,No
1146,2,Mastercard,Debit (Prepaid),5423661517740499,04/2022,925,YES,1,2.0,02/2020,2020,No
1146,3,Mastercard,Credit,5572404956005534,12/2024,905,YES,3,23500.0,04/2012,2012,No
1147,0,Amex,Credit,356195833030022,02/2022,538,YES,1,5300.0,07/2016,2016,No
1147,1,Mastercard,Debit,5197164080750347,12/2022,636,NO,2,12738.0,01/2020,2020,No
1147,2,Visa,Credit,4773629437759091,06/2022,576,YES,1,8700.0,01/2020,2020,No
1147,3,Visa,Debit,4361605243954258,05/2021,833,YES,2,5752.0,01/2020,2020,No
1148,0,Mastercard,Debit,5965080957028592,11/2020,934,YES,1,15416.0,03/2014,2014,No
1148,1,Mastercard,Debit (Prepaid),5974769461650566,05/2023,718,YES,1,73.0,01/2020,2020,No
1148,2,Mastercard,Credit,5298746204483252,10/2022,840,YES,1,15700.0,01/2020,2020,No
1149,0,Mastercard,Credit,5302098419670472,05/2021,517,YES,1,10100.0,02/2020,2020,No
1149,1,Amex,Credit,362698516441740,07/2024,439,YES,2,0.0,12/2013,2013,No
1149,2,Visa,Credit,4010376046923246,07/2022,312,YES,1,11000.0,01/2020,2020,No
1150,0,Mastercard,Credit,5718500802654438,12/2024,293,YES,1,18300.0,07/2006,2008,No
1150,1,Mastercard,Debit,5481724154378262,04/2023,952,YES,2,19959.0,07/2003,2013,No
1150,2,Visa,Credit,4304215035213802,10/2020,370,YES,2,24300.0,01/2017,2017,No
1150,3,Visa,Credit,4395260796436247,07/2021,152,NO,2,18900.0,10/2009,2013,No
1151,0,Visa,Debit,4890865865158493,11/2014,441,YES,1,14574.0,09/2014,2014,No
1151,1,Mastercard,Credit,5702377806791449,08/2021,548,YES,2,14100.0,02/2010,2010,No
1151,2,Visa,Debit,4867627629631267,12/2012,333,YES,2,23737.0,12/2004,2010,No
1152,0,Mastercard,Credit,5946485614560585,04/2021,261,YES,1,11800.0,04/2010,2013,No
1152,1,Mastercard,Debit,5118758087775711,06/2022,993,YES,2,27594.0,05/2011,2011,No
1152,2,Visa,Credit,4126905879157834,03/2023,238,YES,2,15300.0,09/2006,2010,No
1153,0,Visa,Credit,4840341118663097,04/2024,876,YES,1,4800.0,01/2020,2020,No
1154,0,Mastercard,Debit,5004479479624202,06/2024,206,YES,1,34319.0,06/2001,2013,No
1154,1,Visa,Debit,4169042875650887,04/2013,941,YES,2,10831.0,07/2006,2011,No
1154,2,Visa,Debit,4138363239181107,03/2023,48,YES,1,20475.0,01/2010,2015,No
1154,3,Mastercard,Credit,5570191239646204,03/2015,625,NO,2,6500.0,11/2008,2011,No
1155,0,Mastercard,Debit,5134306678651092,02/2020,796,YES,2,17614.0,12/2010,2013,No
1156,0,Mastercard,Debit,5260369873454704,12/2020,963,YES,2,51133.0,12/2012,2012,No
1156,1,Mastercard,Debit (Prepaid),5893866156194799,07/2024,421,YES,1,115.0,01/2020,2020,No
1156,2,Mastercard,Debit (Prepaid),5771619649186816,09/2020,504,YES,1,54.0,03/2014,2014,No
1156,3,Mastercard,Debit,5852720136795701,08/2023,35,YES,2,32036.0,06/2014,2014,No
1157,0,Visa,Debit,4426138047544539,06/2020,937,YES,2,13593.0,10/2006,2006,No
1157,1,Mastercard,Debit,5499461944095274,02/2022,35,YES,2,13343.0,05/2008,2011,No
1157,2,Mastercard,Debit,5088684137633769,05/2024,987,YES,2,6103.0,07/2006,2008,No
1157,3,Mastercard,Debit,5879315999568109,06/2016,459,YES,1,2646.0,07/2009,2015,No
1157,4,Amex,Credit,317788535363713,08/2021,583,YES,1,9200.0,08/2018,2018,No
1158,0,Amex,Credit,308645722065737,06/2021,218,YES,2,21200.0,01/2020,2020,No
1158,1,Mastercard,Credit,5741278205602111,01/2024,414,YES,1,10400.0,06/2009,2010,No
1158,2,Mastercard,Debit,5307705411215347,07/2022,574,YES,1,27377.0,07/2009,2016,No
1159,0,Mastercard,Credit,5050755589048179,10/2024,657,YES,1,20900.0,11/2009,2010,No
1159,1,Mastercard,Debit,5045568837955027,04/2024,43,YES,2,39632.0,07/2007,2013,No
1159,2,Mastercard,Debit (Prepaid),5570718950254395,01/2020,437,YES,2,44.0,10/2001,2013,No
1159,3,Visa,Debit,4690085698241971,01/2021,125,YES,1,48489.0,08/2010,2014,No
1159,4,Visa,Debit,4338834700731550,01/2008,529,YES,2,32725.0,08/2006,2013,No
1159,5,Visa,Debit,4083090955300562,12/2022,259,YES,2,36940.0,02/2010,2010,No
1160,0,Amex,Credit,394025181428995,09/2020,465,YES,1,23100.0,01/2020,2020,No
1160,1,Mastercard,Debit,5534546903363095,12/2022,833,YES,1,41040.0,01/2020,2020,No
1160,2,Amex,Credit,331368783471362,12/2021,673,YES,2,13200.0,09/2015,2015,No
1160,3,Visa,Debit,4218957266147893,05/2021,909,YES,2,29200.0,06/2015,2015,No
1161,0,Mastercard,Debit,5134582028672733,10/2022,955,YES,3,13831.0,01/2020,2020,No
1162,0,Mastercard,Credit,5936696982149215,03/2024,2,NO,1,18900.0,02/2020,2020,No
1162,1,Visa,Debit,4680529603481904,02/2020,619,YES,1,39850.0,02/2020,2020,No
1163,0,Visa,Credit,4237922362360030,09/2020,228,YES,1,13900.0,12/2009,2011,No
1163,1,Visa,Debit,4238638738530462,12/2020,310,YES,2,17470.0,04/2005,2008,No
1163,2,Mastercard,Debit,5401027644157329,09/2021,636,YES,1,2267.0,03/2008,2014,No
1163,3,Visa,Debit,4957976241533689,04/2014,976,YES,2,4031.0,03/2009,2014,No
1163,4,Mastercard,Debit,5918431905940133,11/2023,600,YES,2,21833.0,08/2007,2011,No
1163,5,Visa,Debit,4988009818611006,05/2021,45,YES,2,16857.0,01/2011,2017,No
1163,6,Visa,Debit,4559661567211049,05/2023,584,NO,1,2518.0,11/2010,2010,No
1163,7,Mastercard,Debit,5137677910118616,03/2020,394,YES,2,12863.0,07/2006,2010,No
1164,0,Mastercard,Credit,5064256706957228,07/2022,302,YES,2,12700.0,05/2010,2015,No
1164,1,Visa,Debit,4038689742921264,12/2021,770,YES,3,2851.0,01/2006,2007,No
1164,2,Amex,Credit,334769960118945,06/2020,735,YES,2,4100.0,01/2004,2004,No
1164,3,Mastercard,Debit,5322366368652292,01/2016,702,YES,2,20838.0,01/2011,2011,No
1165,0,Mastercard,Debit,5092224613044033,10/2020,419,YES,2,2721.0,02/2020,2020,No
1166,0,Visa,Credit,4000146965265890,07/2023,14,YES,1,400.0,05/2002,2018,No
1166,1,Mastercard,Debit,5733036423097085,03/2020,72,YES,2,416.0,09/2010,2010,No
1166,2,Mastercard,Debit,5461658879915684,12/2024,595,YES,2,625.0,08/1996,2014,No
1167,0,Visa,Debit,4636387668938198,09/2022,597,YES,2,20858.0,02/2006,2011,No
1167,1,Mastercard,Credit,5196692562051331,11/2011,626,YES,2,11200.0,11/2011,2013,No
1167,2,Visa,Credit,4831831757232994,02/2023,528,YES,2,8800.0,05/2007,2009,No
1167,3,Visa,Debit,4916961241194205,12/2024,919,YES,1,10360.0,03/2008,2009,No
1167,4,Visa,Debit,4135358669694440,07/2013,903,YES,1,11578.0,12/2012,2012,No
1167,5,Mastercard,Debit,5187136842441558,07/2020,264,YES,2,13016.0,03/2008,2008,No
1167,6,Visa,Debit,4756917754933725,07/2021,915,YES,1,13754.0,05/2016,2016,No
1168,0,Mastercard,Debit (Prepaid),5373505226427671,12/2021,114,YES,1,91.0,02/2020,2020,No
1168,1,Visa,Debit,4146946026841288,02/2020,69,YES,2,2094.0,02/2020,2020,No
1169,0,Visa,Debit,4094691617950058,07/2020,376,YES,1,14558.0,04/2016,2016,No
1169,1,Visa,Debit,4974987012125947,03/2023,50,YES,2,46342.0,02/2017,2017,No
1169,2,Mastercard,Credit,5880421569309045,12/2023,504,YES,1,17400.0,07/2005,2016,No
1169,3,Mastercard,Debit,5155724078477847,06/2024,606,YES,2,11401.0,02/2010,2016,No
1169,4,Visa,Debit,4827129780511983,03/2024,941,YES,1,8280.0,01/2010,2010,No
1169,5,Discover,Credit,6267383831462523,12/2012,640,YES,1,0.0,03/2006,2008,No
1169,6,Visa,Debit (Prepaid),4111624635847209,02/2007,918,YES,1,72.0,08/2006,2011,No
1170,0,Visa,Credit,4832062433813256,06/2020,469,YES,1,9600.0,08/2010,2011,No
1171,0,Discover,Credit,6093726906729137,11/2024,528,YES,2,10000.0,02/2008,2011,No
1171,1,Mastercard,Debit,5842473997881247,03/2024,157,YES,1,10025.0,08/2007,2010,No
1171,2,Mastercard,Debit,5802694499966898,12/2022,808,YES,1,9777.0,01/2007,2009,No
1172,0,Mastercard,Debit,5589068436851289,04/2021,771,YES,1,8807.0,02/2020,2020,No
1173,0,Mastercard,Debit (Prepaid),5191871350541392,06/2018,642,YES,1,92.0,07/2006,2008,No
1173,1,Mastercard,Credit,5615229543290163,05/2011,438,YES,1,11400.0,07/2008,2014,No
1173,2,Mastercard,Debit,5484162566176355,11/2011,950,YES,2,16687.0,07/2011,2011,No
1173,3,Mastercard,Debit,5220792086851068,05/2009,840,YES,2,3974.0,04/2006,2011,No
1174,0,Mastercard,Debit,5947340712205085,09/2016,43,YES,1,23768.0,10/2011,2011,No
1174,1,Mastercard,Debit (Prepaid),5978888711772678,08/2022,938,YES,1,63.0,07/2011,2011,No
1174,2,Visa,Credit,4290514131698271,12/2023,197,YES,1,21600.0,12/2010,2010,No
1175,0,Visa,Debit,4204698331499701,03/2024,98,YES,1,23157.0,03/2015,2015,No
1175,1,Visa,Debit (Prepaid),4867647786729305,02/2020,504,YES,2,54.0,02/2020,2020,No
1176,0,Mastercard,Debit,5370998800503323,06/2021,122,YES,2,11986.0,04/2010,2015,No
1177,0,Mastercard,Credit,5987609830796877,05/2022,619,YES,1,12600.0,12/2004,2009,No
1177,1,Mastercard,Debit,5693761531134263,02/2021,876,YES,2,4340.0,12/2011,2012,No
1177,2,Mastercard,Debit,5722400079160426,01/2024,357,NO,2,8149.0,02/2004,2007,No
1178,0,Mastercard,Debit,5455392892256793,01/2023,356,YES,1,23688.0,11/2011,2011,No
1178,1,Mastercard,Debit,5889825928297675,09/2021,422,YES,1,19948.0,01/1995,2011,No
1179,0,Visa,Debit (Prepaid),4424096582531662,04/2021,325,NO,2,69.0,02/2020,2020,No
1180,0,Visa,Credit,4284589688472750,05/2005,664,YES,1,9400.0,09/2002,2006,No
1180,1,Amex,Credit,324067922186663,08/2018,194,YES,1,3300.0,01/2012,2012,No
1180,2,Discover,Credit,6707808786309873,05/2011,449,YES,2,11100.0,01/2003,2004,No
1180,3,Mastercard,Debit,5142952666869355,01/2024,376,YES,2,23792.0,12/1998,2012,No
1181,0,Mastercard,Debit,5115060727983375,09/2020,594,YES,2,13224.0,08/2011,2011,No
1181,1,Mastercard,Credit,5114764385128888,12/2004,380,YES,1,10700.0,11/2001,2009,No
1181,2,Mastercard,Credit,5040568504566033,04/2024,96,YES,2,13100.0,03/2006,2009,No
1182,0,Visa,Credit,4168726918316832,07/2024,482,YES,1,10900.0,10/2010,2010,No
1183,0,Visa,Credit,4529046868574613,11/2013,294,YES,1,6600.0,08/2010,2011,No
1183,1,Visa,Credit,4051609818366867,11/2011,795,YES,1,11400.0,02/2010,2012,No
1184,0,Visa,Debit,4521242827079498,03/2023,320,YES,1,15847.0,01/2020,2020,No
1184,1,Visa,Debit,4008657278264133,05/2020,196,YES,1,13006.0,01/2020,2020,No
1185,0,Mastercard,Debit,5488012775349767,10/2008,697,YES,2,5029.0,01/2003,2009,No
1185,1,Visa,Credit,4029286233026672,09/2023,218,YES,2,15000.0,02/2012,2012,No
1185,2,Mastercard,Debit,5269354095711843,02/2021,905,YES,2,14348.0,12/2011,2011,No
1185,3,Visa,Debit,4237044992015683,10/2022,443,YES,2,24876.0,01/2006,2009,No
1185,4,Mastercard,Debit,5604394692366741,06/2024,406,YES,2,13523.0,01/2020,2020,No
1185,5,Mastercard,Debit,5683839446492033,04/2023,587,YES,1,21434.0,01/2019,2019,No
1186,0,Mastercard,Debit,5274366987658812,05/2016,441,YES,1,19206.0,04/2007,2011,No
1186,1,Discover,Credit,6648294893325479,03/2014,949,YES,2,15000.0,10/2011,2011,No
1186,2,Visa,Debit,4025390379737737,02/2020,473,YES,2,24617.0,07/2004,2006,No
1187,0,Discover,Credit,6208996174626373,02/2023,640,YES,2,6600.0,05/2016,2016,No
1188,0,Mastercard,Debit,5929990861229924,01/2024,459,YES,1,4304.0,11/1997,2012,No
1188,1,Visa,Debit,4386430445774428,03/2019,555,YES,2,1269.0,01/2005,2013,No
1188,2,Mastercard,Debit,5108584140975701,06/2023,123,YES,1,3458.0,12/2004,2013,No
1188,3,Mastercard,Debit,5445062676850026,09/2022,337,NO,2,6775.0,08/2001,2012,No
1188,4,Visa,Credit,4788127455899674,01/2021,710,YES,1,8800.0,03/2017,2017,No
1188,5,Mastercard,Debit,5791756986936871,11/2024,196,YES,1,12223.0,12/2019,2019,No
1189,0,Visa,Debit,4728777894194126,12/2020,480,YES,2,13478.0,02/2020,2020,No
1189,1,Mastercard,Debit,5935282226409440,11/2020,222,YES,1,19578.0,01/2020,2020,No
1189,2,Visa,Debit,4548788317386784,04/2024,930,YES,2,2944.0,01/2020,2020,No
1190,0,Mastercard,Debit,5535009995730324,03/2023,63,YES,1,20773.0,02/2020,2020,No
1190,1,Mastercard,Debit,5355589517294786,01/2022,850,YES,2,24203.0,02/2020,2020,No
1190,2,Mastercard,Debit (Prepaid),5058598107512732,07/2020,451,YES,2,98.0,01/2020,2020,No
1191,0,Mastercard,Debit,5432833513022597,11/2020,312,YES,2,2727.0,06/2009,2014,No
1191,1,Amex,Credit,317569527961909,03/2023,740,YES,2,6800.0,09/2002,2002,No
1191,2,Visa,Debit,4602655731592723,03/2019,673,YES,1,22516.0,05/2016,2016,No
1191,3,Discover,Credit,6399050710218197,12/2021,413,YES,2,11500.0,12/2004,2009,No
1192,0,Visa,Debit,4302881392511495,12/2021,79,NO,2,15214.0,10/2009,2010,No
1192,1,Visa,Debit,4417073426918706,12/2024,403,YES,2,23687.0,01/2020,2020,No
1192,2,Visa,Debit,4672018031116294,11/2021,314,YES,1,18048.0,08/2006,2007,No
1193,0,Visa,Debit,4613268743262267,03/2020,131,YES,1,25102.0,11/2010,2014,No
1194,0,Visa,Debit,4353880576731238,01/2022,425,YES,2,13773.0,05/2008,2008,No
1194,1,Mastercard,Debit,5199593781302958,05/2021,864,YES,1,12892.0,08/2011,2011,No
1195,0,Amex,Credit,359230628127716,05/2019,198,YES,2,6600.0,11/2012,2012,No
1195,1,Visa,Debit,4661359494660870,04/2024,259,YES,2,25650.0,05/2016,2016,No
1195,2,Mastercard,Debit,5995510727358219,06/2020,873,YES,2,37192.0,09/2009,2010,No
1196,0,Mastercard,Debit,5243935173726742,04/2021,608,YES,1,5779.0,09/2006,2014,No
1196,1,Visa,Debit,4036369476300576,08/2023,682,YES,1,13325.0,05/2001,2011,No
1196,2,Amex,Credit,344071694724842,01/2023,346,YES,1,4000.0,11/2005,2009,No
1196,3,Amex,Credit,323444546475230,02/2023,788,YES,1,6900.0,05/2000,2012,No
1197,0,Mastercard,Debit,5971471233715173,10/2023,760,YES,1,35702.0,09/2017,2017,No
1197,1,Amex,Credit,332244260422916,08/2024,240,YES,1,13200.0,02/2020,2020,No
1197,2,Visa,Credit,4190991721490115,03/2020,326,YES,2,21700.0,11/2018,2018,No
1197,3,Visa,Credit,4919539941598159,08/2020,561,NO,1,13700.0,01/2020,2020,No
1198,0,Visa,Debit,4354373957390483,10/2020,188,YES,1,24389.0,01/2020,2020,No
1198,1,Mastercard,Debit (Prepaid),5874661434134402,02/2020,293,YES,2,74.0,03/2019,2019,No
1198,2,Amex,Credit,307297025936750,12/2020,918,YES,1,12100.0,01/2006,2011,No
1199,0,Mastercard,Debit,5850811144559937,11/2022,655,YES,1,16640.0,10/2008,2009,No
1199,1,Mastercard,Debit,5311017800546224,09/2013,133,YES,1,14889.0,06/2010,2011,No
1199,2,Visa,Debit,4944351254118665,06/2021,741,YES,1,19080.0,07/2007,2010,No
1200,0,Visa,Credit,4589986776113951,10/2023,678,NO,2,7600.0,05/2015,2015,No
1201,0,Mastercard,Debit,5625758363027280,03/2023,881,YES,2,14525.0,11/1997,2014,No
1201,1,Visa,Debit,4045049141463000,02/2020,604,YES,1,15636.0,02/2005,2014,No
1201,2,Mastercard,Debit,5751381604807658,08/2023,244,YES,2,13296.0,10/2008,2016,No
1201,3,Visa,Credit,4307225452598898,03/2023,672,NO,2,10100.0,09/2003,2011,No
1201,4,Visa,Debit,4632658313488911,09/2024,732,NO,1,36412.0,04/2001,2007,No
1202,0,Visa,Debit,4328249998295607,11/2023,853,YES,1,4589.0,09/2004,2012,No
1202,1,Mastercard,Debit,5670267603066033,02/2020,875,YES,1,17474.0,06/2005,2015,No
1203,0,Amex,Credit,375947824371679,05/2024,928,YES,1,12000.0,01/2020,2020,No
1203,1,Amex,Credit,354491217269737,02/2020,772,YES,1,16900.0,02/2020,2020,No
1203,2,Mastercard,Debit,5295246280473124,07/2023,117,YES,1,26277.0,02/2010,2010,No
1203,3,Mastercard,Debit,5716337574011958,02/2020,231,YES,1,26317.0,04/2014,2014,No
1204,0,Visa,Credit,4568990237174716,01/2022,624,YES,2,13600.0,07/2017,2017,No
1205,0,Mastercard,Debit,5729297445419728,08/2024,288,NO,2,21540.0,02/2020,2020,No
1206,0,Mastercard,Debit,5395349112538164,03/2020,34,YES,1,37468.0,02/2014,2014,No
1206,1,Visa,Debit,4686195455656898,04/2021,292,NO,1,27864.0,10/2009,2012,No
1206,2,Visa,Debit (Prepaid),4553257553445993,02/2020,55,NO,1,65.0,06/2018,2018,No
1206,3,Visa,Debit,4597236520104139,03/2020,389,YES,1,31842.0,07/2016,2016,No
1206,4,Visa,Credit,4206248084502476,03/2020,545,YES,2,14900.0,06/2002,2011,No
1206,5,Visa,Credit,4907569031158213,08/2024,170,YES,2,12400.0,05/2018,2018,No
1207,0,Mastercard,Debit,5847682490938899,12/2020,383,YES,2,14094.0,10/2011,2018,No
1207,1,Mastercard,Debit,5025895057524839,01/2021,367,YES,1,8962.0,09/1999,2011,No
1208,0,Mastercard,Debit,5746888458694762,02/2018,646,YES,1,15510.0,03/2011,2011,No
1208,1,Mastercard,Debit,5463153984541850,06/2024,13,YES,1,20311.0,05/2010,2012,No
1208,2,Visa,Debit,4655468499465057,09/2023,303,YES,1,13492.0,07/2010,2010,No
1209,0,Mastercard,Debit,5557084446860843,02/2022,77,YES,2,10015.0,02/2020,2020,No
1210,0,Mastercard,Debit (Prepaid),5842764862143149,12/2023,478,YES,1,77.0,08/2008,2009,No
1210,1,Amex,Credit,316712270679687,05/2022,946,YES,1,8200.0,02/2006,2016,No
1210,2,Mastercard,Debit (Prepaid),5095132989101394,10/2019,88,YES,2,50.0,07/2008,2008,No
1210,3,Mastercard,Debit,5501198442764705,09/2010,847,YES,1,297.0,09/2009,2009,No
1211,0,Mastercard,Credit,5542688229083627,12/2022,439,YES,1,9300.0,11/2007,2014,No
1211,1,Mastercard,Debit,5859732793534498,06/2023,348,YES,2,24425.0,03/2004,2006,No
1211,2,Visa,Credit,4565836303791159,09/2021,441,YES,2,3900.0,01/2010,2010,No
1211,3,Visa,Debit,4952248755072919,04/2020,398,YES,1,21098.0,04/2006,2009,No
1211,4,Visa,Credit,4550312126148406,01/2020,957,YES,1,10800.0,10/2011,2013,No
1211,5,Mastercard,Debit,5707448794545768,06/2024,39,YES,2,6817.0,06/2005,2016,No
1212,0,Visa,Credit,4651180699756033,02/2024,460,YES,1,12600.0,01/2004,2011,No
1212,1,Mastercard,Debit (Prepaid),5896780709526638,11/2010,903,NO,1,42.0,11/2001,2004,No
1212,2,Mastercard,Credit,5888879465203741,12/2009,88,YES,2,6400.0,12/2006,2009,No
1212,3,Visa,Credit,4618393100129362,07/2020,775,YES,1,9800.0,09/2010,2011,No
1212,4,Visa,Debit,4081263773546457,07/2023,64,YES,1,4750.0,03/2003,2011,No
1212,5,Visa,Debit,4321384766522664,08/2021,682,NO,2,6532.0,10/2009,2009,No
1213,0,Mastercard,Debit,5446273979485247,11/2022,233,YES,1,1044.0,03/2016,2016,No
1213,1,Mastercard,Debit,5521214390191681,09/2018,672,YES,1,746.0,03/2011,2011,No
1213,2,Mastercard,Debit (Prepaid),5098538543569884,02/2020,816,YES,1,61.0,02/2020,2020,No
1214,0,Mastercard,Debit (Prepaid),5791031552039031,10/2008,655,YES,2,58.0,11/2007,2015,No
1215,0,Visa,Debit,4340110703036077,05/2022,710,YES,1,18771.0,09/2004,2009,No
1215,1,Visa,Debit,4892346599778032,01/2023,219,YES,1,17108.0,10/2007,2007,No
1215,2,Visa,Debit,4202710228630182,10/2023,579,YES,1,12446.0,02/2020,2020,No
1215,3,Visa,Credit,4300760560641973,01/2021,406,YES,1,8200.0,07/2006,2013,No
1215,4,Mastercard,Debit,5166839761897522,05/2022,983,YES,2,7081.0,04/2008,2010,No
1216,0,Mastercard,Debit,5601172841459295,02/2024,29,YES,1,23009.0,02/2015,2015,No
1216,1,Visa,Debit,4657379115764717,11/2017,578,YES,2,17973.0,12/2013,2013,No
1216,2,Mastercard,Debit,5843688837981178,10/2023,880,YES,1,12254.0,08/2015,2015,No
1216,3,Mastercard,Debit,5928230249203938,08/2022,212,YES,1,20799.0,09/2010,2010,No
1217,0,Mastercard,Debit,5809172741821189,03/2021,282,YES,2,27320.0,04/2004,2008,No
1218,0,Visa,Debit,4372566654697981,09/2023,83,YES,2,34818.0,09/2012,2012,No
1218,1,Visa,Debit,4789580361652931,10/2020,216,YES,2,38837.0,03/2016,2016,No
1218,2,Mastercard,Credit,5427161135500744,03/2024,304,YES,2,23500.0,08/2009,2020,No
1219,0,Mastercard,Debit,5688998474789359,06/2020,292,YES,1,13014.0,02/2014,2014,No
1219,1,Amex,Credit,314195561633807,05/2023,296,YES,2,5500.0,10/2006,2017,No
1219,2,Visa,Debit,4635941322761456,03/2020,691,YES,2,5949.0,09/2008,2008,No
1220,0,Visa,Credit,4379930917559486,11/2023,210,YES,2,10700.0,09/2008,2010,No
1220,1,Mastercard,Debit,5215692889951889,04/2022,134,YES,1,12451.0,07/2007,2008,No
1220,2,Visa,Credit,4751378907766314,04/2024,254,YES,2,6700.0,02/2020,2020,No
1220,3,Mastercard,Debit,5252574971670597,04/2018,920,YES,1,19086.0,08/2009,2011,No
1220,4,Visa,Credit,4116639367344725,05/2021,923,YES,2,9700.0,04/2010,2016,No
1221,0,Mastercard,Credit,5974021114272858,09/2008,886,YES,2,17200.0,12/2007,2010,No
1221,1,Mastercard,Debit,5770382684241108,06/2015,832,YES,2,29486.0,09/2008,2008,No
1221,2,Mastercard,Credit,5587070999180300,04/2023,335,YES,2,9700.0,02/2010,2011,No
1221,3,Mastercard,Debit,5768399039617120,07/2022,221,YES,2,20111.0,09/2013,2013,No
1221,4,Visa,Credit,4320443111658308,10/2021,613,YES,1,13200.0,04/2007,2014,No
1222,0,Visa,Debit,4400145099296126,07/2020,57,YES,1,29728.0,08/2019,2019,No
1222,1,Mastercard,Credit,5516802254742641,10/2024,160,NO,1,7900.0,12/2004,2012,No
1222,2,Visa,Debit,4673279351880301,07/2023,339,YES,2,12106.0,02/2009,2009,No
1222,3,Visa,Debit,4680771406185126,01/2013,913,YES,1,7452.0,01/2010,2018,No
1223,0,Mastercard,Debit,5459374115989094,07/2021,582,YES,1,28281.0,02/2020,2020,No
1223,1,Visa,Credit,4217570056214862,11/2013,636,YES,2,11400.0,05/2002,2014,No
1223,2,Mastercard,Debit,5514653687166060,08/2024,70,YES,1,28790.0,03/2001,2009,No
1224,0,Visa,Credit,4914564671433884,03/2010,700,YES,1,15700.0,03/1997,2013,No
1224,1,Mastercard,Debit,5436863739232627,09/2023,303,YES,1,34075.0,11/2005,2008,No
1224,2,Visa,Credit,4986982616793595,04/2012,992,YES,2,18600.0,09/2007,2008,No
1225,0,Amex,Credit,315776046694876,05/2024,574,YES,2,9700.0,02/2014,2014,No
1225,1,Visa,Debit,4578702900762730,09/2022,433,YES,2,13352.0,11/2005,2012,No
1225,2,Visa,Debit,4168082636728790,03/2024,528,YES,1,28179.0,12/2015,2015,No
1226,0,Mastercard,Debit,5407444040414986,01/2024,334,YES,1,19132.0,12/2007,2014,No
1227,0,Visa,Debit,4948136387572248,10/2019,49,YES,1,31535.0,07/2017,2017,No
1227,1,Mastercard,Debit,5629988786276968,01/2018,537,YES,1,51951.0,02/2017,2017,No
1227,2,Visa,Credit,4323924929422769,09/2020,171,YES,1,23400.0,11/2007,2008,No
1227,3,Mastercard,Debit,5002267521388916,08/2020,143,YES,2,4130.0,12/2004,2015,No
1227,4,Mastercard,Credit,5458395445867294,10/2011,347,YES,1,11500.0,07/2006,2010,No
1228,0,Visa,Credit,4642731433732483,09/2020,661,YES,2,22100.0,09/2018,2018,No
1228,1,Mastercard,Debit,5511755355725125,11/2010,644,YES,1,34722.0,11/2004,2010,No
1228,2,Visa,Debit,4695286118783923,12/2011,601,YES,1,21885.0,06/2011,2011,No
1228,3,Mastercard,Debit,5505577705152118,07/2020,828,YES,2,39870.0,12/2002,2003,No
1229,0,Visa,Credit,4464546125723807,07/2021,2,YES,2,5900.0,11/2017,2017,No
1230,0,Mastercard,Debit (Prepaid),5640678853508823,03/2023,57,YES,2,70.0,06/2009,2009,No
1231,0,Mastercard,Debit,5863955184387781,03/2023,881,YES,2,66930.0,03/2012,2012,No
1231,1,Mastercard,Debit,5795522328185876,05/2020,134,YES,2,72274.0,01/2018,2018,No
1231,2,Mastercard,Debit,5043143066698540,09/2020,288,YES,2,130971.0,05/2002,2010,No
1231,3,Visa,Debit,4313972060102096,11/2024,601,YES,1,52717.0,02/2020,2020,No
1231,4,Visa,Credit,4582418773157215,12/2021,935,NO,1,25500.0,06/2010,2012,No
1231,5,Visa,Debit,4081497493570328,10/2017,60,YES,2,42541.0,11/2008,2012,No
1232,0,Mastercard,Debit,5683216868250723,04/2022,563,NO,1,5456.0,02/2020,2020,No
1232,1,Visa,Debit,4183750300220988,04/2014,371,NO,1,12606.0,11/2013,2013,No
1233,0,Mastercard,Debit,5761918360234631,08/2020,174,YES,2,20174.0,07/2011,2011,No
1234,0,Mastercard,Debit,5406672659038258,01/2023,826,YES,1,20090.0,12/2010,2011,No
1234,1,Visa,Debit,4840352039939042,03/2021,40,YES,1,11906.0,02/2006,2009,No
1234,2,Mastercard,Debit,5967723936818875,01/2022,556,YES,1,27888.0,06/2017,2017,No
1234,3,Mastercard,Debit,5371022252715957,04/2024,192,YES,1,24132.0,12/1998,2008,No
1235,0,Mastercard,Debit,5109330727953243,12/2023,947,YES,2,13461.0,06/2006,2010,No
1236,0,Amex,Credit,302982223076555,08/2009,303,NO,1,9900.0,11/2007,2009,No
1236,1,Mastercard,Debit,5675018091828270,11/2009,920,YES,2,4252.0,04/1994,2019,No
1236,2,Visa,Credit,4299407178052848,12/2020,725,YES,2,9800.0,05/2009,2011,No
1236,3,Mastercard,Debit,5605185522594083,07/2019,357,YES,2,16732.0,07/2019,2019,No
1236,4,Visa,Debit,4564887957887151,01/2023,17,YES,1,13609.0,02/2020,2020,No
1236,5,Mastercard,Debit,5565606559185997,05/2013,576,YES,2,17804.0,12/2009,2009,No
1237,0,Visa,Credit,4348372675855427,05/2023,727,YES,2,6200.0,07/2009,2010,No
1237,1,Visa,Debit,4651206649559689,04/2023,125,YES,1,30891.0,01/2004,2011,No
1237,2,Mastercard,Debit,5348564290163186,01/2024,732,YES,1,31873.0,04/2017,2017,No
1237,3,Amex,Credit,325342510254113,07/2024,179,YES,2,15600.0,05/2010,2019,No
1238,0,Mastercard,Debit (Prepaid),5008439256687405,12/2022,26,YES,1,110.0,07/2009,2012,No
1238,1,Visa,Debit,4422286262403261,05/2024,81,YES,2,17405.0,03/2003,2003,No
1238,2,Visa,Debit (Prepaid),4249622290515029,12/2022,435,YES,2,58.0,01/2020,2020,No
1238,3,Mastercard,Credit,5556924127105785,10/2011,777,YES,1,9200.0,09/2007,2007,No
1239,0,Visa,Credit,4092157051011106,02/2020,223,YES,2,11200.0,02/2020,2020,No
1240,0,Mastercard,Debit,5131900662646656,12/2018,352,YES,1,23206.0,09/2018,2018,No
1240,1,Visa,Debit,4779183477104256,04/2020,0,YES,2,35684.0,08/2010,2012,No
1240,2,Mastercard,Debit (Prepaid),5792924047685794,11/2016,384,NO,1,76.0,11/2016,2016,No
1240,3,Visa,Debit,4529536293051711,07/2023,124,YES,2,18270.0,01/2005,2011,No
1241,0,Mastercard,Debit,5142418384827692,12/2020,69,YES,2,6588.0,05/2007,2011,No
1241,1,Amex,Credit,352313983770185,03/2021,46,YES,2,12200.0,04/2011,2011,No
1241,2,Visa,Debit,4636375740619751,09/2022,747,YES,1,23083.0,02/2020,2020,No
1241,3,Mastercard,Debit,5923792663677656,02/2022,585,YES,1,21497.0,11/2009,2009,No
1242,0,Mastercard,Debit (Prepaid),5823790653455975,02/2021,850,YES,3,29.0,06/2006,2012,No
1242,1,Mastercard,Debit,5300232902137599,07/2022,711,YES,2,20165.0,10/2010,2012,No
1242,2,Discover,Credit,6237354607435107,05/2022,959,YES,2,16300.0,11/2009,2011,No
1242,3,Discover,Credit,6374995163580888,03/2020,743,YES,1,11100.0,11/2009,2010,No
1242,4,Visa,Credit,4780949143263441,08/2023,540,YES,2,7700.0,03/2014,2014,No
1243,0,Mastercard,Credit,5150069202644467,01/2023,263,YES,2,6000.0,07/2004,2010,No
1244,0,Mastercard,Debit,5564349746173182,04/2023,547,YES,1,2049.0,02/2020,2020,No
1244,1,Amex,Credit,326339433819854,12/2022,719,NO,1,7600.0,02/2020,2020,No
1244,2,Mastercard,Debit,5172118224009293,01/2024,934,YES,1,14670.0,01/2020,2020,No
1245,0,Mastercard,Credit,5124729225452111,01/2017,871,YES,2,11600.0,08/2014,2014,No
1245,1,Visa,Debit,4066451880192964,04/2016,9,YES,1,14960.0,04/2015,2015,No
1245,2,Mastercard,Credit,5534545928651524,09/2021,779,YES,2,9600.0,04/2006,2015,No
1245,3,Mastercard,Debit,5316533998904069,10/2020,61,YES,2,17367.0,12/2007,2007,No
1246,0,Mastercard,Debit,5809911164005512,04/2013,820,YES,1,21358.0,06/2006,2010,No
1246,1,Visa,Credit,4354830180585460,09/2022,729,YES,1,16900.0,07/2007,2010,No
1246,2,Mastercard,Credit,5974259705472551,09/2022,587,YES,2,8500.0,07/2004,2009,No
1246,3,Visa,Debit,4793775442106825,04/2013,996,YES,1,28431.0,09/2008,2008,No
1247,0,Mastercard,Debit,5571882432332667,07/2020,838,YES,2,77.0,02/2008,2016,No
1247,1,Mastercard,Debit,5828285674944288,08/2024,192,YES,1,17360.0,01/2007,2010,No
1247,2,Mastercard,Debit,5480672627250008,09/2021,129,YES,2,4055.0,10/2009,2017,No
1248,0,Mastercard,Debit,5052440378992955,09/2023,144,YES,2,14216.0,02/2003,2010,No
1248,1,Visa,Debit,4009658209741631,12/2023,357,NO,2,19037.0,04/2003,2011,No
1248,2,Mastercard,Debit,5195329982261769,01/2020,148,YES,1,16028.0,08/2007,2011,No
1248,3,Discover,Credit,6106487579112176,08/2010,762,YES,1,14200.0,04/2005,2011,No
1249,0,Visa,Debit,4587822219584718,07/2023,49,YES,1,12640.0,09/2006,2009,No
1249,1,Mastercard,Debit,5547459880579017,02/2020,116,YES,2,16868.0,03/2010,2010,No
1249,2,Mastercard,Debit,5740589965857604,11/2022,40,YES,1,11121.0,02/2013,2013,No
1249,3,Visa,Credit,4374571351357853,10/2020,674,YES,1,10000.0,10/2009,2010,No
1250,0,Visa,Debit (Prepaid),4356014925676102,07/2020,139,YES,2,56.0,04/2001,2011,No
1250,1,Visa,Debit,4439649579256628,01/2021,327,YES,2,27376.0,03/2012,2012,No
1250,2,Mastercard,Debit,5140694561445565,07/2019,960,YES,2,32676.0,12/2012,2012,No
1250,3,Visa,Debit,4096589319918041,04/2021,856,NO,1,25658.0,07/2009,2009,No
1250,4,Visa,Credit,4796299187967541,05/2018,852,NO,2,22800.0,08/2008,2011,No
1251,0,Mastercard,Credit,5610919224995166,06/2023,951,YES,2,10700.0,02/2020,2020,No
1251,1,Visa,Credit,4733769586168380,02/2021,556,YES,2,5100.0,04/2015,2015,No
1251,2,Visa,Credit,4520440445748141,01/2022,108,NO,1,7200.0,02/2020,2020,No
1252,0,Visa,Debit,4098737153492414,03/2020,894,YES,1,16740.0,12/2009,2011,No
1252,1,Visa,Debit,4711760668874166,02/2020,378,YES,1,13841.0,01/2020,2020,No
1252,2,Visa,Debit,4969924078004898,12/2022,881,YES,1,15638.0,09/2012,2012,No
1252,3,Amex,Credit,332511890564170,05/2022,728,YES,1,11400.0,06/2007,2007,No
1253,0,Mastercard,Debit,5511781840326939,09/2022,876,YES,1,12501.0,02/2014,2014,No
1253,1,Mastercard,Debit (Prepaid),5872869557387766,01/2023,582,YES,1,71.0,08/2014,2014,No
1253,2,Mastercard,Debit,5794165239075456,01/2011,465,YES,2,11164.0,06/2009,2010,No
1254,0,Visa,Debit,4048907303086785,09/2021,463,YES,2,8365.0,08/2009,2009,No
1254,1,Visa,Debit,4110479205142550,12/2021,951,YES,2,17104.0,05/2009,2010,No
1254,2,Amex,Credit,338367003904163,12/2013,279,YES,1,2100.0,02/2007,2009,No
1254,3,Mastercard,Debit,5683833994969618,04/2006,884,YES,1,13634.0,01/2005,2011,No
1254,4,Mastercard,Debit (Prepaid),5803099724523617,09/2020,930,YES,1,63.0,04/2015,2015,No
1254,5,Mastercard,Debit,5868327296481310,01/2023,32,YES,2,18721.0,06/2005,2009,No
1255,0,Amex,Credit,350866149120216,09/2023,265,YES,2,3400.0,06/2004,2008,No
1256,0,Mastercard,Debit,5729617930802602,11/2021,320,NO,1,6824.0,02/2020,2020,No
1257,0,Visa,Credit,4620214760209909,10/2022,406,YES,1,20700.0,02/2020,2020,No
1258,0,Visa,Credit,4683287791246500,05/2018,517,NO,1,6200.0,05/2005,2013,No
1258,1,Visa,Debit (Prepaid),4766664432411893,04/2021,545,YES,2,31.0,02/2000,2014,No
1258,2,Visa,Credit,4274713434654848,08/2021,743,YES,1,1000.0,11/2003,2009,No
1258,3,Visa,Debit (Prepaid),4226159572103725,10/2023,756,YES,2,77.0,05/2004,2007,No
1259,0,Mastercard,Debit (Prepaid),5119564246293765,06/2023,883,YES,2,31.0,01/2020,2020,No
1259,1,Visa,Debit,4913448302190851,06/2020,688,YES,1,318.0,01/2020,2020,No
1260,0,Visa,Debit,4946571800021795,04/2023,686,NO,1,20709.0,02/2020,2020,No
1260,1,Mastercard,Debit,5332075103527991,10/2022,561,YES,2,20230.0,04/2007,2010,No
1260,2,Mastercard,Debit,5299237121049630,10/2023,876,YES,2,14749.0,04/2012,2012,No
1261,0,Mastercard,Debit,5855071426646203,09/2022,238,YES,3,9171.0,02/1999,2005,No
1261,1,Amex,Credit,325450874784558,05/2018,496,YES,2,17400.0,12/2013,2013,No
1262,0,Mastercard,Debit,5821391213524439,10/2023,652,NO,2,14475.0,06/2007,2009,No
1263,0,Mastercard,Debit,5230397441824610,12/2020,954,YES,2,15967.0,02/2007,2009,No
1263,1,Visa,Debit,4901552848355257,08/2024,325,YES,1,12250.0,03/2019,2019,No
1263,2,Visa,Debit (Prepaid),4841863549456234,04/2024,875,YES,2,63.0,11/2009,2009,No
1263,3,Mastercard,Debit (Prepaid),5938011695949462,08/2023,234,YES,2,66.0,04/2007,2010,No
1263,4,Visa,Credit,4719385621754821,09/2022,503,YES,1,8500.0,05/2008,2014,No
1264,0,Mastercard,Debit (Prepaid),5784144789342929,01/2024,653,NO,1,65.0,07/2012,2012,No
1264,1,Discover,Credit,6839227927848570,02/2020,968,YES,2,16100.0,02/2020,2020,No
1264,2,Mastercard,Debit,5837070772426672,12/2020,507,YES,1,3313.0,01/2020,2020,No
1265,0,Visa,Credit,4945782637783655,01/2020,709,YES,1,10400.0,01/2020,2020,No
1265,1,Mastercard,Debit,5848871754957968,06/2021,553,NO,2,2117.0,02/2020,2020,No
1265,2,Visa,Debit,4808969144268435,02/2020,997,YES,1,11265.0,01/2020,2020,No
1265,3,Mastercard,Debit,5718188955977060,02/2021,385,YES,3,5618.0,01/2020,2020,No
1266,0,Amex,Credit,376534551118716,06/2022,382,YES,2,20800.0,10/2010,2013,No
1266,1,Amex,Credit,335380246966517,11/2020,42,YES,3,11700.0,02/2020,2020,No
1266,2,Visa,Debit,4573117764811951,06/2022,178,YES,1,33028.0,01/2020,2020,No
1266,3,Visa,Debit,4703890283144405,04/2024,233,YES,1,19830.0,12/2013,2013,No
1266,4,Mastercard,Debit,5663749194216135,02/2019,176,YES,1,22482.0,07/2015,2015,No
1266,5,Visa,Credit,4018902833542405,08/2023,755,YES,1,22400.0,10/2002,2010,No
1266,6,Visa,Debit (Prepaid),4850287414377343,10/2024,123,YES,1,62.0,05/2010,2012,No
1267,0,Mastercard,Debit,5506105334909341,01/2008,72,YES,2,27723.0,07/2007,2010,No
1267,1,Mastercard,Credit,5542832924202774,03/2023,210,NO,1,31800.0,08/2008,2012,No
1267,2,Mastercard,Debit,5383684382213654,03/2018,931,YES,1,16028.0,02/2009,2009,No
1267,3,Mastercard,Debit,5085756475637529,01/2021,35,YES,2,25411.0,07/2002,2013,No
1268,0,Visa,Debit,4939717188461311,10/2023,395,NO,1,11912.0,01/2014,2014,No
1268,1,Mastercard,Debit,5174537590358880,12/2024,473,YES,2,13064.0,09/2017,2017,No
1268,2,Mastercard,Debit,5693986376592853,10/2016,390,YES,2,8912.0,10/2015,2015,No
1269,0,Mastercard,Debit,5609582366095384,01/2020,292,YES,2,15962.0,02/2008,2013,No
1270,0,Visa,Credit,4048254149559977,11/2020,440,YES,1,18200.0,02/2005,2014,No
1270,1,Mastercard,Debit,5119838138946124,08/2016,162,YES,2,3450.0,07/2006,2014,No
1270,2,Visa,Debit,4698652103391033,05/2021,88,YES,1,3450.0,09/2008,2016,No
1270,3,Mastercard,Debit,5631140574725941,11/2023,370,YES,1,39598.0,12/1999,2006,No
1271,0,Mastercard,Debit,5041427711902777,01/2022,748,YES,1,36502.0,02/2016,2016,No
1271,1,Visa,Credit,4757921989009514,10/2023,921,YES,1,14900.0,05/2006,2014,No
1271,2,Mastercard,Credit,5871669086673415,09/2020,698,YES,1,11800.0,10/2012,2012,No
1271,3,Amex,Credit,333081160230544,06/2024,480,YES,1,14000.0,02/2010,2012,No
1271,4,Visa,Credit,4897401691817585,05/2022,951,YES,2,16000.0,08/2008,2009,No
1272,0,Mastercard,Debit,5075163198448769,10/2022,30,YES,2,32557.0,03/2008,2008,No
1272,1,Mastercard,Debit,5471442279898272,02/2021,537,NO,1,21820.0,12/2011,2011,No
1272,2,Mastercard,Debit,5728056480439167,06/2024,992,YES,2,14448.0,09/2005,2011,No
1273,0,Mastercard,Debit,5112985372677713,08/2022,62,YES,2,19038.0,10/2008,2010,No
1273,1,Mastercard,Debit,5422967140573110,03/2012,803,YES,1,23632.0,06/2007,2009,No
1274,0,Mastercard,Debit,5115906061769120,12/2022,219,YES,2,18627.0,06/2004,2010,No
1275,0,Mastercard,Debit (Prepaid),5027092702312429,08/2021,52,YES,1,86.0,06/2019,2019,No
1275,1,Visa,Debit,4940574343090024,12/2014,702,YES,1,18944.0,11/2014,2014,No
1275,2,Visa,Debit,4276460060200386,08/2022,264,YES,1,20962.0,01/2005,2011,No
1275,3,Mastercard,Debit (Prepaid),5271307942784936,02/2016,888,YES,1,86.0,06/2004,2006,No
1276,0,Amex,Credit,360424769741306,10/2021,352,NO,2,6000.0,12/2015,2015,No
1277,0,Amex,Credit,364278996069965,02/2020,191,YES,1,12500.0,06/2016,2016,No
1278,0,Amex,Credit,364647060276955,04/2020,223,YES,1,17200.0,10/2015,2015,No
1278,1,Mastercard,Debit,5012576433104478,01/2015,411,YES,1,31163.0,03/2014,2014,No
1278,2,Mastercard,Debit (Prepaid),5317204750431758,05/2024,412,YES,1,59.0,06/2013,2013,No
1278,3,Mastercard,Credit,5757079020713035,06/2024,544,NO,1,13500.0,04/2005,2009,No
1279,0,Visa,Credit,4297525095541797,05/2022,49,YES,2,8900.0,05/2009,2010,No
1279,1,Mastercard,Credit,5454401798231056,12/2024,360,YES,1,2900.0,07/2007,2012,No
1279,2,Mastercard,Debit (Prepaid),5403639313421706,04/2020,283,YES,2,89.0,02/2009,2009,No
1280,0,Visa,Credit,4578235631297148,09/2023,285,YES,2,5200.0,10/2008,2009,No
1281,0,Mastercard,Debit,5755010791716629,04/2022,497,YES,2,6090.0,11/2009,2011,No
1282,0,Visa,Debit,4177638630189991,11/2020,393,YES,1,31072.0,01/2014,2014,No
1282,1,Amex,Credit,326436217704163,06/2023,879,YES,2,11200.0,02/2020,2020,No
1282,2,Mastercard,Debit (Prepaid),5799877051065572,02/2020,466,YES,1,38.0,02/2020,2020,No
1283,0,Mastercard,Debit,5479439443272548,11/2010,248,YES,2,10670.0,01/2005,2009,No
1283,1,Visa,Credit,4503231152263501,02/2024,728,YES,2,5900.0,10/2006,2014,No
1283,2,Amex,Credit,354026281245694,09/2017,67,YES,2,7600.0,09/2017,2017,No
1283,3,Mastercard,Debit (Prepaid),5117972120762088,05/2022,969,YES,1,95.0,10/2019,2019,No
1283,4,Visa,Credit,4909834750137607,04/2023,264,NO,1,5100.0,03/2006,2006,No
1283,5,Visa,Debit,4708121064103290,12/2020,26,YES,1,1753.0,09/2006,2012,No
1283,6,Visa,Debit,4887547650218596,03/2024,281,YES,2,8427.0,01/2006,2014,No
1284,0,Visa,Debit,4653215018449189,09/2014,624,YES,1,27006.0,12/2007,2007,No
1284,1,Mastercard,Debit,5454198029567960,08/2023,161,YES,1,34348.0,05/2009,2010,No
1284,2,Mastercard,Debit,5278876115993600,12/2008,948,YES,1,25659.0,11/2008,2011,No
1284,3,Visa,Credit,4844646610537453,08/2020,174,YES,2,14500.0,03/2010,2010,No
1284,4,Visa,Credit,4343987004496524,09/2024,81,YES,1,16400.0,11/2008,2008,No
1285,0,Visa,Debit,4166845388863489,09/2020,285,YES,2,9418.0,07/2007,2007,No
1285,1,Mastercard,Debit,5021195779307065,07/2000,818,YES,1,20677.0,02/2000,2011,No
1286,0,Mastercard,Debit,5407924790398155,08/2021,69,YES,1,21900.0,11/2008,2011,No
1286,1,Amex,Credit,338642228553287,08/2024,678,NO,2,13100.0,09/2009,2009,No
1287,0,Visa,Credit,4274011202694035,06/2022,289,YES,2,25400.0,06/2009,2012,No
1287,1,Mastercard,Debit,5092747474352987,02/2011,356,YES,2,21177.0,08/2006,2007,No
1288,0,Mastercard,Credit,5121470572571848,06/2022,529,YES,1,20700.0,02/2020,2020,No
1288,1,Amex,Credit,310441130576257,04/2024,394,YES,2,12600.0,02/2020,2020,No
1289,0,Mastercard,Debit,5960113726065282,12/2008,880,NO,2,15122.0,11/2008,2010,No
1290,0,Visa,Debit,4915076647608173,08/2023,63,NO,1,14708.0,01/2014,2014,No
1290,1,Visa,Debit,4535134357521443,03/2022,877,YES,2,19197.0,04/2013,2013,No
1290,2,Mastercard,Debit,5325994058715063,04/2022,617,YES,1,14830.0,12/2014,2014,No
1291,0,Mastercard,Debit,5709693631749938,10/2021,320,YES,1,6631.0,09/1999,2012,No
1291,1,Mastercard,Debit,5774873617908688,08/2024,550,YES,1,13910.0,12/2010,2016,No
1291,2,Mastercard,Credit,5352138305305282,05/2024,190,YES,2,6900.0,09/2014,2014,No
1291,3,Mastercard,Debit,5152221647441116,10/2020,628,YES,1,19955.0,11/1994,2007,No
1291,4,Mastercard,Debit (Prepaid),5318319036148549,08/2024,577,YES,2,66.0,11/2012,2012,No
1291,5,Visa,Credit,4110883178370891,04/2024,317,YES,1,9900.0,06/2009,2009,No
1292,0,Discover,Credit,6457800663577684,01/2012,285,YES,1,9200.0,09/2010,2010,No
1292,1,Mastercard,Debit,5810725153736837,05/2022,279,YES,1,9420.0,10/2010,2012,No
1292,2,Mastercard,Debit (Prepaid),5486503850400569,05/2021,264,NO,2,49.0,02/2007,2011,No
1292,3,Visa,Debit,4023270767899228,04/2020,32,YES,2,18535.0,12/2008,2008,No
1292,4,Visa,Debit,4442324693688145,09/2023,130,YES,1,10104.0,10/2010,2015,No
1292,5,Visa,Debit (Prepaid),4820966230615076,11/2022,662,YES,2,63.0,01/2003,2010,No
1293,0,Mastercard,Debit,5550802323458257,09/2022,862,YES,1,61407.0,01/2020,2020,No
1294,0,Mastercard,Credit,5187732819891507,12/2014,87,YES,3,10100.0,03/2012,2012,No
1294,1,Visa,Debit,4385795693863379,06/2024,806,YES,2,31535.0,02/2005,2009,No
1294,2,Mastercard,Debit,5531706766680785,08/2015,158,YES,1,21282.0,11/2013,2013,No
1295,0,Visa,Credit,4141753158398487,03/2022,11,YES,1,5100.0,04/2010,2011,No
1295,1,Mastercard,Debit,5220177364102104,02/2020,680,YES,1,14103.0,06/1999,2008,No
1295,2,Visa,Debit,4984493732494807,07/2022,688,YES,2,21847.0,07/2005,2011,No
1295,3,Mastercard,Debit,5175150411772712,09/2020,502,YES,1,28425.0,10/2013,2013,No
1296,0,Visa,Debit,4236028748423167,02/2020,721,YES,1,4087.0,01/2020,2020,No
1297,0,Amex,Credit,389912068048719,09/2023,269,YES,2,8200.0,07/1998,2011,No
1297,1,Visa,Debit,4299508349741779,09/2021,579,YES,2,1462.0,04/2002,2013,No
1297,2,Visa,Debit (Prepaid),4569310605904110,07/2021,990,YES,2,58.0,02/2011,2011,No
1297,3,Mastercard,Debit,5488342944613905,03/2011,880,YES,2,142.0,03/1999,2014,No
1298,0,Visa,Debit,4843491272960882,01/2017,625,YES,1,18105.0,08/2012,2012,No
1298,1,Visa,Credit,4417513283605637,04/2014,84,YES,1,10900.0,07/2002,2013,No
1298,2,Visa,Credit,4419924074647230,12/2021,1,NO,1,12800.0,09/2007,2011,No
1299,0,Visa,Debit,4058050157220596,03/2020,102,YES,1,2670.0,01/2011,2011,No
1299,1,Mastercard,Credit,5873495069998579,10/2018,162,YES,2,14700.0,05/2012,2012,No
1299,2,Mastercard,Debit (Prepaid),5808136548740017,07/2023,131,YES,1,100.0,01/2020,2020,No
1300,0,Mastercard,Debit,5351705189279027,12/2021,895,YES,2,1680.0,01/2020,2020,No
1301,0,Visa,Debit,4574140981154350,08/2016,627,YES,1,18579.0,09/2015,2015,No
1301,1,Mastercard,Credit,5595598905079193,09/2021,15,YES,1,13200.0,07/2010,2010,No
1301,2,Amex,Credit,381186607769548,04/2023,440,YES,2,1900.0,02/2020,2020,No
1301,3,Visa,Credit,4844474344137395,07/2024,601,YES,2,17100.0,08/2011,2011,No
1302,0,Visa,Debit,4522536096309018,10/2015,832,NO,1,16820.0,05/2014,2014,No
1302,1,Amex,Credit,340488847692793,02/2022,91,YES,1,12000.0,10/2010,2014,No
1303,0,Mastercard,Debit,5936146704569186,10/2018,616,YES,1,21357.0,03/2015,2015,No
1303,1,Mastercard,Debit,5382896062305963,11/2022,543,YES,1,22964.0,07/2005,2011,No
1303,2,Mastercard,Debit,5063833404835994,12/2024,954,YES,1,16769.0,01/2020,2020,No
1303,3,Visa,Credit,4677022173671023,06/2016,438,YES,1,10100.0,11/2010,2010,No
1304,0,Visa,Debit,4266071650368100,12/2024,345,YES,1,20773.0,04/2013,2013,No
1304,1,Amex,Credit,337714799695315,01/2022,540,YES,1,15300.0,04/2005,2012,No
1304,2,Mastercard,Debit,5758058384603555,01/2023,365,YES,2,11160.0,07/2010,2010,No
1304,3,Mastercard,Debit (Prepaid),5279859317968599,12/2022,265,YES,2,110.0,06/1999,2017,No
1304,4,Visa,Debit,4762407160723213,06/2024,115,YES,2,8766.0,09/2010,2020,No
1304,5,Mastercard,Debit (Prepaid),5231369185894594,01/2021,156,YES,2,95.0,10/1998,2012,No
1305,0,Visa,Credit,4985248597765518,11/2020,814,YES,2,9100.0,09/2008,2015,No
1305,1,Mastercard,Debit,5983398661297116,10/2010,300,YES,2,15441.0,09/2009,2009,No
1305,2,Mastercard,Debit,5382214816700100,04/2019,291,YES,2,12021.0,05/2004,2014,No
1305,3,Mastercard,Debit,5662897470767553,05/2023,180,YES,1,8887.0,08/2007,2014,No
1306,0,Mastercard,Debit (Prepaid),5342080744210119,05/2023,335,YES,1,77.0,03/2011,2011,No
1306,1,Mastercard,Credit,5957980518521489,07/2024,963,YES,1,22500.0,10/2006,2008,No
1306,2,Mastercard,Debit,5932193694740182,02/2010,963,YES,1,19600.0,10/2007,2015,No
1306,3,Mastercard,Debit,5166666850423125,09/2020,693,YES,2,40019.0,08/2010,2017,No
1306,4,Mastercard,Debit,5360731476529064,12/2023,898,NO,2,64321.0,01/2004,2007,No
1307,0,Visa,Debit,4298987544338030,03/2020,757,YES,1,16731.0,06/2014,2014,No
1307,1,Mastercard,Credit,5398766323081099,06/2022,391,YES,2,8800.0,07/2008,2008,No
1307,2,Visa,Debit,4514910575649849,07/2019,398,YES,1,12764.0,07/2006,2009,No
1307,3,Visa,Debit,4224737440603281,02/2022,580,NO,1,7943.0,08/2002,2005,No
1307,4,Visa,Debit,4580608927025365,01/2007,312,YES,2,18089.0,06/2004,2009,No
1308,0,Discover,Credit,6640823761249853,01/2020,41,YES,1,13800.0,01/2020,2020,No
1308,1,Visa,Debit,4808189634285184,02/2020,6,YES,2,20134.0,01/2020,2020,No
1308,2,Mastercard,Debit (Prepaid),5675120465436915,03/2021,779,YES,2,55.0,01/2020,2020,No
1308,3,Mastercard,Debit,5595112515226586,02/2020,994,YES,2,9279.0,01/2020,2020,No
1308,4,Mastercard,Debit,5615383905529869,08/2021,586,NO,2,21449.0,02/2020,2020,No
1309,0,Discover,Credit,6694401699327793,12/2011,712,YES,1,16500.0,10/2011,2011,No
1309,1,Visa,Debit,4617983811742101,03/2023,469,YES,2,9335.0,06/2010,2010,No
1309,2,Visa,Debit,4041929159891556,04/2023,622,YES,2,14079.0,07/2004,2015,No
1310,0,Visa,Debit,4448354145874788,02/2020,333,YES,1,10367.0,02/2020,2020,No
1310,1,Amex,Credit,329374832925921,05/2024,926,YES,1,8200.0,07/2003,2012,No
1310,2,Mastercard,Debit,5932626353957306,06/2020,709,YES,2,13350.0,02/2006,2011,No
1311,0,Amex,Credit,346838160027794,11/2020,335,YES,1,10200.0,02/2001,2011,No
1311,1,Visa,Debit,4646403746633735,04/2015,115,YES,1,22648.0,01/2008,2015,No
1312,0,Mastercard,Debit,5365244955303244,03/2020,523,NO,1,17717.0,01/2011,2011,No
1312,1,Visa,Credit,4841107746635167,02/2014,91,YES,1,8300.0,07/2002,2013,No
1312,2,Visa,Debit,4983998587312958,01/2009,204,YES,2,25719.0,07/2008,2010,No
1313,0,Mastercard,Credit,5301383536207357,09/2022,114,YES,1,13200.0,07/2008,2017,No
1313,1,Visa,Credit,4627450737727003,03/2019,306,YES,2,12500.0,05/2017,2017,No
1313,2,Amex,Credit,314069788408541,10/2019,760,YES,1,15400.0,07/2009,2017,No
1313,3,Discover,Credit,6743630812425986,02/2020,577,YES,2,13900.0,02/2020,2020,No
1313,4,Mastercard,Debit,5019087087012500,03/2020,735,YES,1,16681.0,05/2002,2011,No
1313,5,Visa,Credit,4995171731187347,07/2024,745,YES,1,11800.0,06/2009,2012,No
1314,0,Visa,Debit (Prepaid),4093550614245542,09/2021,874,YES,1,57.0,01/2020,2020,No
1314,1,Mastercard,Debit,5369571154373540,04/2021,867,YES,2,10573.0,02/2020,2020,No
1314,2,Visa,Debit,4039007832059779,04/2022,99,YES,1,17499.0,02/2020,2020,No
1315,0,Mastercard,Debit,5867037533677009,09/2020,272,YES,1,20015.0,12/2006,2006,No
1315,1,Mastercard,Debit,5336725167428422,10/2020,773,YES,2,9707.0,05/2007,2009,No
1315,2,Mastercard,Credit,5384043758789033,05/2022,151,YES,2,3400.0,12/1992,2007,No
1316,0,Amex,Credit,346401453739759,07/2023,552,YES,1,5300.0,08/2013,2013,No
1316,1,Mastercard,Debit,5742781603234912,03/2018,376,YES,2,22789.0,11/2015,2015,No
1316,2,Mastercard,Debit,5468889618070155,03/2024,110,YES,2,13193.0,02/2014,2014,No
1317,0,Discover,Credit,6329791307366566,09/2023,617,YES,1,1700.0,07/2005,2010,No
1317,1,Visa,Credit,4139421068502757,12/2017,782,YES,1,9000.0,03/2001,2009,No
1318,0,Mastercard,Debit (Prepaid),5337242427884909,07/2020,389,YES,2,79.0,01/2011,2011,No
1318,1,Mastercard,Debit (Prepaid),5909236244923272,01/2019,964,YES,1,87.0,11/2008,2008,No
1318,2,Visa,Debit,4812303101695566,11/2017,113,YES,2,11254.0,04/2009,2009,No
1318,3,Visa,Debit,4005670530527551,03/2023,434,NO,1,11344.0,04/2007,2007,No
1319,0,Mastercard,Debit (Prepaid),5535901079667192,02/2020,480,NO,1,50.0,01/2005,2013,No
1319,1,Mastercard,Debit,5793881452789121,06/2019,784,YES,2,1213.0,01/2010,2010,No
1320,0,Mastercard,Debit,5399594843051418,08/2023,813,NO,1,29219.0,06/2012,2012,No
1320,1,Mastercard,Debit,5494762880839686,03/2020,915,YES,1,17907.0,02/2013,2013,No
1320,2,Visa,Debit,4874419326645327,10/2023,768,YES,2,24298.0,03/2011,2011,No
1320,3,Mastercard,Credit,5785799753329600,07/2023,527,YES,1,11700.0,10/2008,2011,No
1320,4,Visa,Debit,4145833750383667,07/2003,790,YES,2,16227.0,02/1999,2015,No
1320,5,Visa,Debit,4573674903451245,12/2021,611,YES,2,7495.0,05/2004,2005,No
1320,6,Visa,Debit,4972542983783758,03/2020,383,YES,2,2210.0,02/2011,2014,No
1321,0,Visa,Credit,4072857770457665,06/2022,889,YES,2,17300.0,01/2020,2020,No
1321,1,Mastercard,Debit,5118561237234384,08/2021,568,YES,2,3334.0,02/2020,2020,No
1322,0,Mastercard,Debit,5818148628470967,02/2024,296,NO,2,10040.0,02/2010,2010,No
1322,1,Visa,Credit,4657798649903405,06/2024,703,YES,2,8500.0,10/2010,2018,No
1323,0,Mastercard,Debit,5714757950966275,09/2020,805,YES,1,11646.0,03/2019,2019,No
1323,1,Visa,Credit,4526538061468985,03/2020,180,YES,1,6900.0,05/2011,2011,No
1323,2,Mastercard,Debit,5986384191582569,10/2014,786,YES,2,8230.0,12/2007,2014,No
1324,0,Mastercard,Credit,5720852309018318,11/2023,885,YES,1,4400.0,05/2007,2014,No
1324,1,Mastercard,Debit,5524436846278703,07/2020,697,YES,2,8638.0,04/2004,2014,No
1324,2,Discover,Credit,6268030188636337,09/2020,717,YES,2,4700.0,03/2010,2011,No
1324,3,Visa,Credit,4203303995031482,01/2024,367,YES,2,4100.0,09/2009,2009,No
1325,0,Visa,Credit,4302044080999932,11/2020,699,YES,1,8900.0,02/2005,2010,No
1325,1,Visa,Debit,4039102830415529,04/2017,14,YES,1,3905.0,12/2009,2010,No
1325,2,Visa,Debit,4214048661117547,07/2022,799,YES,2,18744.0,01/2000,2010,No
1325,3,Visa,Credit,4108680950969751,08/2012,988,NO,2,5400.0,01/2009,2011,No
1325,4,Visa,Debit,4554800858688588,11/2011,867,NO,1,14507.0,04/2007,2010,No
1326,0,Visa,Credit,4562875268182118,02/2020,630,YES,2,8700.0,06/2015,2015,No
1326,1,Mastercard,Credit,5745606898714105,06/2022,753,YES,2,10600.0,05/2008,2019,No
1327,0,Visa,Debit,4921241302048112,10/2023,631,YES,1,11510.0,12/2012,2012,No
1327,1,Mastercard,Debit,5427223810289124,06/2013,962,YES,1,15765.0,11/2009,2009,No
1327,2,Visa,Debit (Prepaid),4148892255805747,02/2023,546,YES,1,56.0,05/2009,2010,No
1327,3,Visa,Credit,4328552729246712,12/2021,102,YES,1,7300.0,02/2006,2013,No
1327,4,Visa,Credit,4238757840498542,12/2022,551,YES,2,8500.0,02/2015,2015,No
1327,5,Amex,Credit,345841340861008,08/2014,854,YES,1,7500.0,05/2010,2011,No
1327,6,Amex,Credit,376643401959954,04/2022,75,YES,2,5900.0,04/2009,2009,No
1327,7,Visa,Credit,4273861353237930,11/2021,246,YES,1,13600.0,03/2009,2013,No
1327,8,Mastercard,Credit,5955551281858493,01/2024,860,YES,2,10700.0,11/2006,2010,No
1328,0,Mastercard,Debit,5981688151498054,04/2023,148,NO,1,6424.0,09/2000,2012,No
1328,1,Visa,Debit,4093339040695481,08/2020,907,YES,2,14248.0,09/1999,2010,No
1328,2,Mastercard,Credit,5341478430944116,06/2016,222,YES,2,5400.0,03/2016,2016,No
1329,0,Mastercard,Debit,5694959357776627,11/2023,837,YES,2,13448.0,07/2007,2011,No
1329,1,Mastercard,Debit (Prepaid),5761593258077977,01/2020,590,YES,2,44.0,05/2009,2013,No
1329,2,Visa,Credit,4956561609097121,02/2020,521,YES,2,11300.0,07/2007,2007,No
1329,3,Visa,Debit,4946047116321440,11/2012,975,YES,1,30622.0,08/2009,2009,No
1330,0,Mastercard,Debit,5887795279651150,08/2009,708,YES,2,12241.0,05/2008,2008,No
1330,1,Mastercard,Credit,5642012409120694,08/2018,823,YES,2,6200.0,10/2012,2012,No
1330,2,Discover,Credit,6066458178590339,08/2023,653,YES,1,9500.0,02/2001,2014,No
1330,3,Mastercard,Debit,5936158679461560,06/2012,407,YES,2,23042.0,09/2011,2013,No
1330,4,Mastercard,Debit,5897249041445571,02/2021,103,YES,2,19019.0,05/2007,2011,No
1330,5,Visa,Credit,4960827175990590,11/2020,947,NO,2,2200.0,12/2005,2008,No
1330,6,Visa,Credit,4929393429782613,10/2021,648,YES,1,13700.0,02/2005,2012,No
1331,0,Visa,Credit,4265738429688779,03/2023,740,NO,2,13500.0,01/2020,2020,No
1331,1,Mastercard,Credit,5318920143610643,03/2021,389,YES,2,7800.0,01/2020,2020,No
1331,2,Amex,Credit,358973431417109,06/2024,874,YES,1,13300.0,02/2020,2020,No
1331,3,Mastercard,Debit,5443778159540147,09/2020,232,YES,1,24665.0,02/2020,2020,No
1331,4,Mastercard,Debit,5493715627792702,04/2023,704,YES,2,28648.0,02/2020,2020,No
1332,0,Discover,Credit,6835050350545859,06/2024,658,YES,1,7000.0,02/2006,2019,No
1332,1,Visa,Debit,4758003951001274,12/2010,604,YES,1,1324.0,09/2006,2013,No
1332,2,Mastercard,Debit,5151644017893999,11/2017,999,YES,2,8950.0,12/2010,2018,No
1333,0,Visa,Debit,4887374207803058,01/2020,756,YES,2,43186.0,01/2020,2020,No
1333,1,Mastercard,Debit,5739105038876054,12/2022,372,YES,1,56434.0,02/2020,2020,No
1334,0,Discover,Credit,6784378675449742,10/2020,364,NO,2,10000.0,07/2006,2008,No
1334,1,Mastercard,Credit,5997976310447187,07/2024,645,YES,1,21300.0,10/2001,2015,No
1334,2,Mastercard,Debit,5445308987864903,10/2021,190,YES,1,18281.0,08/2009,2009,No
1334,3,Mastercard,Debit,5949659577533309,05/2020,808,YES,2,13297.0,09/2009,2011,No
1334,4,Mastercard,Debit,5658039288966447,10/2024,549,YES,2,3485.0,07/2008,2011,No
1335,0,Mastercard,Debit (Prepaid),5295801511323408,04/2020,135,YES,2,54.0,11/2009,2009,No
1335,1,Amex,Credit,302031764623099,11/2020,654,YES,2,9900.0,02/2020,2020,No
1335,2,Mastercard,Debit,5398962399583431,07/2020,114,YES,1,8257.0,02/2020,2020,No
1336,0,Mastercard,Debit,5457266267877380,07/2023,138,YES,1,29078.0,12/2008,2009,No
1336,1,Mastercard,Debit (Prepaid),5579600195785019,04/2024,50,YES,2,59.0,04/2009,2009,No
1336,2,Mastercard,Debit,5154358829015666,03/2022,153,YES,1,27534.0,05/2011,2011,No
1337,0,Visa,Debit,4365224312490795,05/2022,190,YES,2,21652.0,12/2005,2012,No
1338,0,Mastercard,Debit,5714691469447873,07/2020,319,YES,2,19919.0,04/2012,2012,No
1338,1,Mastercard,Debit,5988682255641837,11/2022,66,YES,2,24272.0,11/1999,2011,No
1338,2,Mastercard,Debit,5944674876283297,08/2024,993,NO,1,23805.0,02/2020,2020,No
1338,3,Amex,Credit,347182989454327,07/2012,755,YES,2,13800.0,02/2010,2010,No
1338,4,Mastercard,Debit (Prepaid),5127422537618977,10/2020,947,NO,2,27.0,12/2001,2017,No
1338,5,Visa,Debit,4227482000380763,07/2022,795,YES,2,4653.0,09/2000,2007,No
1338,6,Mastercard,Credit,5116834896067442,02/2020,635,YES,2,9900.0,01/2020,2020,No
1339,0,Mastercard,Debit (Prepaid),5138905290496526,07/2024,348,YES,2,34.0,02/2010,2011,No
1339,1,Mastercard,Debit,5379424877140939,01/2016,683,YES,2,11861.0,11/2007,2013,No
1339,2,Visa,Debit,4175643298974575,02/2022,790,YES,2,27382.0,06/2009,2014,No
1339,3,Mastercard,Credit,5931001528763541,12/2018,471,YES,2,27600.0,05/2013,2013,No
1340,0,Visa,Debit,4847424526739159,02/2020,326,YES,2,4906.0,05/2008,2008,No
1340,1,Mastercard,Debit,5952597489933830,05/2020,895,YES,2,1993.0,09/2004,2014,No
1341,0,Amex,Credit,355173462104949,02/2020,172,YES,1,14800.0,02/2020,2020,No
1341,1,Mastercard,Debit,5062306533983208,03/2023,742,YES,2,2593.0,02/2020,2020,No
1342,0,Visa,Credit,4696206742094892,09/2021,52,YES,2,0.0,04/2000,2011,No
1342,1,Mastercard,Debit,5673928924089109,07/2016,821,YES,2,0.0,01/2004,2008,No
1343,0,Mastercard,Credit,5035264823390216,05/2009,456,YES,1,14900.0,07/2007,2008,No
1343,1,Visa,Debit,4783291966220802,03/2022,215,YES,2,15720.0,08/2005,2011,No
1343,2,Mastercard,Debit,5683543220441253,07/2020,750,YES,2,9165.0,05/2010,2010,No
1343,3,Mastercard,Debit,5911738030583603,06/2021,479,YES,2,13322.0,05/2010,2010,No
1343,4,Visa,Debit,4711207147444250,07/2023,641,YES,2,11528.0,11/2007,2013,No
1344,0,Amex,Credit,372011647566495,12/2022,533,YES,1,9600.0,01/2020,2020,No
1344,1,Mastercard,Debit,5980522152211543,02/2020,92,YES,2,13573.0,02/2020,2020,No
1345,0,Visa,Debit,4689169737232285,05/2022,44,YES,1,11608.0,01/2020,2020,No
1345,1,Mastercard,Debit,5546505776191834,10/2024,791,YES,1,23699.0,02/2020,2020,No
1345,2,Mastercard,Credit,5717740258290130,09/2022,312,YES,1,7700.0,01/2020,2020,No
1345,3,Mastercard,Debit,5691973692138971,01/2019,434,NO,2,6754.0,07/2009,2010,No
1345,4,Visa,Credit,4715212743807294,02/2021,636,YES,1,3500.0,02/2020,2020,No
1345,5,Visa,Debit,4785940182637905,03/2020,305,YES,1,14793.0,02/2020,2020,No
1346,0,Mastercard,Debit,5236033792855943,11/2024,681,YES,2,44885.0,08/2011,2020,No
1347,0,Mastercard,Credit,5662784777670002,12/2020,195,YES,2,14000.0,09/2009,2011,No
1347,1,Visa,Debit,4388439055637377,02/2018,457,YES,2,18494.0,10/2005,2007,No
1347,2,Visa,Credit,4969698736410401,03/2024,329,YES,2,14700.0,10/2009,2011,No
1347,3,Mastercard,Debit (Prepaid),5751736349751599,05/2020,682,YES,1,69.0,05/2015,2015,No
1348,0,Mastercard,Debit,5545102087160727,02/2020,128,YES,1,22234.0,01/2020,2020,No
1348,1,Visa,Credit,4806703657992318,02/2023,394,YES,1,3600.0,01/2020,2020,No
1349,0,Visa,Debit,4762069063483783,03/2023,474,YES,2,26255.0,01/2011,2011,No
1349,1,Mastercard,Debit,5129852007248820,03/2020,581,YES,2,5500.0,04/2007,2013,No
1349,2,Visa,Debit,4757843891969384,12/1997,672,YES,1,12323.0,12/1996,2011,No
1349,3,Mastercard,Credit,5277514275369878,01/2024,175,YES,2,7100.0,04/2012,2012,No
1350,0,Visa,Debit (Prepaid),4910995927794188,09/2010,581,YES,2,37.0,08/2008,2009,No
1351,0,Mastercard,Credit,5253258810503866,01/2024,847,YES,1,19100.0,03/2008,2009,No
1351,1,Mastercard,Credit,5151057837968132,01/2021,303,YES,2,11600.0,08/2008,2012,No
1352,0,Visa,Debit,4339137888179152,06/2014,503,YES,2,8144.0,12/2011,2012,No
1352,1,Visa,Debit (Prepaid),4897762471214014,06/2024,599,YES,2,53.0,02/2020,2020,No
1352,2,Visa,Credit,4021220662934810,02/2020,943,YES,2,8000.0,02/2020,2020,No
1352,3,Mastercard,Debit,5341022658860517,12/2024,542,YES,1,11919.0,03/2016,2016,No
1352,4,Mastercard,Debit,5237861402927606,01/2022,536,YES,1,17889.0,02/2012,2012,No
1353,0,Discover,Credit,6784663816408216,10/2022,850,YES,2,6300.0,12/2006,2006,No
1353,1,Visa,Credit,4968397264653215,06/2021,571,YES,2,7900.0,10/2003,2006,No
1353,2,Mastercard,Debit,5006759821122988,06/2020,152,YES,2,7995.0,09/2006,2006,No
1354,0,Mastercard,Credit,5023190732647203,01/2022,785,YES,1,7900.0,04/2002,2013,No
1354,1,Amex,Credit,344075477910403,10/2022,808,YES,1,5900.0,03/2015,2015,No
1354,2,Mastercard,Debit,5243433372742995,01/2020,279,YES,1,18200.0,07/2010,2010,No
1354,3,Mastercard,Debit,5414951977172238,01/2022,674,YES,1,16502.0,10/2010,2010,No
1354,4,Visa,Debit,4111163314027068,04/2023,851,YES,1,16726.0,06/2011,2011,No
1355,0,Visa,Debit,4011874239423525,09/2024,337,YES,2,4140.0,01/2020,2020,No
1356,0,Amex,Credit,364268721229101,10/2014,60,YES,1,9000.0,08/2006,2016,No
1356,1,Mastercard,Debit,5620945785367038,12/2022,723,YES,1,12868.0,06/2008,2011,No
1356,2,Mastercard,Debit,5932422810479250,02/2020,180,YES,1,27773.0,06/2009,2012,No
1357,0,Mastercard,Credit,5866750746796733,01/2014,754,YES,1,16400.0,11/2008,2008,No
1357,1,Visa,Credit,4812182592435267,02/2022,213,YES,1,13000.0,01/2018,2018,No
1357,2,Visa,Debit,4326462005421386,09/2022,83,YES,1,16465.0,02/2011,2011,No
1357,3,Mastercard,Credit,5881351669070746,03/2021,834,YES,2,9000.0,10/2004,2011,No
1357,4,Mastercard,Debit,5648768892251580,10/2024,862,YES,2,14961.0,07/2009,2015,No
1357,5,Visa,Debit,4213518971978552,08/2023,66,YES,1,19791.0,10/2003,2014,No
1357,6,Mastercard,Debit,5375421607189929,07/2016,213,YES,1,15771.0,07/2008,2016,No
1357,7,Mastercard,Debit,5706360016972471,04/2024,34,YES,1,7702.0,02/2010,2010,No
1358,0,Mastercard,Debit,5099980998946055,02/2024,142,YES,1,18729.0,03/2004,2011,No
1358,1,Mastercard,Debit (Prepaid),5094200042825369,10/2023,696,NO,1,80.0,08/2011,2011,No
1358,2,Visa,Debit (Prepaid),4685370690710096,03/2024,450,YES,1,86.0,06/2008,2010,No
1359,0,Mastercard,Debit,5417249342822909,06/2020,471,NO,2,20138.0,08/2008,2011,No
1359,1,Mastercard,Debit,5972618168179479,02/2020,125,NO,1,21335.0,02/2020,2020,No
1359,2,Mastercard,Credit,5622260338088914,03/2022,353,YES,1,9300.0,02/2020,2020,No
1359,3,Mastercard,Credit,5113831870392064,02/2020,861,YES,1,12600.0,02/2020,2020,No
1359,4,Mastercard,Debit,5253561686917610,06/2023,467,YES,1,12899.0,01/2020,2020,No
1360,0,Mastercard,Credit,5892320192852356,02/2020,635,YES,2,13500.0,02/2020,2020,No
1360,1,Visa,Debit,4338567970725039,09/2024,800,YES,1,17432.0,01/2020,2020,No
1361,0,Visa,Credit,4339413642488223,12/2012,77,NO,2,9700.0,09/2009,2017,No
1361,1,Mastercard,Debit,5635628685160210,12/2024,168,YES,2,13016.0,08/2007,2015,No
1361,2,Visa,Debit,4378499154074856,09/2004,181,YES,2,24459.0,03/1997,2009,No
1362,0,Mastercard,Debit (Prepaid),5454433543896442,06/2023,8,YES,2,87.0,06/2002,2007,No
1362,1,Mastercard,Credit,5496928595053350,07/2023,165,YES,2,13500.0,08/2007,2007,No
1362,2,Visa,Debit (Prepaid),4958617093286807,02/2023,218,YES,2,89.0,11/1997,2003,No
1362,3,Discover,Credit,6282899513197827,11/2021,66,YES,2,8300.0,09/2003,2011,No
1362,4,Mastercard,Debit,5726460417448359,01/2021,26,YES,1,24481.0,11/2010,2010,No
1363,0,Mastercard,Debit,5118842073296429,01/2017,143,NO,1,2808.0,11/2008,2013,No
1363,1,Visa,Debit,4762563612895677,11/2014,466,YES,2,24835.0,06/2011,2011,No
1363,2,Visa,Debit,4623545252878077,12/2004,186,YES,1,12078.0,10/2003,2018,No
1363,3,Mastercard,Debit,5896338139736327,05/2022,578,YES,1,6257.0,03/2004,2014,No
1364,0,Visa,Credit,4067933636132210,02/2023,693,YES,1,8400.0,06/2002,2010,No
1364,1,Discover,Credit,6664949105585592,08/2020,79,YES,2,9900.0,08/2014,2014,No
1364,2,Mastercard,Debit,5196085406728700,12/2022,937,YES,1,11818.0,02/2013,2013,No
1365,0,Discover,Credit,6427553403865846,05/2022,298,YES,2,11300.0,10/2015,2015,No
1366,0,Mastercard,Debit,5744052952747615,11/2024,907,YES,1,8833.0,07/2007,2016,No
1366,1,Amex,Credit,362822137135948,10/2022,44,YES,1,13400.0,12/2005,2010,No
1366,2,Mastercard,Debit,5504827836625705,02/2024,847,YES,1,30753.0,05/2003,2008,No
1367,0,Mastercard,Debit,5385090311326949,04/2021,909,YES,2,735.0,02/2020,2020,No
1368,0,Mastercard,Debit,5555919926157136,02/2020,725,YES,1,17667.0,03/2007,2011,No
1368,1,Mastercard,Debit,5398809165910933,02/2020,379,YES,1,14665.0,02/2020,2020,No
1368,2,Visa,Debit,4266531803641466,05/2015,229,YES,2,14392.0,08/2010,2011,No
1369,0,Mastercard,Credit,5044418694504576,07/2021,693,YES,2,14900.0,02/2013,2013,No
1369,1,Mastercard,Debit,5368688278025209,10/2016,854,YES,1,19488.0,11/2015,2015,No
1369,2,Visa,Debit (Prepaid),4329543360913740,10/2009,540,YES,1,84.0,09/2009,2009,No
1369,3,Visa,Credit,4288018843262286,01/2016,627,YES,1,20100.0,11/2008,2015,No
1370,0,Mastercard,Debit (Prepaid),5767723037402333,03/2020,38,YES,1,101.0,12/2011,2011,No
1370,1,Mastercard,Debit,5364347373974586,07/2019,197,YES,1,11372.0,04/2008,2009,No
1370,2,Mastercard,Debit,5850047861986266,04/2017,450,YES,1,21448.0,07/2013,2013,No
1371,0,Visa,Debit,4341572026253689,03/2020,774,YES,2,19691.0,09/2006,2011,No
1371,1,Visa,Debit,4306973519740031,05/2024,139,YES,2,14477.0,04/2008,2008,No
1372,0,Visa,Debit,4516862441362746,06/2013,641,YES,2,17559.0,05/2006,2006,No
1372,1,Visa,Debit,4866682990431119,10/2023,818,YES,1,24302.0,07/2010,2010,No
1373,0,Visa,Debit,4143669555806355,11/2023,958,YES,2,8105.0,11/2007,2009,No
1373,1,Mastercard,Debit (Prepaid),5935629380160008,10/2020,160,YES,2,59.0,01/2010,2011,No
1373,2,Visa,Credit,4832180811213555,01/2021,231,YES,2,0.0,04/2012,2012,No
1373,3,Mastercard,Debit,5959099643778594,01/2022,625,YES,2,15022.0,04/2011,2011,No
1374,0,Mastercard,Debit,5796522269741792,12/2021,918,YES,2,27677.0,05/2005,2006,No
1375,0,Visa,Debit,4033834745437547,02/2020,326,YES,1,11779.0,02/2020,2020,No
1375,1,Mastercard,Credit,5119325503441474,01/2022,925,YES,1,9400.0,01/2020,2020,No
1376,0,Mastercard,Debit,5041406633994156,01/2023,155,YES,2,17206.0,08/2008,2010,No
1376,1,Mastercard,Debit,5907281274492244,06/2024,856,YES,1,18235.0,08/2007,2007,No
1376,2,Mastercard,Debit,5271523097116920,12/2020,148,YES,1,25376.0,02/2020,2020,No
1377,0,Mastercard,Debit,5324493090826390,11/2014,819,YES,2,17034.0,04/2007,2007,No
1377,1,Visa,Debit (Prepaid),4849525193834905,05/2020,704,YES,2,33.0,08/2001,2009,No
1377,2,Visa,Debit,4411367352091205,04/2020,508,YES,2,20114.0,01/2009,2009,No
1378,0,Mastercard,Debit,5608287824056674,09/2024,345,YES,2,21074.0,05/2004,2010,No
1378,1,Mastercard,Debit,5493872171755054,12/2016,757,YES,2,17522.0,02/2011,2011,No
1378,2,Mastercard,Debit,5130385664990830,05/2021,256,YES,2,18547.0,12/2005,2007,No
1378,3,Mastercard,Credit,5010223259259255,07/2022,664,YES,1,11700.0,03/2007,2012,No
1379,0,Visa,Credit,4336242728631012,10/2020,263,YES,1,14600.0,12/2007,2008,No
1379,1,Visa,Credit,4605343796235504,03/2022,188,YES,1,4600.0,07/2000,2011,No
1379,2,Mastercard,Credit,5009312174031051,07/2022,172,YES,1,13200.0,12/2011,2011,No
1379,3,Mastercard,Debit,5359109609282459,05/2023,933,YES,2,21701.0,06/2006,2007,No
1379,4,Visa,Debit (Prepaid),4733359418335581,09/2021,67,YES,2,4.0,09/2004,2008,No
1380,0,Mastercard,Credit,5278231764792292,06/2024,396,YES,1,11600.0,01/1994,2013,No
1380,1,Mastercard,Debit (Prepaid),5463279277464700,01/2021,63,YES,2,99.0,06/2010,2011,No
1380,2,Mastercard,Credit,5413639113191403,04/2022,398,YES,2,4200.0,01/2008,2008,No
1380,3,Mastercard,Debit,5157919465684899,02/2017,587,YES,2,21988.0,09/2013,2013,No
1381,0,Visa,Debit,4525502702319981,01/2020,780,YES,2,12186.0,01/2020,2020,No
1382,0,Amex,Credit,325568769110415,12/2020,220,YES,1,8900.0,10/2006,2011,No
1382,1,Amex,Credit,322453324871897,07/2015,164,YES,2,4000.0,08/2013,2013,No
1382,2,Visa,Credit,4152641013108396,06/2023,561,YES,2,10200.0,05/2009,2009,No
1382,3,Mastercard,Debit,5352993424347809,01/2022,551,YES,2,5649.0,02/2008,2016,No
1382,4,Visa,Debit,4071488613985670,08/2020,661,YES,1,18934.0,10/2007,2013,No
1383,0,Amex,Credit,394004838665108,01/2024,400,YES,1,11500.0,04/2007,2010,No
1383,1,Amex,Credit,312591080633831,04/2022,910,YES,1,5100.0,02/2020,2020,No
1383,2,Visa,Debit (Prepaid),4708598144257742,02/2021,977,YES,1,57.0,10/2003,2009,No
1383,3,Mastercard,Credit,5583371284231665,12/2016,536,YES,1,11800.0,03/2010,2010,No
1384,0,Mastercard,Credit,5664342346978782,09/2023,123,YES,1,12500.0,01/2010,2012,No
1384,1,Visa,Debit (Prepaid),4454985129050191,06/2023,993,YES,2,116.0,01/2020,2020,No
1384,2,Mastercard,Debit,5248799897622190,02/2020,836,YES,2,17447.0,02/2020,2020,No
1385,0,Visa,Debit (Prepaid),4786118873835539,02/2020,119,YES,1,126.0,02/2020,2020,No
1385,1,Mastercard,Debit (Prepaid),5520515906391659,10/2015,769,YES,2,86.0,09/2015,2015,No
1386,0,Mastercard,Debit,5680156886098555,02/2020,437,YES,2,12695.0,01/2020,2020,No
1386,1,Mastercard,Credit,5819556137893463,06/2019,933,YES,2,11800.0,03/2013,2013,No
1386,2,Mastercard,Debit,5423464464264600,11/2022,264,NO,1,18800.0,01/2020,2020,No
1387,0,Mastercard,Debit,5103132578062947,11/2021,309,YES,1,1368.0,10/2000,2004,No
1388,0,Amex,Credit,335883869377870,05/2024,701,YES,1,8800.0,01/2020,2020,No
1388,1,Mastercard,Credit,5218366662865531,02/2020,935,YES,2,8200.0,02/2020,2020,No
1389,0,Mastercard,Debit,5818461677005751,09/2022,826,YES,2,2450.0,04/2006,2014,No
1390,0,Mastercard,Debit,5696067026976484,03/2024,895,YES,2,10582.0,05/2017,2017,No
1391,0,Visa,Debit (Prepaid),4675676595760283,01/2023,456,YES,1,22.0,08/2009,2019,No
1392,0,Visa,Credit,4906111160520305,08/2022,595,YES,1,6900.0,08/2009,2010,No
1392,1,Mastercard,Debit,5250368406087297,06/2022,688,YES,2,12664.0,08/2008,2011,No
1392,2,Discover,Credit,6324447565023510,12/2008,928,YES,2,3700.0,11/2008,2011,No
1392,3,Mastercard,Debit,5991613423087630,02/2020,498,YES,1,15620.0,03/2007,2010,No
1392,4,Amex,Credit,310875942602694,09/2009,236,YES,2,10800.0,04/2001,2011,No
1392,5,Visa,Debit,4058117674791885,10/2021,881,YES,2,7014.0,10/2011,2011,No
1393,0,Mastercard,Debit,5850540702416613,05/2022,840,YES,2,23838.0,02/2013,2013,No
1393,1,Visa,Debit,4744550421746165,12/2024,524,YES,1,17355.0,01/2020,2020,No
1394,0,Mastercard,Debit,5235412796411233,02/2020,789,YES,1,16249.0,11/2007,2010,No
1394,1,Visa,Debit,4696464603505748,11/2021,762,YES,2,14036.0,11/2005,2010,No
1395,0,Mastercard,Debit,5424410190052621,04/2021,437,YES,1,19807.0,05/2010,2010,No
1395,1,Amex,Credit,338539852038786,05/2017,921,YES,1,20900.0,06/2002,2011,No
1395,2,Visa,Credit,4230182755483449,05/2020,741,YES,1,7400.0,12/2009,2009,No
1395,3,Visa,Debit,4105025447291578,07/2023,810,YES,1,35268.0,06/2009,2009,No
1396,0,Visa,Credit,4983219034734706,10/2021,787,YES,2,4600.0,06/2003,2003,No
1396,1,Amex,Credit,387033663036057,01/2022,146,YES,1,6200.0,12/2008,2014,No
1396,2,Mastercard,Debit,5370680073384833,07/2019,639,NO,2,4139.0,03/2005,2008,No
1397,0,Visa,Debit,4588131276802665,10/2020,194,YES,1,23878.0,08/2009,2011,No
1397,1,Mastercard,Credit,5003014471739100,04/2022,159,YES,2,10200.0,08/2006,2013,No
1397,2,Visa,Debit (Prepaid),4946017526806506,04/2021,331,YES,2,48.0,11/2010,2014,No
1397,3,Visa,Credit,4774719998524076,09/2021,912,YES,1,11300.0,11/2015,2015,No
1398,0,Amex,Credit,364639871761447,11/2024,54,YES,2,7700.0,08/2008,2010,No
1398,1,Visa,Credit,4502471811797983,04/2020,477,YES,1,8700.0,08/2004,2006,No
1399,0,Visa,Debit,4609580292509611,08/2021,303,YES,1,15338.0,02/2007,2011,No
1399,1,Amex,Credit,391140616580579,04/2021,207,YES,1,19900.0,11/2007,2011,No
1400,0,Visa,Debit,4450244246196939,05/2023,339,YES,1,14249.0,09/2016,2016,No
1400,1,Visa,Debit,4799094840755472,03/2011,152,YES,1,22124.0,02/2006,2010,No
1400,2,Mastercard,Debit,5504145195168153,04/2022,611,YES,1,28580.0,11/2013,2013,No
1400,3,Discover,Credit,6362095888524274,02/2020,180,YES,1,11900.0,05/2009,2011,No
1400,4,Mastercard,Debit,5999258860780535,06/2024,737,YES,2,16731.0,02/2020,2020,No
1400,5,Mastercard,Credit,5409789881160707,04/2021,252,NO,1,8500.0,09/2014,2014,No
1401,0,Mastercard,Debit,5751390473198116,12/2020,287,YES,2,12757.0,07/2005,2009,No
1401,1,Visa,Debit,4134647729232459,08/2020,517,YES,2,17013.0,09/2009,2009,No
1401,2,Mastercard,Debit,5266252138581561,04/2004,911,YES,2,11757.0,02/2004,2011,No
1402,0,Mastercard,Debit,5449645261322618,03/2022,354,YES,2,16392.0,09/2009,2011,No
1402,1,Visa,Credit,4982238579349184,06/2021,718,YES,1,8500.0,07/2005,2009,No
1402,2,Visa,Debit,4384381555415272,06/2018,608,YES,2,3973.0,01/2010,2016,No
1403,0,Mastercard,Debit,5933370673358517,03/2020,729,YES,2,15042.0,05/2017,2017,No
1403,1,Visa,Credit,4237390837653269,09/2024,620,YES,1,8600.0,01/2009,2010,No
1403,2,Visa,Credit,4093859688530598,07/2022,643,YES,2,7100.0,06/2007,2007,No
1403,3,Visa,Debit,4116069421023162,10/2024,820,YES,2,9551.0,06/2003,2009,No
1403,4,Mastercard,Debit,5384803944238566,08/2020,811,YES,1,10311.0,12/2001,2006,No
1404,0,Amex,Credit,329049697835823,01/2017,852,YES,1,7700.0,07/2013,2013,No
1404,1,Mastercard,Debit,5775179305795307,12/2022,857,YES,2,11638.0,08/2004,2011,No
1404,2,Visa,Debit,4304623994462596,09/2023,750,YES,2,9285.0,03/2006,2011,No
1405,0,Mastercard,Debit,5816338605169387,06/2020,932,YES,1,11164.0,02/2008,2009,No
1405,1,Visa,Credit,4993477414094953,10/2024,698,YES,1,9900.0,07/2006,2011,No
1406,0,Visa,Debit,4801854572462060,09/2011,591,YES,1,16750.0,09/2006,2012,No
1407,0,Visa,Debit (Prepaid),4897531644645196,08/2020,326,YES,1,80.0,02/2020,2020,No
1407,1,Mastercard,Debit,5084870986694899,01/2023,429,YES,1,12233.0,02/2020,2020,No
1408,0,Visa,Debit,4892957791439455,10/2009,711,YES,2,5216.0,03/2009,2009,No
1408,1,Mastercard,Debit,5424759091285905,09/2024,971,YES,2,9082.0,01/2020,2020,No
1408,2,Discover,Credit,6037017552543620,03/2024,945,YES,2,18100.0,01/2020,2020,No
1408,3,Visa,Credit,4474089244704703,02/2020,228,YES,1,11100.0,02/2020,2020,No
1409,0,Visa,Debit,4635113983149325,09/2024,511,YES,1,19158.0,11/2009,2010,No
1409,1,Mastercard,Debit,5431693041561231,06/2020,10,YES,1,19788.0,11/2018,2018,No
1409,2,Mastercard,Debit,5000761209331079,02/2021,797,YES,1,15259.0,02/2010,2010,No
1409,3,Mastercard,Debit,5250424530939349,09/2020,354,YES,2,19728.0,03/2013,2013,No
1409,4,Visa,Debit,4060108859418722,08/2009,710,YES,1,13530.0,08/2004,2011,No
1410,0,Mastercard,Debit,5417072753532786,08/2019,346,YES,1,142.0,05/2008,2012,No
1411,0,Visa,Debit,4008395642072931,09/2021,740,YES,1,16210.0,02/2017,2017,No
1411,1,Visa,Credit,4641536059627815,02/2020,760,YES,1,15200.0,01/2020,2020,No
1411,2,Mastercard,Debit,5863465955533497,10/2023,577,YES,2,24200.0,01/2020,2020,No
1412,0,Mastercard,Debit (Prepaid),5958774087904387,03/2008,758,YES,1,82.0,06/2007,2009,No
1412,1,Visa,Debit,4756126690850860,06/2020,872,YES,1,21057.0,09/2010,2010,No
1412,2,Amex,Credit,360634127644380,04/2021,94,YES,1,8900.0,10/2002,2012,No
1412,3,Visa,Debit,4146154993993961,09/2022,26,NO,2,17789.0,02/1998,2019,No
1413,0,Mastercard,Debit,5738274444891252,04/2023,253,YES,2,14388.0,06/2007,2007,No
1413,1,Visa,Debit,4992225653748607,08/2024,385,YES,1,26582.0,09/2004,2005,No
1413,2,Visa,Debit,4820068957704858,05/2023,694,YES,1,21619.0,01/2016,2016,No
1414,0,Mastercard,Debit,5809580055839541,12/2020,908,YES,1,32704.0,07/2007,2008,No
1415,0,Mastercard,Debit (Prepaid),5369067205369598,01/2014,902,YES,1,70.0,09/1998,2006,No
1415,1,Amex,Credit,315253583009303,04/2012,103,NO,1,23900.0,03/2010,2017,No
1415,2,Visa,Debit,4738213924782743,09/2020,383,YES,2,38120.0,06/2007,2011,No
1415,3,Mastercard,Debit,5718325041563276,03/2019,487,YES,1,5753.0,10/2007,2009,No
1416,0,Amex,Credit,386984033021293,01/2021,449,YES,2,15500.0,06/2010,2012,No
1416,1,Visa,Debit,4006144248025423,04/2022,423,YES,2,21916.0,01/2020,2020,No
1416,2,Visa,Debit,4400720809625437,02/2020,142,YES,1,25579.0,01/2020,2020,No
1417,0,Mastercard,Debit,5612519597863979,07/2023,575,YES,1,16144.0,02/2003,2011,No
1417,1,Mastercard,Debit,5085325105432052,05/2024,720,NO,1,12535.0,11/2019,2019,No
1417,2,Visa,Credit,4579975371658952,06/2020,13,YES,2,7600.0,05/2009,2013,No
1417,3,Mastercard,Debit,5288183247403846,12/2017,391,YES,1,14514.0,07/2008,2008,No
1417,4,Mastercard,Credit,5410016015074479,01/2020,674,YES,2,7500.0,03/2016,2016,No
1418,0,Visa,Credit,4783560032101206,12/2022,606,YES,2,9700.0,12/2010,2011,No
1418,1,Mastercard,Debit,5984424268414258,02/2021,794,NO,1,18450.0,12/2012,2012,No
1418,2,Visa,Debit (Prepaid),4455523301338734,05/2021,617,YES,1,65.0,06/2007,2008,No
1418,3,Mastercard,Debit,5737194797232030,02/2023,310,YES,2,13529.0,01/2010,2010,No
1418,4,Discover,Credit,6155749284043206,12/2023,616,YES,1,10300.0,02/2010,2013,No
1419,0,Mastercard,Credit,5061425671526062,09/2022,21,NO,1,20100.0,06/2011,2012,No
1419,1,Mastercard,Debit (Prepaid),5446786190259541,10/2024,287,NO,2,61.0,01/2009,2016,No
1419,2,Visa,Credit,4784578119131333,09/2018,526,YES,2,18100.0,10/2010,2010,No
1419,3,Mastercard,Debit,5225250785593496,12/2024,71,YES,2,34731.0,10/1997,2011,No
1419,4,Visa,Debit,4290693805811514,09/2016,32,YES,1,23392.0,01/2009,2011,No
1420,0,Mastercard,Debit (Prepaid),5930584948662061,03/2020,601,YES,2,52.0,05/2009,2012,No
1420,1,Mastercard,Debit,5357083238089201,06/2020,131,YES,2,24129.0,07/2002,2018,No
1421,0,Mastercard,Debit,5060989844010070,02/2021,181,NO,1,27847.0,06/2009,2011,No
1421,1,Mastercard,Credit,5197842817300174,12/2022,763,YES,1,12100.0,02/2020,2020,No
1422,0,Mastercard,Debit,5813380740656058,02/2021,778,YES,1,15847.0,04/2003,2010,No
1422,1,Amex,Credit,366703189364969,01/2024,3,YES,1,13500.0,01/2006,2010,No
1422,2,Visa,Credit,4831171485300764,07/2022,704,YES,2,11400.0,07/2012,2012,No
1423,0,Visa,Debit,4511173067957927,08/2022,468,YES,2,5520.0,04/2010,2010,No
1423,1,Visa,Debit,4228336071745123,06/2023,445,NO,1,1559.0,06/2007,2010,No
1423,2,Visa,Debit,4129299581714216,06/2022,296,YES,2,11836.0,06/2003,2015,No
1423,3,Mastercard,Debit,5966550024798424,09/2024,577,YES,1,19211.0,01/2004,2015,No
1423,4,Visa,Debit,4984630717840065,08/2019,910,YES,2,5909.0,10/2008,2012,No
1423,5,Visa,Debit,4888494328219559,04/2018,40,YES,2,16410.0,04/2001,2011,No
1424,0,Amex,Credit,336043262314937,04/2020,467,YES,1,13300.0,10/2009,2009,No
1424,1,Visa,Credit,4874803935373541,11/2015,840,YES,2,9300.0,08/2013,2013,No
1424,2,Mastercard,Credit,5430424247547757,02/2020,262,YES,2,7200.0,02/2020,2020,No
1425,0,Visa,Credit,4317393372526102,07/2022,837,YES,1,11900.0,12/2011,2011,No
1425,1,Visa,Credit,4959412347021856,04/2023,714,YES,2,10500.0,09/2015,2015,No
1425,2,Mastercard,Debit,5254338671695551,08/2018,492,YES,1,14865.0,03/2017,2017,No
1425,3,Mastercard,Debit,5694994900500570,06/2020,517,YES,2,15298.0,07/2006,2009,No
1425,4,Mastercard,Debit,5804559102457694,06/2020,32,YES,1,23481.0,06/1996,2012,No
1425,5,Visa,Credit,4093144761309722,01/2022,231,YES,1,14700.0,05/2007,2014,No
1425,6,Mastercard,Debit (Prepaid),5765279389616526,07/2024,43,YES,2,47.0,06/2003,2013,No
1425,7,Mastercard,Debit,5804202825966463,08/2023,21,YES,1,22625.0,09/2007,2008,No
1426,0,Visa,Debit (Prepaid),4969817527377037,11/2022,756,YES,1,110.0,03/2007,2007,No
1426,1,Visa,Debit,4138210173016904,06/2021,76,YES,1,328.0,09/2015,2015,No
1426,2,Visa,Credit,4573665962578726,11/2020,452,YES,2,100.0,02/2010,2011,No
1427,0,Visa,Credit,4515199158031467,10/2021,329,YES,2,8800.0,06/2003,2016,No
1427,1,Visa,Debit,4372530411325673,11/2020,694,YES,1,3942.0,07/2009,2016,No
1428,0,Mastercard,Debit,5505845036892827,10/2021,658,YES,1,32488.0,12/2010,2010,No
1428,1,Amex,Credit,387958574593201,08/2021,842,YES,1,20000.0,08/2007,2020,No
1428,2,Amex,Credit,336029900720764,10/2020,696,NO,1,14500.0,01/2008,2011,No
1428,3,Mastercard,Debit,5064319723077999,01/2023,109,YES,1,25900.0,09/2010,2010,No
1428,4,Visa,Credit,4077302487318693,01/2022,537,YES,1,14800.0,02/2000,2012,No
1428,5,Visa,Credit,4554398515333303,02/2023,112,YES,2,15600.0,09/2011,2011,No
1429,0,Mastercard,Debit (Prepaid),5579265768450761,02/2020,223,YES,2,51.0,03/2006,2011,No
1429,1,Visa,Credit,4103345732677836,08/2022,996,YES,2,5600.0,05/2013,2013,No
1429,2,Mastercard,Debit,5788572539288230,01/2021,352,YES,2,13235.0,10/2014,2014,No
1430,0,Visa,Debit (Prepaid),4999469198380755,02/2022,551,YES,2,33.0,12/2003,2010,No
1430,1,Mastercard,Debit,5117465520730134,04/2020,950,YES,2,34675.0,07/2004,2018,No
1431,0,Visa,Debit,4416198606646677,12/2020,143,YES,1,19824.0,08/2018,2018,No
1431,1,Visa,Debit,4101718321165426,02/2020,388,YES,1,9827.0,02/2008,2009,No
1432,0,Visa,Credit,4303989107608841,07/2024,515,YES,2,9700.0,07/2007,2009,No
1433,0,Amex,Credit,314664594016772,05/2023,957,YES,2,5400.0,01/2018,2018,No
1433,1,Mastercard,Debit,5016370406985584,03/2018,313,YES,1,12079.0,04/2017,2017,No
1434,0,Visa,Debit,4162004533229299,07/2020,851,YES,2,19436.0,03/2011,2011,No
1434,1,Visa,Credit,4979556172920761,08/2024,507,YES,2,10600.0,05/2005,2005,No
1434,2,Mastercard,Credit,5396816689935407,03/2023,414,YES,1,9600.0,08/2007,2011,No
1435,0,Mastercard,Debit,5269665726380864,04/2020,980,YES,1,17500.0,01/2020,2020,No
1435,1,Mastercard,Debit,5190760062981855,03/2020,810,YES,2,21797.0,02/2020,2020,No
1435,2,Mastercard,Credit,5705900872232418,06/2022,550,YES,1,16700.0,02/2020,2020,No
1435,3,Amex,Credit,318070021444265,12/2022,160,YES,1,8800.0,01/2020,2020,No
1436,0,Mastercard,Debit (Prepaid),5983193668955521,05/2021,265,YES,2,87.0,08/2006,2016,No
1436,1,Mastercard,Credit,5533719099929402,09/2007,945,YES,2,6000.0,08/2004,2010,No
1437,0,Visa,Debit,4836616684752344,07/2021,399,YES,2,10182.0,07/2005,2011,No
1437,1,Visa,Debit,4114768485287188,03/2023,234,YES,1,2566.0,09/2009,2012,No
1438,0,Mastercard,Debit,5104427511153647,09/2021,720,YES,1,25693.0,01/2020,2020,No
1438,1,Mastercard,Debit,5034696278823231,11/2020,154,YES,1,43122.0,10/2002,2011,No
1439,0,Mastercard,Debit,5416630687506723,03/2023,240,YES,2,5793.0,07/2003,2013,No
1439,1,Visa,Debit,4355016101875996,07/2023,864,YES,1,2950.0,10/2005,2014,No
1439,2,Discover,Credit,6635329128734622,03/2015,405,YES,1,6600.0,07/2014,2014,No
1439,3,Mastercard,Debit,5157654602857024,01/2021,61,YES,1,21378.0,03/2015,2015,No
1440,0,Mastercard,Debit,5132514461067101,12/2007,356,YES,1,29283.0,05/2003,2012,No
1441,0,Visa,Debit,4680710047774163,05/2020,450,YES,1,12220.0,09/1993,2011,No
1441,1,Mastercard,Debit,5300904662487175,03/2021,946,NO,1,30096.0,08/2009,2009,No
1441,2,Mastercard,Debit,5773517601936211,02/2020,656,YES,2,12068.0,01/2020,2020,No
1442,0,Mastercard,Debit,5903210987711411,10/2024,288,YES,2,10039.0,01/2020,2020,No
1442,1,Mastercard,Debit (Prepaid),5709214226013916,02/2020,12,NO,2,66.0,02/2020,2020,No
1442,2,Mastercard,Debit,5408447393977144,02/2020,466,YES,2,22043.0,01/2020,2020,No
1442,3,Visa,Debit (Prepaid),4668401810025170,06/2022,651,YES,2,56.0,01/2020,2020,No
1442,4,Mastercard,Credit,5444281905653215,09/2023,74,YES,2,7100.0,11/2018,2018,No
1443,0,Visa,Debit,4603341026600188,05/2012,611,YES,2,1112.0,01/2007,2013,No
1443,1,Visa,Debit,4219385006716246,07/2023,676,YES,2,8643.0,03/2009,2015,No
1443,2,Visa,Credit,4376956078073122,11/2020,45,YES,1,8800.0,09/2009,2012,No
1443,3,Mastercard,Debit (Prepaid),5457193458056810,08/2024,138,YES,2,68.0,02/2017,2017,No
1444,0,Mastercard,Debit,5659646110824731,07/2016,243,YES,1,6949.0,02/2003,2008,No
1444,1,Mastercard,Debit,5046483953202631,11/2021,440,YES,2,8169.0,12/2007,2007,No
1444,2,Mastercard,Credit,5172226378448321,12/2022,648,YES,1,6400.0,05/2009,2010,No
1445,0,Mastercard,Debit (Prepaid),5858496467111392,09/2023,491,NO,1,45.0,01/2020,2020,No
1445,1,Mastercard,Debit,5207888548617783,01/2020,537,YES,2,14759.0,01/2020,2020,No
1445,2,Mastercard,Debit,5365464128698342,03/2021,127,YES,2,5372.0,02/2020,2020,No
1446,0,Mastercard,Debit,5877150082253441,12/2023,299,NO,1,12059.0,11/2006,2008,No
1446,1,Mastercard,Debit,5486956731385318,11/2013,963,YES,1,13823.0,03/2008,2011,No
1446,2,Mastercard,Debit,5110177937842500,04/2023,932,YES,1,13555.0,11/2007,2011,No
1446,3,Visa,Debit,4662466858823442,05/2024,280,YES,2,7991.0,12/2006,2009,No
1447,0,Mastercard,Debit,5601903712765469,02/2020,584,YES,1,25935.0,05/2007,2012,No
1447,1,Mastercard,Credit,5158541599253887,10/2021,471,YES,2,14100.0,02/2020,2020,No
1448,0,Visa,Debit,4340145979701817,09/2024,242,YES,1,18290.0,12/2009,2015,No
1448,1,Visa,Debit,4428689481735989,03/2022,698,YES,2,15322.0,04/1994,2009,No
1448,2,Visa,Debit (Prepaid),4262959598704280,01/2016,710,YES,1,22.0,02/2010,2013,No
1448,3,Visa,Credit,4955210270382749,11/2024,551,YES,2,5700.0,07/2010,2010,No
1448,4,Mastercard,Debit,5131584971414266,04/2010,655,YES,2,26303.0,01/2005,2008,No
1449,0,Visa,Credit,4268635785571601,01/2021,36,YES,2,12400.0,02/2020,2020,No
1449,1,Amex,Credit,379047099954355,11/2023,178,YES,1,8200.0,02/2009,2009,No
1450,0,Mastercard,Debit,5318644266130472,01/2021,925,YES,2,31741.0,08/2019,2019,No
1450,1,Visa,Credit,4112282514083000,07/2021,619,YES,2,14500.0,08/2008,2010,No
1450,2,Visa,Credit,4622003534052016,03/2024,207,YES,2,11200.0,07/2009,2011,No
1451,0,Visa,Credit,4642554061349246,02/2020,763,YES,2,8400.0,03/2013,2013,No
1451,1,Mastercard,Debit,5189892950843584,10/2017,495,YES,2,36920.0,12/2005,2011,No
1452,0,Mastercard,Debit,5018455451330735,11/2024,904,YES,3,1129.0,10/2008,2012,No
1452,1,Mastercard,Credit,5377821284992062,11/2022,138,YES,1,2900.0,06/2010,2010,No
1452,2,Visa,Debit,4720829352602343,04/2017,702,YES,2,11902.0,07/2014,2014,No
1452,3,Visa,Debit,4793063304202945,10/2023,29,YES,1,9290.0,03/2003,2009,No
1453,0,Amex,Credit,389499805815638,02/2024,391,YES,2,11500.0,02/2020,2020,No
1454,0,Mastercard,Debit (Prepaid),5209314764335788,09/2023,770,YES,1,28.0,02/2020,2020,No
1454,1,Mastercard,Debit,5893624216668665,05/2023,56,YES,2,10365.0,02/2020,2020,No
1455,0,Mastercard,Debit,5953738621410056,12/2022,144,YES,1,27123.0,10/2012,2012,No
1455,1,Mastercard,Debit,5585130631780942,07/2021,782,YES,2,26564.0,12/2016,2016,No
1455,2,Mastercard,Debit,5810782752163021,10/2021,359,YES,2,19915.0,04/2015,2015,No
1456,0,Visa,Debit,4431855128075923,10/2022,165,YES,1,17446.0,01/2020,2020,No
1456,1,Visa,Debit,4732750497887754,08/2021,29,YES,2,7330.0,02/2020,2020,No
1457,0,Visa,Debit,4391595396891553,07/2020,346,YES,2,10876.0,02/2011,2011,No
1458,0,Amex,Credit,375292277672255,03/2021,667,YES,2,36200.0,01/2005,2007,No
1459,0,Visa,Credit,4198207686929974,03/2021,480,YES,1,800.0,05/2001,2008,No
1459,1,Mastercard,Debit,5482273460029161,07/2024,79,NO,1,24690.0,12/2019,2019,No
1460,0,Visa,Debit (Prepaid),4402937579552709,11/2019,585,NO,2,85.0,01/2007,2018,No
1460,1,Visa,Credit,4003846186083987,08/2024,474,YES,2,8800.0,09/2011,2011,No
1460,2,Mastercard,Credit,5682264285595888,04/2020,798,YES,1,14200.0,07/2006,2009,No
1460,3,Visa,Debit,4443781290442851,06/2020,841,NO,2,40920.0,06/2003,2015,No
1460,4,Mastercard,Debit,5831664882961727,09/2023,915,YES,1,29936.0,09/2010,2011,No
1461,0,Mastercard,Debit (Prepaid),5951526923211192,04/2021,427,YES,1,73.0,10/2006,2009,No
1461,1,Visa,Debit,4915211682981554,10/2022,886,YES,1,18558.0,11/2017,2017,No
1461,2,Visa,Credit,4065997009484970,01/2024,446,YES,1,9300.0,04/2009,2013,No
1461,3,Amex,Credit,348640265728493,06/2024,591,YES,1,4500.0,05/2012,2012,No
1462,0,Visa,Debit,4840631262367435,09/2023,686,YES,2,17120.0,01/2008,2017,No
1462,1,Mastercard,Credit,5600916670945192,03/2024,252,YES,1,0.0,09/2006,2010,No
1463,0,Mastercard,Debit,5255777164020505,04/2022,678,YES,1,14162.0,12/2007,2015,No
1463,1,Amex,Credit,356971060636319,08/2023,531,YES,1,9000.0,09/2008,2008,No
1464,0,Visa,Debit,4898395876038302,07/2021,574,YES,1,18699.0,02/2020,2020,No
1464,1,Mastercard,Debit,5854024331185026,04/2024,531,YES,2,13979.0,02/2020,2020,No
1464,2,Mastercard,Debit,5520710322024815,12/2023,197,YES,1,22218.0,01/2020,2020,No
1465,0,Mastercard,Debit,5993983094110299,01/2021,784,NO,1,19884.0,01/2016,2016,No
1465,1,Mastercard,Credit,5693261287915412,02/2020,823,YES,1,10700.0,01/2020,2020,No
1465,2,Mastercard,Credit,5344350231485244,07/2024,361,YES,1,6600.0,02/2020,2020,No
1466,0,Mastercard,Debit,5409055666511641,03/2021,923,NO,2,12014.0,01/2020,2020,No
1466,1,Visa,Debit,4351233548162610,06/2023,288,YES,2,8227.0,01/2020,2020,No
1466,2,Mastercard,Credit,5550873515782737,07/2022,556,YES,2,10100.0,01/2020,2020,No
1467,0,Visa,Debit (Prepaid),4739715375933692,08/2021,229,YES,1,38.0,02/2020,2020,No
1468,0,Visa,Debit,4584347378978298,03/2021,249,YES,2,18548.0,01/2016,2016,No
1468,1,Mastercard,Debit,5301585827591730,03/2004,529,YES,1,19030.0,02/2004,2007,No
1468,2,Mastercard,Debit (Prepaid),5449948874033393,10/2009,208,YES,1,94.0,04/2007,2009,No
1468,3,Visa,Debit,4524007081801504,12/2023,4,YES,1,17583.0,10/2016,2016,No
1468,4,Visa,Debit,4592017788097897,09/2021,501,YES,1,20943.0,04/2007,2008,No
1468,5,Visa,Credit,4908654507582365,04/2020,24,YES,2,15800.0,09/2007,2013,No
1469,0,Amex,Credit,348111868266561,09/2021,246,YES,1,7300.0,01/2020,2020,No
1469,1,Amex,Credit,375447713582380,01/2016,91,YES,1,10600.0,08/2014,2014,No
1470,0,Visa,Debit,4354185735186651,01/2020,120,YES,1,19113.0,07/2009,2014,No
1470,1,Amex,Credit,349882494435592,01/2023,647,YES,1,13700.0,11/2005,2008,No
1471,0,Mastercard,Debit,5934234383814305,05/2020,173,YES,2,16317.0,07/2010,2011,No
1472,0,Mastercard,Credit,5783231256300889,02/2015,872,YES,1,6000.0,05/2010,2016,No
1472,1,Visa,Debit,4087524697172925,05/2020,91,YES,2,4909.0,12/2005,2007,No
1472,2,Mastercard,Debit,5622555186345236,08/2013,409,YES,2,14702.0,08/2010,2010,No
1472,3,Mastercard,Debit,5912994287217501,06/2020,291,YES,1,10896.0,01/2020,2020,No
1472,4,Mastercard,Debit,5626395550412597,04/2023,678,YES,1,3526.0,01/2020,2020,No
1472,5,Mastercard,Debit,5329917409393426,03/2024,300,YES,2,10083.0,10/2010,2010,No
1473,0,Mastercard,Credit,5444299345162204,02/2024,480,YES,2,18300.0,11/2005,2014,No
1473,1,Visa,Credit,4637446539727375,05/2021,107,YES,2,21400.0,03/2011,2011,No
1473,2,Mastercard,Debit,5564701470778719,10/2024,739,YES,1,20886.0,10/2014,2014,No
1473,3,Mastercard,Debit,5907261370634843,07/2024,645,YES,1,27701.0,11/2012,2012,No
1474,0,Mastercard,Credit,5753025722639048,09/2023,224,YES,2,8800.0,01/2010,2010,No
1474,1,Mastercard,Debit,5224418160535170,07/2021,724,YES,2,20354.0,03/2012,2012,No
1474,2,Visa,Debit,4318671654054716,10/2020,37,YES,2,14695.0,07/2013,2013,No
1474,3,Mastercard,Debit,5947211336145075,03/2024,807,YES,2,16783.0,06/2010,2011,No
1475,0,Visa,Debit,4135867565103066,12/2024,486,YES,1,21087.0,10/2010,2016,No
1476,0,Mastercard,Debit,5798962665831209,09/2024,304,YES,1,10966.0,08/2014,2014,No
1476,1,Visa,Debit,4988862076390748,08/2024,244,YES,2,12184.0,09/1999,2010,No
1476,2,Mastercard,Credit,5674236311971700,03/2024,955,YES,1,5100.0,03/2008,2015,No
1477,0,Visa,Debit,4854757670875227,02/2020,239,YES,2,30404.0,02/2020,2020,No
1477,1,Visa,Debit,4035380547578392,04/2022,750,YES,2,13193.0,12/2011,2011,No
1477,2,Visa,Credit,4504840142387818,07/2023,344,YES,1,11400.0,08/2011,2019,No
1477,3,Mastercard,Debit,5809285273861427,05/2021,79,YES,2,16959.0,12/2004,2014,No
1478,0,Mastercard,Debit,5135176048333370,09/2024,832,YES,1,14927.0,05/2017,2017,No
1478,1,Visa,Debit,4793567137334721,12/2024,45,NO,1,13760.0,04/2015,2015,No
1478,2,Mastercard,Debit,5875822666213917,04/2021,269,YES,2,17023.0,03/2010,2011,No
1478,3,Discover,Credit,6945679421971452,10/2020,816,YES,1,6500.0,02/2007,2014,No
1478,4,Mastercard,Debit,5703901298391167,11/2010,436,YES,2,15562.0,09/2008,2016,No
1479,0,Mastercard,Debit,5130947171604512,12/2023,342,YES,2,17611.0,02/2009,2011,No
1479,1,Visa,Credit,4945896135256781,05/2021,82,YES,1,11700.0,06/2010,2014,No
1479,2,Discover,Credit,6449625285546786,11/2020,985,YES,1,6600.0,02/2016,2016,No
1480,0,Mastercard,Debit,5281988379479420,04/2020,313,YES,2,4230.0,06/2007,2008,No
1480,1,Mastercard,Credit,5669892249102759,06/2013,518,YES,2,7500.0,02/2012,2012,No
1481,0,Mastercard,Debit,5612228528720084,10/2022,458,YES,2,1077.0,01/2020,2020,No
1482,0,Mastercard,Debit (Prepaid),5738671537483072,09/2021,427,YES,1,98.0,01/2020,2020,No
1482,1,Mastercard,Credit,5527178999283012,09/2007,561,YES,1,5500.0,03/2007,2015,No
1482,2,Visa,Credit,4710429105538737,04/2015,958,YES,2,5500.0,04/2012,2012,No
1482,3,Mastercard,Debit,5069297201755228,10/2022,922,NO,2,9898.0,11/1996,2011,No
1482,4,Visa,Debit (Prepaid),4664388076567373,03/2022,796,NO,1,66.0,01/2010,2011,No
1483,0,Mastercard,Debit,5287003468674175,10/2022,799,NO,2,13095.0,03/2004,2018,No
1483,1,Visa,Debit,4022230098961139,05/2021,90,YES,1,30822.0,02/2005,2015,No
1483,2,Visa,Debit,4303658032034982,04/2023,673,YES,2,16764.0,06/2007,2007,No
1483,3,Mastercard,Credit,5064938627957332,05/2022,742,NO,2,5700.0,12/2005,2010,No
1483,4,Mastercard,Debit,5905151932957268,07/2023,407,YES,1,18482.0,11/2013,2013,No
1484,0,Visa,Debit (Prepaid),4940531959877089,10/2020,374,YES,2,33.0,01/2020,2020,No
1485,0,Visa,Debit,4429857777537289,01/2020,404,YES,2,21692.0,01/2020,2020,No
1485,1,Mastercard,Credit,5607389851323321,04/2023,557,YES,1,11200.0,01/2020,2020,No
1486,0,Mastercard,Debit,5686764662723286,03/2022,113,YES,1,24602.0,01/2020,2020,No
1486,1,Visa,Debit,4236022081985704,10/2016,326,YES,2,44390.0,06/2008,2009,No
1487,0,Mastercard,Debit,5197218235211418,01/2021,955,YES,2,30950.0,06/2005,2020,No
1487,1,Visa,Debit,4193057506301353,06/2023,602,YES,1,4723.0,10/2003,2011,No
1487,2,Visa,Debit,4872357106200453,05/2021,17,YES,1,12325.0,03/2009,2009,No
1487,3,Mastercard,Debit (Prepaid),5566680974439314,02/2010,454,YES,2,15.0,05/2001,2009,No
1487,4,Visa,Debit,4119268573253939,09/2022,247,YES,2,28166.0,10/2003,2015,No
1487,5,Mastercard,Debit,5810332499908324,12/2024,932,YES,1,14056.0,06/2011,2011,No
1488,0,Mastercard,Debit,5350628456401491,11/2024,382,YES,1,35169.0,12/2010,2012,No
1488,1,Mastercard,Credit,5309736298494191,03/2022,728,YES,1,17500.0,08/2010,2011,No
1488,2,Visa,Debit (Prepaid),4443040432064205,03/2012,861,YES,2,33.0,11/2005,2010,No
1489,0,Mastercard,Credit,5404748709503428,10/2021,943,NO,2,18300.0,05/2003,2008,No
1489,1,Mastercard,Credit,5766890677028200,12/2022,9,YES,3,5700.0,06/2011,2011,No
1489,2,Visa,Credit,4544774001344065,09/2024,527,YES,1,19100.0,09/2010,2015,No
1490,0,Amex,Credit,336494766392092,11/2020,600,YES,2,11100.0,07/1998,2016,No
1490,1,Mastercard,Debit,5546537643480546,02/2021,748,YES,2,2833.0,11/2010,2013,No
1490,2,Visa,Debit,4580468046825266,04/2012,101,YES,1,12833.0,05/2008,2010,No
1490,3,Amex,Credit,305833889455873,07/2024,198,YES,2,7500.0,10/2008,2008,No
1490,4,Amex,Credit,302737588175602,04/2020,900,YES,2,14600.0,01/2005,2014,No
1490,5,Mastercard,Debit (Prepaid),5042598887023376,08/2017,909,YES,1,100.0,09/2006,2014,No
1490,6,Amex,Credit,323578133531197,06/2022,404,YES,1,8000.0,09/1995,2003,No
1491,0,Visa,Credit,4937394377002273,05/2021,20,YES,1,5300.0,02/2004,2007,No
1491,1,Visa,Debit,4386594468368100,03/2023,765,YES,2,22601.0,02/2003,2010,No
1492,0,Mastercard,Debit,5873838154222952,02/2020,759,YES,2,27556.0,02/2020,2020,No
1492,1,Visa,Debit (Prepaid),4725811445977510,08/2020,276,YES,2,29.0,02/2020,2020,No
1493,0,Mastercard,Debit,5081978309209093,01/2022,860,YES,1,19753.0,02/2020,2020,No
1493,1,Mastercard,Debit,5743528973419482,11/2020,702,YES,1,15527.0,01/2020,2020,No
1493,2,Visa,Debit,4025612938343507,09/2020,547,NO,1,16056.0,01/2020,2020,No
1494,0,Visa,Debit,4658834560157747,03/2020,222,YES,1,9272.0,08/2010,2011,No
1495,0,Mastercard,Credit,5936059093647862,07/2020,739,YES,1,9000.0,10/2002,2010,No
1495,1,Mastercard,Debit (Prepaid),5789926821361976,04/2021,833,YES,2,83.0,05/2009,2010,No
1495,2,Visa,Debit,4292936340098046,04/2016,106,YES,2,1394.0,08/2010,2015,No
1496,0,Amex,Credit,391488790203553,06/2020,195,YES,1,17900.0,01/2007,2010,No
1496,1,Mastercard,Debit,5928320194768562,08/2016,838,YES,2,2559.0,09/2011,2011,No
1496,2,Mastercard,Debit,5632931851516080,10/2023,688,YES,2,9285.0,09/1998,2013,No
1497,0,Mastercard,Debit (Prepaid),5203903413139239,08/2023,495,NO,2,130.0,06/2009,2009,No
1497,1,Visa,Credit,4781372317032583,02/2023,403,YES,1,13400.0,08/2010,2010,No
1497,2,Amex,Credit,320312548990885,08/2013,628,YES,1,9200.0,01/2008,2009,No
1497,3,Visa,Credit,4148787669895828,08/2022,50,YES,1,17700.0,12/2000,2009,No
1497,4,Mastercard,Debit,5346827663529174,10/2024,54,NO,2,37634.0,05/2004,2006,No
1498,0,Visa,Credit,4759060378229068,08/2024,148,YES,1,25200.0,03/2010,2020,No
1498,1,Visa,Debit,4251438588647763,03/2021,177,YES,2,27878.0,04/2009,2011,No
1498,2,Visa,Debit,4873170994873047,12/2021,510,YES,2,19264.0,06/2010,2010,No
1499,0,Visa,Credit,4601495519183808,04/2012,833,YES,1,17000.0,10/2005,2016,No
1499,1,Mastercard,Debit,5822238075477046,12/2008,299,NO,2,14681.0,02/2005,2012,No
1499,2,Visa,Credit,4035574637806082,04/2020,28,NO,3,25100.0,04/2012,2012,No
1499,3,Mastercard,Debit,5252385354093904,02/2023,874,YES,2,54842.0,03/2013,2013,No
1500,0,Visa,Credit,4775884194235989,02/2020,411,YES,2,16900.0,02/2020,2020,No
1500,1,Visa,Credit,4544713227326156,12/2020,4,YES,1,12800.0,01/2020,2020,No
1501,0,Mastercard,Debit (Prepaid),5701332239788541,07/2023,299,YES,1,86.0,02/2020,2020,No
1501,1,Visa,Debit (Prepaid),4847294655009003,10/2022,440,YES,1,61.0,10/2018,2018,No
1501,2,Visa,Debit (Prepaid),4119373610006563,04/2021,374,YES,1,55.0,02/2020,2020,No
1502,0,Discover,Credit,6845375674595536,02/2024,943,YES,1,0.0,01/2011,2011,No
1502,1,Mastercard,Debit,5417518550067026,12/2022,737,YES,1,10608.0,02/2010,2010,No
1502,2,Mastercard,Debit,5345636299699533,02/2013,788,YES,1,16315.0,02/2009,2010,No
1502,3,Mastercard,Debit,5503299875661525,02/2020,924,YES,1,20587.0,01/2020,2020,No
1503,0,Amex,Credit,320032582560720,09/2020,917,YES,2,7300.0,07/2016,2016,No
1503,1,Visa,Debit (Prepaid),4525019658850214,10/2022,425,YES,2,60.0,01/2011,2011,No
1503,2,Visa,Debit (Prepaid),4319964166566927,01/2023,205,NO,1,69.0,08/2015,2015,No
1503,3,Mastercard,Debit (Prepaid),5538874717660586,09/2023,671,YES,1,90.0,02/2020,2020,No
1504,0,Visa,Debit,4700227604701791,10/2012,163,YES,1,11714.0,10/2009,2014,No
1504,1,Mastercard,Credit,5618611337229363,12/2021,114,NO,2,6400.0,02/2014,2014,No
1504,2,Mastercard,Debit (Prepaid),5302877087935862,08/2018,213,YES,1,84.0,03/2018,2018,No
1504,3,Mastercard,Credit,5762316813851481,10/2022,722,NO,1,6900.0,06/2005,2012,No
1505,0,Mastercard,Debit (Prepaid),5236777406383687,10/2020,234,YES,1,64.0,09/2016,2016,No
1505,1,Mastercard,Debit,5463788030135116,12/2024,236,YES,2,37377.0,12/2012,2012,No
1506,0,Visa,Debit,4571249574954358,09/2022,588,YES,2,11002.0,12/2009,2009,No
1506,1,Visa,Debit,4048255744655078,07/2020,307,NO,2,19765.0,08/2001,2009,No
1506,2,Mastercard,Credit,5971047131415221,02/2018,191,NO,1,12900.0,04/2004,2010,No
1507,0,Mastercard,Debit,5802516154574090,07/2021,566,YES,1,22353.0,02/2020,2020,No
1508,0,Visa,Debit,4998445442709639,03/2021,899,YES,2,28696.0,12/2009,2009,No
1508,1,Mastercard,Credit,5587200077332468,12/2023,661,YES,1,20700.0,09/2009,2010,No
1508,2,Mastercard,Debit,5079107565180218,02/2023,905,YES,1,14868.0,02/2005,2013,No
1508,3,Visa,Debit (Prepaid),4206153698593049,12/2012,9,YES,1,78.0,08/2008,2008,No
1508,4,Mastercard,Debit,5521151206022377,05/2020,641,YES,2,1633.0,12/2010,2012,No
1509,0,Amex,Credit,330491125625090,11/2024,856,YES,1,15700.0,02/2020,2020,No
1509,1,Mastercard,Debit (Prepaid),5789086009227522,04/2023,492,YES,2,60.0,02/2020,2020,No
1509,2,Visa,Debit,4396300530343290,08/2023,768,YES,2,5222.0,02/2020,2020,No
1509,3,Visa,Debit,4316804623436512,07/2022,145,YES,1,14897.0,02/2020,2020,No
1509,4,Mastercard,Credit,5270606118993945,12/2021,99,YES,2,10500.0,02/2020,2020,No
1510,0,Mastercard,Debit,5579186804778775,04/2022,880,YES,1,17130.0,12/2007,2011,No
1510,1,Mastercard,Debit,5017284678566476,05/2022,246,YES,2,9852.0,02/2006,2012,No
1511,0,Mastercard,Debit,5507680552446400,09/2020,227,YES,1,20479.0,03/2008,2008,No
1511,1,Mastercard,Debit (Prepaid),5147068410331391,09/2011,725,YES,1,100.0,03/2008,2011,No
1512,0,Mastercard,Credit,5689040853282702,10/2021,551,YES,2,9200.0,05/2011,2011,No
1512,1,Mastercard,Debit,5122476616301895,05/2020,133,YES,1,17314.0,03/2009,2011,No
1512,2,Mastercard,Debit,5304039785163827,09/2023,849,YES,1,20605.0,07/2006,2011,No
1512,3,Discover,Credit,6798120561105479,05/2024,373,NO,2,9500.0,08/2003,2005,No
1513,0,Discover,Credit,6546589729646885,02/2020,99,YES,2,10600.0,02/2020,2020,No
1514,0,Mastercard,Debit,5561095552395447,12/2023,957,YES,1,34065.0,07/2019,2019,No
1514,1,Mastercard,Credit,5051745688370284,03/2016,195,YES,1,16200.0,04/2008,2013,No
1514,2,Visa,Debit (Prepaid),4730478240405316,12/2024,114,YES,2,2.0,03/2008,2010,No
1514,3,Visa,Debit,4084349539485967,04/2022,536,YES,1,26714.0,02/2004,2010,No
1514,4,Visa,Debit,4600429352082372,01/2020,674,YES,2,41084.0,10/2003,2012,No
1514,5,Mastercard,Debit,5706014273634676,05/2008,360,YES,2,11392.0,07/2006,2015,No
1514,6,Mastercard,Debit,5121412939946667,10/2022,799,YES,2,21205.0,12/2007,2011,No
1515,0,Mastercard,Debit,5554081439634551,07/2022,695,YES,2,22409.0,05/2014,2014,No
1515,1,Mastercard,Debit,5911201546356823,11/2020,172,YES,1,26275.0,01/2020,2020,No
1515,2,Visa,Debit (Prepaid),4351720469066759,08/2020,218,YES,1,74.0,07/2008,2011,No
1515,3,Mastercard,Debit,5152235839088172,07/2023,469,NO,2,27298.0,05/2003,2007,No
1515,4,Mastercard,Debit (Prepaid),5967896787942497,08/2024,949,YES,1,61.0,03/2008,2010,No
1515,5,Mastercard,Credit,5586713288069328,07/2022,232,YES,2,17000.0,01/2003,2009,No
1516,0,Amex,Credit,334781877942824,09/2023,660,YES,1,6700.0,01/2020,2020,No
1516,1,Visa,Credit,4969893593143817,10/2022,58,YES,1,9600.0,02/2020,2020,No
1516,2,Visa,Debit,4746520577856918,07/2020,959,YES,1,16350.0,01/2020,2020,No
1517,0,Mastercard,Credit,5201739490879007,03/2022,620,NO,2,8500.0,02/2020,2020,No
1517,1,Visa,Debit,4390973591646087,02/2020,260,YES,2,29078.0,02/2020,2020,No
1518,0,Visa,Debit,4385365268806508,09/2024,151,YES,2,11868.0,02/2007,2015,No
1518,1,Visa,Debit,4362821338983929,09/2024,272,YES,1,9708.0,11/2006,2013,No
1518,2,Mastercard,Debit,5846069874081323,11/2008,812,YES,2,16541.0,07/2005,2011,No
1519,0,Visa,Debit,4529699535483304,05/2021,329,YES,1,10982.0,01/2006,2011,No
1519,1,Mastercard,Debit,5016909247780196,06/2020,479,NO,2,11094.0,10/2011,2011,No
1519,2,Visa,Credit,4733347153706598,07/2020,265,YES,2,8000.0,01/2020,2020,No
1519,3,Mastercard,Debit,5793823082189569,01/2020,210,YES,1,7535.0,09/2011,2011,No
1520,0,Visa,Debit,4097569831392145,07/2022,289,YES,1,24296.0,11/2018,2018,No
1520,1,Mastercard,Debit,5966652632775568,05/2023,536,YES,1,20816.0,12/2011,2011,No
1520,2,Discover,Credit,6574776064588951,06/2022,509,YES,2,14700.0,03/2008,2019,No
1520,3,Visa,Debit,4440574696341642,04/2020,962,NO,2,17145.0,06/2009,2010,No
1520,4,Visa,Debit,4752612253568533,08/2022,162,YES,1,11391.0,09/1999,2015,No
1521,0,Mastercard,Debit (Prepaid),5017252384270871,07/2022,389,YES,2,69.0,11/2012,2012,No
1521,1,Mastercard,Credit,5344072434039629,05/2012,462,YES,2,9100.0,06/2010,2016,No
1522,0,Mastercard,Debit,5492294137017692,08/2012,745,YES,2,22137.0,06/2007,2007,No
1522,1,Mastercard,Debit,5673229210000459,05/2010,141,NO,1,13698.0,11/2008,2010,No
1522,2,Mastercard,Debit,5594766760079503,01/2020,541,YES,1,17598.0,04/2009,2009,No
1523,0,Mastercard,Debit,5523941420112539,07/2021,71,YES,1,6957.0,09/2005,2011,No
1524,0,Visa,Debit,4832794053001176,11/2021,588,YES,1,20839.0,07/2011,2011,No
1524,1,Visa,Debit,4481338830716771,10/2022,467,YES,1,28004.0,10/2018,2018,No
1524,2,Mastercard,Debit,5743016565516756,12/2009,138,YES,1,19114.0,11/2009,2010,No
1524,3,Mastercard,Debit,5146883948059613,06/2018,867,YES,2,13657.0,12/2011,2011,No
1524,4,Mastercard,Debit,5486627600298205,07/2022,125,YES,1,23404.0,02/2003,2010,No
1525,0,Mastercard,Debit,5329257764930749,03/2021,359,YES,2,4898.0,03/2007,2015,No
1525,1,Mastercard,Debit,5903653067942572,09/2020,25,NO,1,10654.0,04/2009,2010,No
1526,0,Mastercard,Credit,5606160450914606,08/2023,46,YES,2,6600.0,04/2008,2016,No
1526,1,Amex,Credit,333480454420533,09/2020,392,NO,1,8300.0,10/2003,2011,No
1526,2,Amex,Credit,379940351891689,11/2020,954,YES,2,12300.0,08/2007,2012,No
1526,3,Mastercard,Credit,5941275556386094,03/2024,128,YES,1,5500.0,03/2001,2010,No
1526,4,Visa,Credit,4888461276072573,10/2022,747,YES,1,5900.0,08/2009,2010,No
1527,0,Mastercard,Debit,5839584564422187,06/2024,206,NO,1,26404.0,08/2008,2011,No
1527,1,Mastercard,Debit,5620855750640306,08/2023,492,NO,1,18773.0,06/2017,2017,No
1527,2,Visa,Debit,4539066236622195,02/2019,145,NO,2,21087.0,08/2009,2009,No
1527,3,Visa,Credit,4667046973414964,05/2023,952,YES,2,14400.0,02/2011,2011,No
1527,4,Visa,Credit,4973318740626868,08/2024,586,YES,1,11400.0,11/2005,2010,No
1528,0,Mastercard,Debit,5713112635487348,02/2020,796,YES,1,11159.0,05/1998,2015,No
1528,1,Mastercard,Debit,5409541769328200,04/2017,23,YES,1,10233.0,09/2005,2017,No
1528,2,Visa,Debit (Prepaid),4326714873054572,05/2024,692,YES,3,45.0,11/2006,2012,No
1528,3,Visa,Credit,4372866189717850,11/2020,785,YES,2,6400.0,09/2003,2010,No
1529,0,Mastercard,Debit,5384350370649513,09/2023,549,YES,1,14070.0,08/2003,2014,No
1529,1,Mastercard,Debit,5299823964392127,12/2023,273,NO,2,2159.0,12/2002,2006,No
1529,2,Mastercard,Debit,5291762862057509,10/2020,269,YES,1,26425.0,06/2011,2011,No
1530,0,Mastercard,Debit,5642734548545159,11/2018,405,YES,2,66781.0,11/2007,2009,No
1530,1,Visa,Debit,4568370619528049,07/2023,983,YES,1,47684.0,08/2013,2013,No
1530,2,Mastercard,Credit,5571571366314376,07/2024,126,YES,1,27700.0,10/2007,2013,No
1530,3,Visa,Credit,4915308819332544,05/2023,776,YES,2,10700.0,07/2013,2013,No
1530,4,Visa,Debit,4698439364398046,02/2021,414,YES,1,49679.0,01/2020,2020,No
1531,0,Visa,Credit,4381113346368526,11/2023,51,YES,2,1900.0,04/2004,2011,No
1531,1,Visa,Debit,4448948827886660,01/2021,687,YES,1,11885.0,10/2008,2011,No
1532,0,Mastercard,Debit,5335828686031643,02/2015,167,YES,2,785.0,09/2010,2010,No
1532,1,Visa,Credit,4749273777651489,03/2022,809,YES,2,6900.0,10/2001,2011,No
1532,2,Visa,Debit,4450794746298149,12/2018,502,YES,1,22457.0,04/2006,2010,No
1533,0,Mastercard,Debit,5072626821657978,08/2022,701,YES,2,14701.0,06/2011,2011,No
1533,1,Visa,Debit (Prepaid),4589358638611077,03/2023,207,YES,1,3.0,07/2009,2020,No
1533,2,Mastercard,Debit,5659101740652440,02/2002,501,YES,2,23502.0,02/2000,2020,No
1533,3,Mastercard,Debit (Prepaid),5926977700240338,12/2021,508,YES,2,44.0,05/2010,2010,No
1534,0,Mastercard,Debit,5686962857502766,06/2022,257,YES,1,27590.0,03/2009,2010,No
1534,1,Visa,Debit,4230041150211486,07/2024,872,YES,1,37338.0,09/2011,2011,No
1534,2,Mastercard,Credit,5409754518829059,04/2023,806,YES,1,15500.0,09/2007,2012,No
1534,3,Visa,Debit,4420367772042775,05/2007,704,YES,2,33807.0,12/2005,2008,No
1534,4,Visa,Debit,4063898777653037,10/2002,671,YES,2,24056.0,10/2002,2009,No
1534,5,Visa,Credit,4616160672677136,10/2003,410,YES,2,11400.0,06/1998,2007,No
1535,0,Mastercard,Debit (Prepaid),5214165168049372,10/2011,254,YES,2,37.0,02/2001,2004,No
1535,1,Visa,Credit,4275119808129751,01/2014,864,YES,1,11000.0,02/2007,2010,No
1536,0,Mastercard,Debit,5538862189927591,12/2023,664,YES,2,2307.0,11/2008,2010,No
1536,1,Visa,Debit,4763832977457199,12/2009,581,YES,2,10362.0,04/2009,2015,No
1537,0,Visa,Debit,4359389213795356,10/2023,546,YES,1,37318.0,10/2012,2012,No
1537,1,Mastercard,Credit,5056150001403124,12/2008,451,YES,1,22800.0,08/2007,2007,No
1537,2,Visa,Debit,4169838718882754,05/2021,899,YES,1,57294.0,03/2007,2010,No
1537,3,Mastercard,Debit,5565968548709329,07/2024,877,YES,2,30024.0,05/2011,2011,No
1537,4,Visa,Credit,4610405635857644,10/2019,524,YES,2,37400.0,12/2011,2011,No
1538,0,Mastercard,Debit,5313259691069761,08/2022,972,YES,2,21147.0,02/2020,2020,No
1539,0,Mastercard,Debit,5249391871473894,02/2024,845,YES,1,11857.0,04/2009,2011,No
1539,1,Visa,Debit,4453842040369230,09/2020,179,YES,1,21148.0,11/2005,2011,No
1539,2,Visa,Credit,4481967137410492,09/2022,198,YES,1,7500.0,11/2004,2016,No
1539,3,Visa,Debit,4009698492021262,04/2021,907,YES,2,16261.0,08/2010,2016,No
1539,4,Mastercard,Debit,5695828176341633,12/2021,792,YES,2,14116.0,05/2006,2015,No
1540,0,Visa,Debit,4190381537189189,03/2024,939,YES,1,23677.0,01/2020,2020,No
1540,1,Visa,Debit (Prepaid),4495572757942995,12/2020,474,YES,3,69.0,01/2020,2020,No
1541,0,Mastercard,Debit,5840476864492037,03/2020,155,NO,1,6326.0,01/2009,2010,No
1542,0,Mastercard,Debit,5207003416805344,07/2020,717,YES,2,12461.0,02/2020,2020,No
1542,1,Mastercard,Debit,5987109951536861,04/2019,424,YES,2,17386.0,02/2017,2017,No
1542,2,Visa,Credit,4076004030170552,01/2024,180,NO,2,11300.0,02/2020,2020,No
1543,0,Mastercard,Debit,5905486726598062,10/2014,426,YES,1,1.0,01/2013,2013,No
1543,1,Visa,Debit,4367131765938550,12/2023,935,NO,2,1.0,08/2014,2014,No
1543,2,Mastercard,Credit,5690597003085826,01/2024,546,YES,2,0.0,05/2005,2012,No
1544,0,Visa,Debit,4943014295329210,06/2024,641,YES,1,23069.0,02/2020,2020,No
1544,1,Visa,Debit,4870540675741457,04/2024,716,YES,1,15578.0,02/2013,2013,No
1544,2,Mastercard,Debit,5541258980261232,06/2015,131,YES,1,29648.0,10/2008,2011,No
1544,3,Visa,Credit,4112534725146358,10/2018,18,YES,1,25300.0,12/2011,2017,No
1545,0,Amex,Credit,304236119500152,08/2020,954,YES,1,8200.0,09/2010,2012,No
1545,1,Mastercard,Debit,5555216812366873,05/2023,871,YES,1,9257.0,05/2009,2009,No
1545,2,Visa,Debit,4441595356669115,07/2021,849,YES,1,319.0,07/2002,2016,No
1545,3,Mastercard,Debit,5960254965868032,06/2024,91,YES,1,5141.0,03/2004,2012,No
1546,0,Visa,Debit,4765160616096366,05/2022,140,YES,2,23343.0,11/2011,2011,No
1546,1,Mastercard,Debit,5754587881449040,11/2021,859,YES,2,18624.0,10/2011,2011,No
1546,2,Visa,Debit,4044157806268502,07/2020,642,YES,1,15145.0,04/2015,2015,No
1546,3,Mastercard,Debit,5717363470674555,02/2020,98,YES,2,22787.0,04/2012,2012,No
1546,4,Visa,Debit (Prepaid),4937261009416652,05/2023,873,YES,1,94.0,12/1994,2011,No
1547,0,Mastercard,Debit,5114438569807444,02/2020,461,YES,2,43984.0,09/2008,2013,No
1547,1,Visa,Credit,4380226554679223,09/2022,593,YES,2,20600.0,09/2012,2012,No
1547,2,Mastercard,Debit,5954583689426808,11/2022,655,YES,2,29144.0,08/2007,2010,No
1548,0,Mastercard,Debit,5629986215875755,11/2024,116,YES,2,25613.0,08/2011,2016,No
1549,0,Mastercard,Debit,5979667204791664,02/2020,983,YES,2,24954.0,02/2020,2020,No
1549,1,Mastercard,Debit,5919565574478949,10/2024,306,YES,1,24638.0,06/2010,2010,No
1550,0,Visa,Credit,4824475251141291,01/2024,450,YES,2,3400.0,01/2020,2020,No
1551,0,Mastercard,Debit (Prepaid),5640392134523713,05/2021,10,YES,2,79.0,12/2006,2020,No
1551,1,Visa,Debit,4456924264973452,03/2024,483,YES,2,10099.0,06/2009,2013,No
1551,2,Visa,Debit,4441378583955445,12/2022,568,YES,2,15018.0,02/2011,2011,No
1552,0,Mastercard,Debit,5266773834736915,10/2021,593,YES,2,31292.0,12/2015,2015,No
1553,0,Visa,Debit,4105075889994254,06/2024,789,YES,2,25639.0,11/2010,2010,No
1554,0,Visa,Debit,4431266757000306,09/2024,45,YES,1,21955.0,01/2020,2020,No
1554,1,Visa,Debit,4005162842417313,03/2020,501,YES,1,16319.0,01/2020,2020,No
1554,2,Mastercard,Debit,5444994064603121,01/2021,632,YES,2,14679.0,01/2020,2020,No
1555,0,Visa,Credit,4495571717001479,09/2023,778,YES,2,10200.0,07/2016,2016,No
1556,0,Mastercard,Debit,5756191460540395,07/2022,627,YES,2,8653.0,02/2020,2020,No
1557,0,Visa,Credit,4982389408699603,08/2021,536,YES,2,9100.0,09/2008,2008,No
1557,1,Visa,Credit,4719950506919432,06/2021,185,YES,2,4100.0,02/2020,2020,No
1557,2,Mastercard,Credit,5855208922240897,11/2022,32,NO,2,10200.0,01/2020,2020,No
1557,3,Mastercard,Debit,5651004451380046,04/2022,421,YES,2,12736.0,02/2009,2014,No
1558,0,Mastercard,Debit,5733757937326201,12/2023,487,YES,1,12930.0,08/2008,2008,No
1558,1,Mastercard,Debit,5898229848182386,04/2024,150,YES,1,12457.0,07/2015,2015,No
1558,2,Visa,Debit (Prepaid),4591853850857691,10/2020,593,YES,1,145.0,03/2015,2015,No
1558,3,Discover,Credit,6932038043726914,03/2020,285,YES,1,8600.0,11/2000,2014,No
1558,4,Mastercard,Debit,5948622774414299,03/2016,985,NO,2,14098.0,12/2006,2009,No
1559,0,Visa,Credit,4031363218390318,07/2021,632,YES,1,8400.0,02/2020,2020,No
1560,0,Mastercard,Debit,5442707945484989,11/2021,434,YES,1,16679.0,06/2012,2012,No
1560,1,Visa,Debit,4949443440587519,07/2018,240,YES,1,13030.0,03/2011,2011,No
1560,2,Visa,Debit,4975809545606409,07/2020,799,YES,2,14611.0,06/2008,2008,No
1560,3,Mastercard,Debit,5777389371749147,07/2024,168,YES,2,11740.0,02/2020,2020,No
1561,0,Mastercard,Debit,5320405483471856,05/2021,18,YES,2,15927.0,02/2020,2020,No
1562,0,Mastercard,Debit,5290798363835308,10/2024,487,YES,1,14178.0,08/1995,2010,No
1562,1,Discover,Credit,6337572896253921,08/2014,827,YES,1,5900.0,06/2001,2016,No
1562,2,Mastercard,Debit,5502821682729694,07/2021,883,YES,2,13955.0,07/2007,2008,No
1563,0,Visa,Credit,4564555970607146,07/2022,200,YES,1,15600.0,02/2006,2011,No
1563,1,Mastercard,Debit (Prepaid),5659072921204165,11/2023,602,YES,2,10.0,01/2005,2011,No
1563,2,Mastercard,Debit,5833433820016742,02/2024,624,NO,3,19263.0,01/2007,2011,No
1564,0,Mastercard,Debit,5247649544056704,09/2021,162,YES,1,38814.0,10/2016,2016,No
1564,1,Mastercard,Debit,5073215069137256,12/2024,541,YES,1,15297.0,09/2013,2013,No
1564,2,Mastercard,Debit (Prepaid),5591003097918979,05/2023,390,YES,2,62.0,07/2002,2011,No
1565,0,Mastercard,Debit (Prepaid),5031314717836444,01/2023,860,YES,2,51.0,06/2006,2006,No
1566,0,Mastercard,Debit,5192728051393602,06/2024,461,YES,1,13201.0,06/2014,2014,No
1566,1,Visa,Debit,4846690288981542,03/2015,677,YES,1,12353.0,05/2013,2013,No
1566,2,Visa,Debit,4981608124910367,02/2024,782,YES,1,18223.0,06/2012,2012,No
1566,3,Visa,Debit,4284692836848156,02/2020,396,YES,1,18757.0,03/2018,2018,No
1567,0,Mastercard,Debit,5047012325844667,09/2024,300,YES,1,5966.0,01/2000,2020,No
1567,1,Mastercard,Credit,5961782216187026,11/2024,810,YES,1,7600.0,08/2010,2010,No
1567,2,Mastercard,Debit,5898436387057618,10/2022,793,YES,1,17832.0,10/2013,2013,No
1567,3,Visa,Debit,4200226929304953,01/2022,587,YES,1,17536.0,06/2006,2007,No
1567,4,Visa,Debit,4499077671227490,02/2021,551,NO,1,30393.0,08/2013,2013,No
1568,0,Visa,Credit,4345940645469625,08/2007,391,YES,1,3100.0,03/2007,2008,No
1569,0,Visa,Credit,4554286438711298,02/2020,7,YES,2,8700.0,01/2020,2020,No
1570,0,Mastercard,Credit,5684630456479793,05/2020,396,YES,1,6200.0,08/2005,2010,No
1570,1,Visa,Credit,4243291135739492,09/2024,603,YES,1,7400.0,10/2007,2019,No
1571,0,Mastercard,Debit,5582577330932323,01/2024,605,YES,2,14801.0,08/2018,2018,No
1571,1,Visa,Credit,4174613161615032,10/2024,977,YES,2,11000.0,05/2005,2020,No
1571,2,Amex,Credit,350118327144025,05/2020,754,YES,2,9900.0,08/2019,2019,No
1571,3,Visa,Debit,4056761456617104,06/2023,343,YES,2,15773.0,01/2018,2018,No
1571,4,Visa,Debit,4076578011196322,04/2024,992,YES,1,18365.0,08/2007,2010,No
1571,5,Discover,Credit,6451744848809895,10/2023,409,YES,1,12300.0,01/2011,2011,No
1572,0,Visa,Debit,4106850529116001,06/2020,205,YES,1,15721.0,09/1999,2011,No
1572,1,Amex,Credit,303084720106463,09/2023,130,YES,1,7100.0,02/2007,2009,No
1572,2,Visa,Credit,4970700220086771,08/2014,312,YES,2,8000.0,06/2014,2014,No
1572,3,Mastercard,Credit,5643346576345182,06/2020,64,YES,1,7800.0,08/2001,2013,No
1573,0,Mastercard,Debit,5016922849464007,12/2020,869,YES,1,25429.0,01/2011,2011,No
1573,1,Mastercard,Debit,5618794869367731,02/2021,271,YES,1,16925.0,01/2016,2016,No
1573,2,Visa,Debit,4084042364575576,06/2023,24,YES,1,19450.0,10/2013,2013,No
1574,0,Mastercard,Debit,5694156503465821,10/2021,775,YES,2,2264.0,02/2020,2020,No
1574,1,Visa,Debit,4068545268912420,01/2020,884,YES,1,15914.0,01/2020,2020,No
1574,2,Visa,Debit (Prepaid),4273210469600813,02/2022,536,YES,1,58.0,02/2020,2020,No
1574,3,Visa,Debit,4210851216153734,05/2024,812,NO,1,22944.0,01/2020,2020,No
1575,0,Mastercard,Debit,5933813396302402,01/2023,824,NO,1,21908.0,12/2009,2009,No
1575,1,Visa,Credit,4549441380872550,03/2022,975,YES,2,15700.0,07/2008,2011,No
1575,2,Visa,Credit,4425499865708805,10/2024,933,YES,1,0.0,01/2020,2020,No
1575,3,Visa,Credit,4144495012148526,05/2024,73,YES,1,14800.0,04/2000,2007,No
1576,0,Visa,Credit,4597650893698249,02/2020,245,YES,2,5700.0,03/2007,2010,No
1576,1,Mastercard,Credit,5405403307724984,02/2020,44,YES,2,9100.0,07/2008,2008,No
1576,2,Mastercard,Debit,5536863303144346,05/2024,575,YES,2,8993.0,08/2007,2010,No
1576,3,Discover,Credit,6222030207999751,06/2023,688,YES,1,8000.0,11/2006,2009,No
1576,4,Visa,Debit,4910409648688381,02/2021,257,NO,2,311.0,06/2001,2011,No
1577,0,Mastercard,Credit,5988513060276966,11/2020,754,YES,2,9700.0,01/2020,2020,No
1577,1,Mastercard,Debit,5948144196319683,07/2021,785,YES,1,23399.0,02/2020,2020,No
1578,0,Visa,Credit,4419165641059150,11/2023,167,YES,1,10300.0,01/2009,2013,No
1578,1,Mastercard,Debit,5670044732419726,05/2024,368,NO,2,12100.0,06/2010,2015,No
1578,2,Mastercard,Debit (Prepaid),5490867691921019,10/2018,222,YES,2,49.0,02/2007,2017,No
1579,0,Mastercard,Debit,5225389722526534,09/2023,891,YES,2,24772.0,08/2010,2010,No
1579,1,Visa,Credit,4965321363827916,03/2021,413,YES,2,15300.0,02/2020,2020,No
1579,2,Mastercard,Debit (Prepaid),5497590243197280,07/2022,306,YES,2,55.0,05/2008,2008,No
1579,3,Amex,Credit,384780807062464,02/2020,476,YES,2,11200.0,01/2020,2020,No
1580,0,Mastercard,Credit,5098793947794736,07/2020,488,YES,2,7800.0,01/2020,2020,No
1580,1,Mastercard,Debit,5948594944639664,02/2020,386,YES,1,13558.0,02/2020,2020,No
1580,2,Visa,Credit,4655114310829903,09/2021,146,YES,1,8500.0,01/2020,2020,No
1580,3,Visa,Debit,4471238909033238,02/2022,368,YES,2,11237.0,02/2020,2020,No
1581,0,Amex,Credit,382031359848619,08/2012,412,NO,2,6000.0,03/2005,2013,No
1581,1,Mastercard,Debit,5891567010748213,09/2022,563,YES,1,957.0,11/2008,2012,No
1581,2,Amex,Credit,337919115553710,02/2020,7,YES,2,4000.0,10/2017,2017,No
1581,3,Mastercard,Credit,5566207489496526,03/2024,115,YES,1,4900.0,04/2004,2004,No
1582,0,Visa,Debit,4293438216088430,04/2022,847,YES,1,7967.0,07/2015,2015,No
1582,1,Mastercard,Debit,5738889921774670,06/2019,261,YES,2,12490.0,05/2016,2016,No
1582,2,Visa,Debit,4640548373982017,07/2020,972,YES,2,9043.0,01/2020,2020,No
1583,0,Visa,Debit,4241836475964924,12/2022,229,YES,2,1663.0,02/2020,2020,No
1583,1,Mastercard,Debit,5943892255232378,06/2022,355,YES,2,7283.0,01/2020,2020,No
1583,2,Mastercard,Debit,5966316752263922,01/2021,442,YES,1,23750.0,01/2020,2020,No
1584,0,Mastercard,Credit,5194782740689024,07/2020,83,NO,1,8100.0,01/2008,2015,No
1584,1,Visa,Credit,4745341098877385,10/2023,273,YES,2,11800.0,02/2020,2020,No
1584,2,Mastercard,Credit,5739094385227541,03/2006,905,YES,1,15200.0,09/2004,2014,No
1584,3,Mastercard,Debit,5721768564866906,10/2024,877,YES,2,1633.0,03/2004,2011,No
1585,0,Visa,Debit,4816027381867141,11/2023,163,YES,1,22704.0,12/2015,2015,No
1585,1,Visa,Debit,4226627955079711,10/2024,874,YES,1,24069.0,06/2011,2011,No
1585,2,Visa,Debit,4319734914723878,05/2020,720,YES,1,35073.0,06/2009,2009,No
1585,3,Mastercard,Debit,5607342055934669,07/2023,833,YES,2,17731.0,09/2007,2011,No
1585,4,Mastercard,Debit,5535356277127261,04/2021,557,YES,1,33980.0,04/2007,2010,No
1585,5,Mastercard,Debit,5415658075753990,03/2024,112,YES,1,41714.0,05/2013,2013,No
1585,6,Mastercard,Debit,5838395313903974,06/2024,439,NO,1,21466.0,04/2013,2013,No
1585,7,Mastercard,Debit,5570607538229113,02/2024,572,YES,1,30547.0,09/2008,2008,No
1586,0,Visa,Debit,4671202000865959,02/2024,89,YES,2,9752.0,12/2006,2008,No
1587,0,Mastercard,Debit (Prepaid),5117804114696426,10/2022,845,YES,1,114.0,02/2005,2009,No
1587,1,Mastercard,Debit,5488341441971894,11/2014,689,YES,2,14934.0,12/2010,2010,No
1587,2,Mastercard,Debit,5141901041171975,11/2024,270,YES,1,20294.0,11/2010,2010,No
1587,3,Visa,Debit,4086661906008902,11/2022,113,NO,2,20674.0,02/2020,2020,No
1587,4,Mastercard,Credit,5807865206016117,05/2021,343,YES,2,14000.0,04/2006,2007,No
1588,0,Visa,Debit,4026278148154052,02/2023,204,YES,2,9310.0,08/2004,2009,No
1588,1,Visa,Debit (Prepaid),4119163020411829,01/2022,989,YES,1,60.0,01/2020,2020,No
1588,2,Visa,Credit,4937595859195819,01/2009,747,YES,1,10200.0,02/2005,2008,No
1588,3,Visa,Debit,4960671625007782,04/2010,645,YES,2,9477.0,03/2008,2014,No
1588,4,Mastercard,Debit,5110273101457986,08/2024,532,YES,2,6795.0,04/2001,2009,No
1588,5,Amex,Credit,388351194080812,07/2023,188,YES,2,900.0,07/2017,2017,No
1589,0,Mastercard,Debit,5195133154490046,07/2020,542,YES,2,4747.0,02/2001,2012,No
1589,1,Mastercard,Debit,5384973024512821,04/2022,569,YES,1,15702.0,06/2006,2007,No
1589,2,Mastercard,Debit,5391743291218892,01/2017,80,YES,1,3955.0,04/2002,2013,No
1590,0,Visa,Credit,4233666699901617,03/2020,331,YES,2,8200.0,07/2006,2013,No
1590,1,Mastercard,Credit,5772574383321451,09/2020,678,YES,1,5500.0,04/2003,2010,No
1590,2,Mastercard,Debit,5654495599077092,10/2021,407,YES,3,15774.0,03/2002,2007,No
1590,3,Visa,Credit,4982421757560620,10/2023,669,YES,2,8800.0,03/2006,2015,No
1591,0,Visa,Debit,4336190352382282,10/2024,795,NO,1,26206.0,02/2018,2018,No
1591,1,Mastercard,Debit,5381899309871296,04/2021,179,YES,1,31113.0,10/2013,2013,No
1591,2,Mastercard,Credit,5416417426288753,02/2020,460,YES,1,21100.0,01/2020,2020,No
1591,3,Visa,Credit,4833091752929426,06/2023,461,YES,1,17100.0,01/2017,2017,No
1591,4,Visa,Debit,4554382114845493,06/2020,561,YES,1,66287.0,02/2020,2020,No
1592,0,Mastercard,Credit,5998212515012584,08/2020,214,YES,2,10900.0,01/2014,2014,No
1592,1,Visa,Debit,4938315510703910,07/2007,181,YES,1,36271.0,02/2007,2010,No
1593,0,Mastercard,Debit,5679478018180576,03/2017,465,YES,2,5391.0,05/2006,2013,No
1593,1,Visa,Debit,4799397143962163,12/2020,310,YES,2,17537.0,02/2005,2010,No
1593,2,Amex,Credit,350211718386898,12/2024,981,YES,2,10700.0,05/2018,2018,No
1593,3,Mastercard,Debit,5973716612118375,09/2023,38,YES,1,18573.0,05/2014,2014,No
1593,4,Mastercard,Debit,5036985513287237,10/2024,867,YES,1,18019.0,02/2020,2020,No
1593,5,Visa,Debit,4181524038316536,04/2021,2,NO,2,15160.0,01/2001,2007,No
1594,0,Mastercard,Debit,5453158719013768,11/2011,732,YES,2,4136.0,01/2010,2010,No
1594,1,Mastercard,Debit,5836173617667136,11/2024,80,YES,1,14561.0,02/2007,2015,No
1595,0,Mastercard,Debit (Prepaid),5540235248298505,01/2024,40,YES,2,86.0,01/2020,2020,No
1596,0,Mastercard,Credit,5072448935798666,07/2023,115,YES,2,17100.0,06/2001,2011,No
1597,0,Visa,Credit,4785997992808667,07/2015,707,YES,2,12700.0,06/2015,2015,No
1597,1,Mastercard,Debit,5809711099663265,05/2020,678,YES,1,54517.0,06/2013,2013,No
1597,2,Mastercard,Credit,5961602906943584,05/2021,233,YES,2,14900.0,05/2008,2008,No
1598,0,Amex,Credit,359466340825605,11/2024,426,YES,1,16000.0,05/2011,2011,No
1598,1,Mastercard,Debit,5415760158214134,02/2020,464,NO,2,30713.0,08/2011,2016,No
1598,2,Mastercard,Debit,5400936415005056,11/2024,816,YES,2,33158.0,06/2009,2013,No
1598,3,Visa,Debit (Prepaid),4166400482648381,03/2022,843,YES,2,29.0,08/2008,2014,No
1599,0,Amex,Credit,327172863977145,05/2022,496,YES,1,21700.0,04/2006,2014,No
1599,1,Visa,Credit,4851037322315793,05/2022,485,YES,2,12500.0,10/2016,2016,No
1600,0,Visa,Debit,4474584531104236,07/2020,20,NO,2,3365.0,01/2010,2010,No
1600,1,Mastercard,Debit,5190888323082478,08/2020,16,YES,1,14856.0,03/2011,2011,No
1600,2,Mastercard,Debit,5205886351948913,08/2023,839,YES,1,5989.0,06/2008,2014,No
1600,3,Mastercard,Debit,5794248541023903,01/2024,162,YES,3,4394.0,07/2009,2009,No
1601,0,Visa,Debit (Prepaid),4561317376278700,06/2023,420,YES,1,85.0,07/2016,2016,No
1601,1,Mastercard,Credit,5507421180744978,07/2018,551,YES,1,10600.0,07/2010,2013,No
1601,2,Visa,Debit,4766091276666910,03/2016,750,YES,2,3909.0,01/2010,2010,No
1601,3,Visa,Debit,4548471036924768,02/2020,50,YES,1,1873.0,12/2008,2010,No
1602,0,Visa,Debit,4764392547989876,03/2022,429,YES,1,19643.0,01/2020,2020,No
1602,1,Mastercard,Credit,5140249606034696,05/2022,989,YES,2,14700.0,07/2006,2008,No
1602,2,Mastercard,Credit,5725072000383307,06/2019,353,NO,1,8800.0,10/2010,2010,No
1603,0,Mastercard,Credit,5132540732340008,05/2022,14,NO,1,7900.0,01/2020,2020,No
1603,1,Mastercard,Debit,5276877021810793,05/2014,149,YES,2,12653.0,03/2007,2012,No
1603,2,Discover,Credit,6416258939868696,05/2022,101,NO,1,11400.0,03/2003,2014,No
1604,0,Mastercard,Credit,5098677498618637,01/2021,475,NO,1,6500.0,06/2003,2012,No
1604,1,Mastercard,Debit,5296739757506993,02/2021,637,YES,1,1407.0,09/2010,2018,No
1604,2,Mastercard,Debit,5317549941978668,04/2013,455,YES,2,11402.0,04/2011,2011,No
1604,3,Mastercard,Debit,5819861190837911,03/2021,395,YES,2,4501.0,04/1999,2015,No
1604,4,Mastercard,Debit,5615295761814830,02/2022,923,YES,1,1399.0,11/2009,2009,No
1604,5,Mastercard,Debit,5843734476551983,10/2020,170,YES,2,14466.0,11/1995,2007,No
1604,6,Visa,Credit,4462302223450825,04/2003,869,YES,1,8000.0,01/2003,2008,No
1605,0,Visa,Debit,4397635828632081,02/2020,546,YES,1,31916.0,01/2020,2020,No
1606,0,Visa,Credit,4153185047549338,08/2021,585,YES,3,7800.0,02/2020,2020,No
1606,1,Mastercard,Debit,5154918786979440,08/2013,791,NO,1,570.0,02/2009,2010,No
1606,2,Mastercard,Debit,5364661395772182,06/2023,944,YES,2,13187.0,12/2010,2010,No
1606,3,Mastercard,Debit (Prepaid),5397077557835988,02/2020,796,YES,1,50.0,02/2020,2020,No
1607,0,Mastercard,Credit,5758229821813987,06/2020,759,YES,1,8900.0,04/2010,2010,No
1607,1,Visa,Debit,4305950987818748,07/2021,42,YES,2,10681.0,07/2006,2013,No
1607,2,Mastercard,Credit,5219421106437729,11/2023,66,NO,2,2500.0,06/2000,2011,No
1607,3,Visa,Credit,4214239191578441,05/2020,231,YES,2,8700.0,01/2010,2010,No
1607,4,Mastercard,Debit,5814886393652127,02/2024,110,YES,2,10227.0,11/2009,2012,No
1607,5,Mastercard,Debit,5607093669748051,12/2021,968,YES,2,2507.0,09/2008,2010,No
1608,0,Visa,Credit,4498188620007875,01/2021,230,YES,2,19400.0,05/1999,2011,No
1608,1,Mastercard,Debit,5930455553645091,08/2023,617,NO,1,29268.0,02/2007,2010,No
1608,2,Visa,Debit,4893423769208595,10/2024,941,YES,2,10756.0,09/2011,2011,No
1609,0,Mastercard,Debit (Prepaid),5035031873988658,08/2021,144,YES,2,57.0,02/2020,2020,No
1609,1,Visa,Debit,4556696236442252,05/2020,31,YES,2,10705.0,01/2020,2020,No
1610,0,Visa,Credit,4897586186180268,08/2021,424,YES,2,4200.0,10/2018,2018,No
1611,0,Visa,Credit,4463399619811654,09/2017,944,YES,2,5800.0,03/2008,2011,No
1612,0,Visa,Credit,4744158528922930,02/2020,983,YES,3,9300.0,04/2014,2014,No
1612,1,Mastercard,Debit (Prepaid),5173831902389247,08/2009,140,YES,1,56.0,09/2006,2009,No
1612,2,Mastercard,Credit,5835067819727201,12/2020,381,YES,1,8200.0,03/2006,2014,No
1613,0,Mastercard,Debit (Prepaid),5081036961889402,12/2022,912,NO,2,78.0,02/2020,2020,No
1613,1,Amex,Credit,356560829047775,06/2020,388,NO,1,15000.0,05/2010,2015,No
1613,2,Mastercard,Debit,5356675809803132,09/2022,452,YES,1,11495.0,10/2004,2014,No
1613,3,Mastercard,Debit,5773754472145445,08/2024,145,YES,2,21982.0,01/2020,2020,No
1614,0,Mastercard,Debit,5271720303804197,05/2021,709,YES,1,20278.0,01/2020,2020,No
1614,1,Mastercard,Debit,5846041795591669,02/2020,788,NO,2,13139.0,02/2020,2020,No
1614,2,Visa,Credit,4855885434237625,10/2022,943,YES,1,9900.0,01/2020,2020,No
1614,3,Visa,Credit,4063394095029281,03/2023,599,YES,1,8900.0,02/2020,2020,No
1615,0,Visa,Debit,4289170168464518,06/2013,338,NO,1,4976.0,04/2006,2014,No
1615,1,Mastercard,Debit,5549447642972376,08/2021,647,YES,1,974.0,08/2004,2008,No
1615,2,Visa,Credit,4340313779939280,04/2024,147,YES,2,2000.0,02/2020,2020,No
1616,0,Visa,Credit,4277586046602277,03/2022,388,YES,2,10600.0,03/2009,2011,No
1617,0,Mastercard,Credit,5246519897413642,05/2024,408,YES,2,7100.0,04/2014,2014,No
1617,1,Visa,Credit,4995884742655533,08/2024,532,YES,1,6800.0,05/2002,2012,No
1617,2,Mastercard,Debit,5465225216105054,08/2024,675,YES,2,4887.0,07/2009,2015,No
1617,3,Mastercard,Debit,5447568212155022,10/2012,975,YES,2,8133.0,09/2001,2012,No
1618,0,Mastercard,Debit,5489310042170577,02/2022,555,YES,1,62703.0,05/2001,2007,No
1618,1,Visa,Credit,4565053725687198,07/2018,13,YES,1,23500.0,07/2010,2010,No
1619,0,Mastercard,Debit,5289852815253246,11/2017,351,YES,2,10707.0,01/2010,2010,No
1619,1,Visa,Debit,4419147752018938,11/2022,287,YES,1,18945.0,12/2013,2013,No
1620,0,Discover,Credit,6423950301741311,03/2023,419,YES,2,6600.0,03/2010,2011,No
1620,1,Visa,Debit (Prepaid),4509375731362461,05/2022,775,NO,1,57.0,01/2020,2020,No
1620,2,Visa,Debit,4761252332594713,03/2022,492,YES,1,11996.0,09/2011,2011,No
1620,3,Mastercard,Debit,5413297083203621,10/2021,231,YES,1,18026.0,08/2011,2011,No
1620,4,Visa,Debit,4441719525815769,03/2017,895,YES,2,10495.0,01/2008,2011,No
1620,5,Visa,Debit,4941071237961739,05/2021,841,NO,2,9946.0,07/2019,2019,No
1621,0,Visa,Debit,4341654408733205,01/2023,76,YES,2,20245.0,04/2008,2008,No
1621,1,Visa,Credit,4921858287042321,02/2020,790,NO,1,5100.0,12/2005,2010,No
1621,2,Visa,Debit,4402133040036554,05/2022,178,YES,1,36515.0,03/2013,2013,No
1621,3,Mastercard,Debit,5036845153057903,12/2024,88,YES,2,15306.0,01/2019,2019,No
1621,4,Amex,Credit,398596768092162,04/2009,360,YES,1,20600.0,09/2006,2008,No
1622,0,Amex,Credit,383502656475032,06/2022,767,YES,1,7300.0,12/2011,2011,No
1622,1,Mastercard,Debit,5772577657126283,06/2023,335,YES,2,10348.0,02/2007,2014,No
1622,2,Mastercard,Credit,5754024281243654,03/2016,279,YES,1,3300.0,11/2010,2010,No
1623,0,Visa,Debit,4224143942174854,03/2022,4,YES,1,20318.0,02/2020,2020,No
1624,0,Mastercard,Debit,5546049735690428,05/2020,380,YES,1,28163.0,01/2020,2020,No
1624,1,Mastercard,Debit (Prepaid),5266235435834793,10/2024,868,YES,2,63.0,09/2009,2011,No
1624,2,Visa,Debit,4822555770542502,04/2018,967,YES,1,31491.0,08/2014,2014,No
1624,3,Amex,Credit,372660473465347,10/2021,981,YES,1,22700.0,08/2009,2009,No
1625,0,Visa,Debit (Prepaid),4448597956443991,11/2016,934,YES,2,73.0,11/2015,2015,No
1625,1,Amex,Credit,326701965155978,11/2017,478,YES,1,9900.0,05/2006,2007,No
1625,2,Mastercard,Debit,5636168034745251,04/2021,14,YES,2,14713.0,12/2009,2011,No
1625,3,Mastercard,Debit,5508510790983933,05/2023,468,YES,2,2290.0,07/2005,2011,No
1626,0,Mastercard,Debit,5494418818088079,01/2020,181,NO,1,28203.0,01/2020,2020,No
1626,1,Mastercard,Credit,5917929365404113,01/2020,876,YES,1,30200.0,01/2020,2020,No
1626,2,Mastercard,Debit,5664344247149202,11/2021,184,YES,2,3565.0,02/2020,2020,No
1626,3,Mastercard,Debit,5697326448769669,06/2020,916,YES,1,3565.0,01/2020,2020,No
1627,0,Visa,Debit,4801008002314220,03/2021,290,YES,1,17111.0,02/2009,2010,No
1627,1,Visa,Debit,4583760469208759,08/2021,812,YES,2,21264.0,03/1999,2009,No
1627,2,Mastercard,Debit,5449554854489393,02/2020,419,YES,1,15125.0,10/2017,2017,No
1627,3,Visa,Debit,4729603889258290,02/2020,830,YES,2,16472.0,03/2014,2014,No
1628,0,Mastercard,Credit,5087990899424459,11/2021,691,NO,2,12800.0,01/2020,2020,No
1629,0,Mastercard,Debit,5810565047358846,11/2020,736,YES,2,11154.0,02/2004,2007,No
1629,1,Visa,Debit,4222334325515340,11/2007,364,YES,1,19419.0,09/2007,2010,No
1629,2,Mastercard,Credit,5416237939291680,06/2022,790,YES,2,9100.0,03/2006,2011,No
1629,3,Mastercard,Debit,5834792674235708,05/2022,402,YES,1,9471.0,06/2010,2011,No
1629,4,Visa,Debit,4144242905302080,02/2024,279,YES,2,10331.0,10/2015,2015,No
1630,0,Mastercard,Credit,5862883052434843,11/2004,716,YES,1,15900.0,05/1997,2009,No
1631,0,Mastercard,Credit,5986235068209756,05/2020,357,YES,1,5200.0,10/2018,2018,No
1632,0,Mastercard,Credit,5667713745804706,02/2020,982,YES,1,8600.0,11/2018,2018,No
1632,1,Visa,Credit,4711870612941812,05/2024,453,YES,1,8700.0,11/2009,2009,No
1633,0,Mastercard,Debit,5352913241091954,03/2018,231,YES,1,25236.0,06/2010,2011,No
1633,1,Mastercard,Credit,5653902794655714,02/2011,81,YES,2,10400.0,03/2008,2008,No
1633,2,Mastercard,Debit (Prepaid),5403035493529596,10/2024,879,YES,2,38.0,06/2008,2013,No
1634,0,Mastercard,Debit (Prepaid),5419259287662190,09/2020,839,YES,1,106.0,09/2007,2010,No
1634,1,Visa,Debit,4730763214720586,04/2021,269,YES,1,15975.0,07/2001,2011,No
1634,2,Visa,Debit,4678510288563431,12/2023,404,YES,2,12188.0,12/2007,2011,No
1634,3,Visa,Debit,4118028917520417,03/2022,471,YES,2,11928.0,11/2015,2015,No
1634,4,Mastercard,Debit,5060743978360454,08/2021,638,YES,2,13841.0,04/2012,2012,No
1635,0,Amex,Credit,386475118033107,03/2024,151,YES,1,7500.0,08/2010,2011,No
1636,0,Visa,Debit,4504121814259932,09/2013,420,YES,2,4269.0,07/2007,2009,No
1636,1,Mastercard,Credit,5615880941381853,02/2024,761,YES,2,12600.0,05/2007,2011,No
1636,2,Amex,Credit,335570840377948,09/2003,193,YES,1,16500.0,04/2001,2016,No
1636,3,Mastercard,Debit,5943712275580272,11/2008,212,YES,1,19152.0,09/2008,2009,No
1637,0,Visa,Debit,4563075780122442,02/2024,522,YES,2,19349.0,07/2018,2018,No
1638,0,Visa,Debit,4749460533827117,09/2022,680,YES,2,1703.0,09/1997,2009,No
1638,1,Visa,Credit,4281238011673204,06/2017,240,YES,2,2800.0,01/2012,2012,No
1638,2,Visa,Debit,4321023718227210,02/2024,881,YES,1,13569.0,04/2011,2011,No
1638,3,Visa,Credit,4290434433757609,01/2024,638,YES,1,10700.0,07/2007,2008,No
1638,4,Visa,Credit,4135572355155702,06/2022,582,YES,2,14500.0,07/2009,2009,No
1639,0,Mastercard,Debit (Prepaid),5376013028883652,09/2021,68,YES,1,26.0,10/2005,2010,No
1640,0,Visa,Debit,4705599888998828,05/2021,524,YES,2,25621.0,12/2016,2016,No
1640,1,Mastercard,Debit,5751244963755467,05/2024,167,YES,1,12193.0,06/2017,2017,No
1640,2,Visa,Debit,4209063259747210,07/2018,375,YES,1,14247.0,06/2018,2018,No
1640,3,Mastercard,Debit,5624048822152519,02/2020,78,YES,2,14859.0,05/2004,2009,No
1641,0,Visa,Credit,4729818901299083,09/2014,625,NO,2,13400.0,10/2005,2011,No
1641,1,Mastercard,Credit,5923018656297645,08/2020,116,YES,2,12500.0,03/2003,2003,No
1641,2,Amex,Credit,346055751406362,12/2009,56,YES,2,3800.0,09/2001,2009,No
1641,3,Mastercard,Debit,5424466713085703,06/2014,575,YES,2,22527.0,04/2007,2011,No
1642,0,Mastercard,Debit,5588070685818037,09/2020,126,YES,1,7284.0,01/2020,2020,No
1643,0,Visa,Debit,4020577124844597,04/2022,526,YES,1,22856.0,10/2012,2012,No
1643,1,Visa,Debit,4033453235002124,01/2021,434,YES,1,20225.0,02/2016,2016,No
1643,2,Visa,Debit,4585531601433102,02/2020,364,NO,1,15742.0,02/2020,2020,No
1643,3,Visa,Credit,4751967279477590,11/2021,581,NO,1,11400.0,12/2008,2008,No
1644,0,Amex,Credit,368778866746348,08/2008,125,YES,1,6200.0,04/2007,2014,No
1644,1,Amex,Credit,378145015065628,10/2005,759,YES,2,500.0,07/2005,2009,No
1644,2,Mastercard,Credit,5719046765863775,11/2021,971,YES,1,7100.0,11/2008,2017,No
1644,3,Visa,Debit,4043732830819375,03/2022,390,YES,1,15522.0,12/2006,2015,No
1644,4,Mastercard,Debit,5240774776973707,09/2023,370,YES,2,19640.0,02/2001,2010,No
1645,0,Mastercard,Debit,5314535985439666,06/2020,410,YES,1,13930.0,11/2007,2010,No
1645,1,Mastercard,Debit,5462773776307346,02/2021,951,YES,2,22357.0,06/2015,2015,No
1645,2,Mastercard,Credit,5315038417328405,01/2022,772,YES,1,7700.0,10/2011,2011,No
1645,3,Amex,Credit,386623237356858,09/2023,553,NO,1,5100.0,06/2012,2012,No
1646,0,Mastercard,Debit,5452922835345688,01/2020,969,YES,2,12191.0,01/2020,2020,No
1647,0,Visa,Debit,4295877159831914,02/2024,602,YES,1,58234.0,03/2015,2015,No
1647,1,Mastercard,Debit,5357953507565192,07/2021,726,YES,2,76966.0,02/2011,2011,No
1648,0,Mastercard,Credit,5046466769118356,05/2023,561,YES,2,4500.0,06/2016,2016,No
1649,0,Mastercard,Debit,5689155673355585,07/2024,698,YES,1,25551.0,12/2011,2011,No
1649,1,Mastercard,Debit,5648059407570222,03/2021,353,YES,2,21253.0,03/2004,2011,No
1649,2,Mastercard,Debit,5854204096882081,12/2023,551,YES,2,10274.0,06/2008,2008,No
1649,3,Amex,Credit,375716098483935,11/2015,431,YES,2,4800.0,08/2015,2015,No
1649,4,Visa,Debit,4049373677960607,12/2023,739,YES,2,19934.0,01/2020,2020,No
1650,0,Visa,Debit,4419528709052008,09/2022,578,YES,2,8829.0,02/2020,2020,No
1650,1,Mastercard,Credit,5244253968518286,07/2024,684,YES,2,12400.0,01/2013,2013,No
1650,2,Mastercard,Debit,5148677955904141,02/2020,917,YES,1,17691.0,03/2018,2018,No
1651,0,Mastercard,Debit,5567990384490539,05/2013,643,YES,2,15317.0,05/2008,2013,No
1652,0,Mastercard,Debit,5118228142214662,06/2020,208,YES,1,19612.0,12/2015,2015,No
1653,0,Mastercard,Debit,5797418937992891,01/2020,154,YES,2,10304.0,01/2020,2020,No
1654,0,Mastercard,Debit,5570742279358802,02/2021,20,YES,1,16229.0,03/2017,2017,No
1654,1,Visa,Debit,4515909883803900,11/2024,871,YES,1,8366.0,11/2015,2015,No
1654,2,Visa,Debit,4060618518013622,06/2023,39,YES,2,7688.0,11/2014,2014,No
1654,3,Amex,Credit,343206406411256,09/2024,201,YES,1,8300.0,07/2008,2015,No
1655,0,Mastercard,Debit,5199637709729169,05/2022,927,YES,1,16557.0,01/2020,2020,No
1656,0,Mastercard,Debit,5054406942161566,08/2024,161,YES,2,18627.0,07/2009,2015,No
1657,0,Visa,Debit,4807723891729123,08/2022,174,YES,1,23156.0,02/2020,2020,No
1657,1,Visa,Debit,4277161408897403,02/2024,419,YES,1,30041.0,07/2010,2011,No
1657,2,Mastercard,Debit,5010004900517856,02/2024,908,YES,1,29137.0,10/2011,2011,No
1657,3,Amex,Credit,359523053030416,07/2021,87,YES,1,10400.0,09/2004,2017,No
1657,4,Mastercard,Credit,5765181164708255,02/2022,980,YES,2,13500.0,06/2008,2008,No
1657,5,Mastercard,Debit,5002104504565119,02/2023,917,YES,1,17663.0,11/2016,2016,No
1658,0,Mastercard,Debit,5458733371432885,08/2021,24,NO,2,30637.0,01/2020,2020,No
1659,0,Mastercard,Debit,5392188065665641,10/2021,452,NO,1,8540.0,08/2017,2017,No
1659,1,Mastercard,Debit,5302317645406586,02/2012,347,YES,1,9397.0,06/2008,2010,No
1659,2,Visa,Debit,4723396292994912,09/2020,740,YES,1,12329.0,01/2020,2020,No
1659,3,Visa,Debit,4598597915590543,01/2020,17,YES,1,8333.0,10/2003,2007,No
1660,0,Visa,Credit,4536458621990266,09/2020,102,YES,2,5200.0,10/2019,2019,No
1660,1,Visa,Debit,4534127090202764,08/2010,827,YES,2,35757.0,04/2010,2011,No
1660,2,Mastercard,Credit,5778899151304683,03/2015,908,NO,1,16600.0,05/2005,2015,No
1660,3,Mastercard,Debit,5583589115477515,06/2020,661,YES,2,23754.0,09/2003,2018,No
1660,4,Mastercard,Debit,5728689238652207,10/2024,532,YES,2,14480.0,03/2005,2009,No
1660,5,Mastercard,Debit,5625472759967842,10/2023,564,YES,2,6237.0,01/2006,2007,No
1661,0,Visa,Credit,4061328991788690,02/2023,114,NO,1,9200.0,01/2020,2020,No
1661,1,Visa,Debit,4497861134959245,01/2020,573,YES,2,14797.0,01/2020,2020,No
1662,0,Visa,Credit,4042007108574831,02/2023,177,YES,1,9400.0,11/2010,2013,No
1662,1,Visa,Debit (Prepaid),4868990994344273,06/2024,248,YES,2,50.0,07/2011,2011,No
1662,2,Mastercard,Credit,5764971120736645,02/2020,402,YES,2,1800.0,12/2013,2013,No
1662,3,Amex,Credit,343199188380745,10/2024,496,YES,1,12400.0,05/2004,2014,No
1662,4,Visa,Credit,4577476596554924,12/2010,553,YES,2,14300.0,01/2007,2007,No
1662,5,Mastercard,Debit,5355715623674970,12/2024,956,YES,1,27489.0,02/2011,2011,No
1663,0,Visa,Debit,4792996181300907,01/2022,998,YES,2,7846.0,02/2020,2020,No
1664,0,Mastercard,Credit,5943886556523564,09/2021,437,YES,2,12500.0,02/2020,2020,No
1664,1,Discover,Credit,6741482633639648,04/2020,360,NO,2,10500.0,01/2020,2020,No
1664,2,Mastercard,Debit (Prepaid),5680672417239483,02/2020,195,YES,1,72.0,02/2020,2020,No
1664,3,Mastercard,Credit,5544918910984279,05/2020,158,YES,1,8800.0,02/2020,2020,No
1665,0,Mastercard,Debit,5837775089417018,01/2011,189,YES,1,11199.0,12/2010,2010,No
1665,1,Visa,Debit,4205821347854727,05/2020,679,YES,1,8800.0,01/2010,2010,No
1665,2,Mastercard,Debit (Prepaid),5825065723069699,09/2021,940,YES,1,83.0,10/2013,2013,No
1665,3,Mastercard,Debit,5757614479800979,11/2024,657,NO,1,7217.0,03/2010,2010,No
1666,0,Mastercard,Credit,5282787263853461,09/2022,115,YES,2,9000.0,10/2015,2015,No
1666,1,Mastercard,Debit,5805044569196975,01/2020,947,YES,1,15195.0,01/2011,2011,No
1666,2,Mastercard,Debit,5522110015947841,02/2024,663,YES,1,14747.0,03/2010,2010,No
1667,0,Mastercard,Debit,5683330455656295,02/2020,447,YES,2,8998.0,02/2020,2020,No
1668,0,Amex,Credit,340244443373002,03/2023,846,YES,2,20400.0,02/2020,2020,No
1668,1,Visa,Debit,4554284422042742,09/2022,212,YES,2,13653.0,08/2009,2016,No
1669,0,Amex,Credit,371091834390039,02/2020,858,YES,2,17800.0,01/2010,2011,No
1669,1,Mastercard,Debit (Prepaid),5200794681511676,07/2024,836,YES,2,52.0,09/2005,2015,No
1669,2,Mastercard,Debit (Prepaid),5906678291020827,09/2023,935,YES,2,56.0,08/2011,2011,No
1669,3,Mastercard,Debit,5159691137023059,01/2024,232,YES,2,3099.0,03/2002,2012,No
1670,0,Mastercard,Debit,5991004678910438,05/2020,214,YES,1,11805.0,01/2020,2020,No
1670,1,Visa,Debit,4256748017620071,01/2020,433,YES,1,17535.0,01/2020,2020,No
1671,0,Amex,Credit,352397360356465,08/2022,465,YES,2,18000.0,06/2002,2011,No
1672,0,Mastercard,Debit (Prepaid),5849992280196253,11/2024,858,YES,2,95.0,02/2020,2020,No
1673,0,Discover,Credit,6789723556516100,09/2020,817,YES,1,8200.0,03/2008,2014,No
1673,1,Mastercard,Debit,5927292790575653,11/2023,964,YES,2,2143.0,01/1999,2013,No
1673,2,Mastercard,Debit,5184790316386758,12/2021,128,YES,2,6550.0,08/2005,2016,No
1673,3,Mastercard,Credit,5148202936285148,04/2024,384,YES,2,12800.0,07/2011,2011,No
1673,4,Visa,Debit,4707894398714464,02/2020,848,YES,1,15960.0,07/2007,2010,No
1674,0,Mastercard,Credit,5930929069464452,02/2020,744,YES,2,19000.0,01/2020,2020,No
1674,1,Mastercard,Debit,5981196310914475,06/2016,143,YES,1,26575.0,07/2009,2011,No
1675,0,Mastercard,Credit,5613327518828278,06/2021,118,YES,2,5800.0,09/2008,2008,No
1675,1,Mastercard,Debit,5340964008686387,05/2021,458,YES,2,16047.0,04/2002,2011,No
1676,0,Visa,Credit,4802501874295829,04/2024,196,YES,2,5900.0,09/2014,2014,No
1676,1,Mastercard,Debit,5885722307882995,05/2024,538,YES,2,22722.0,03/2019,2019,No
1676,2,Mastercard,Debit,5544865210857672,07/2013,422,YES,2,21258.0,01/2013,2013,No
1677,0,Visa,Debit (Prepaid),4570842726552830,07/2020,4,YES,2,18.0,09/2009,2009,No
1677,1,Mastercard,Debit (Prepaid),5030524191307854,08/2023,680,YES,2,8.0,02/2010,2017,No
1678,0,Visa,Debit,4967633206571164,03/2023,284,YES,2,14446.0,11/2013,2013,No
1678,1,Mastercard,Credit,5582940861805001,08/2016,142,YES,1,10500.0,05/2001,2009,No
1678,2,Visa,Debit,4788436311707750,12/2023,234,YES,2,13122.0,12/2004,2009,No
1678,3,Visa,Debit,4606238393574333,11/2012,70,YES,1,24519.0,11/2008,2014,No
1678,4,Visa,Credit,4661230447201577,05/2015,53,YES,1,9400.0,02/2012,2012,No
1678,5,Mastercard,Debit,5145877040417123,03/2022,66,YES,2,12121.0,08/2008,2010,No
1679,0,Mastercard,Credit,5327121819423216,11/2021,101,NO,2,1300.0,01/2020,2020,No
1679,1,Mastercard,Credit,5867592323939058,01/2020,102,YES,1,17500.0,01/2020,2020,No
1680,0,Mastercard,Credit,5759964167622790,01/2023,828,YES,1,10700.0,07/2010,2011,No
1680,1,Amex,Credit,356216577809094,01/2023,298,YES,2,7300.0,09/2005,2010,No
1680,2,Visa,Debit,4661688933459307,06/2016,432,YES,1,15194.0,12/2013,2013,No
1681,0,Visa,Credit,4493101815036488,06/2024,137,YES,1,5400.0,08/2001,2008,No
1681,1,Amex,Credit,336131482851954,12/2022,979,YES,2,14100.0,03/2005,2008,No
1681,2,Visa,Debit,4610833826779556,04/2018,523,YES,2,3899.0,03/2007,2008,No
1681,3,Mastercard,Debit (Prepaid),5644525290796847,05/2020,601,YES,1,22.0,10/2009,2010,No
1681,4,Visa,Debit,4124567693793737,04/2022,870,NO,1,16464.0,05/2010,2012,No
1682,0,Mastercard,Debit,5125647538274113,05/2022,824,YES,1,39591.0,08/2008,2011,No
1682,1,Mastercard,Debit,5099776027896183,12/2022,812,YES,1,39452.0,12/2008,2010,No
1682,2,Visa,Debit,4338781388247802,03/2014,826,YES,2,27266.0,11/2013,2013,No
1682,3,Visa,Credit,4524849172878282,10/2020,975,YES,2,15400.0,03/2009,2012,No
1682,4,Mastercard,Credit,5475237541011918,02/2014,774,YES,1,16700.0,06/2013,2013,No
1683,0,Mastercard,Debit,5383177529361615,03/2020,716,YES,1,38048.0,11/2001,2007,No
1683,1,Mastercard,Debit,5554581325182985,01/2022,904,YES,2,7564.0,11/2010,2013,No
1683,2,Mastercard,Debit,5656878998719323,11/2023,789,YES,2,35203.0,07/1991,2010,No
1684,0,Mastercard,Credit,5764817007089895,07/2023,815,YES,2,10800.0,12/2005,2010,No
1684,1,Visa,Credit,4018146556727350,05/2023,544,NO,2,8000.0,06/2011,2011,No
1685,0,Mastercard,Debit,5815754119556359,02/2024,221,YES,1,4729.0,08/2007,2014,No
1685,1,Visa,Credit,4362354248365750,01/2021,283,YES,2,6400.0,05/2009,2009,No
1685,2,Visa,Credit,4620287459795673,02/2022,745,YES,1,9200.0,11/2007,2014,No
1685,3,Visa,Credit,4595319622489775,08/2018,349,NO,1,8000.0,07/2018,2018,No
1685,4,Visa,Debit,4385951951421354,02/2022,796,YES,2,17235.0,05/2007,2007,No
1686,0,Mastercard,Debit,5372184619325693,11/2020,785,YES,2,1.0,07/2010,2010,No
1686,1,Amex,Credit,313148408217973,10/2021,576,YES,2,0.0,05/2011,2011,No
1686,2,Visa,Debit,4924159268930796,09/2010,790,YES,1,1.0,04/2010,2010,No
1686,3,Visa,Debit,4139051015604116,08/2018,15,YES,1,1.0,07/2015,2015,No
1686,4,Mastercard,Debit,5792498646569711,12/2024,554,YES,1,0.0,08/2004,2009,No
1686,5,Discover,Credit,6283858533446011,04/2023,427,YES,1,0.0,10/2003,2007,No
1687,0,Mastercard,Debit,5772730644295426,10/2021,852,YES,2,28850.0,12/2018,2018,No
1687,1,Mastercard,Credit,5948729602096653,06/2015,95,YES,1,15700.0,10/2009,2010,No
1687,2,Mastercard,Debit (Prepaid),5018794058509930,01/2021,807,YES,2,79.0,01/2010,2011,No
1687,3,Visa,Credit,4888697499810645,01/2020,276,YES,2,18500.0,12/2015,2015,No
1688,0,Visa,Debit,4693555328780539,05/2022,281,YES,2,14495.0,02/2020,2020,No
1688,1,Mastercard,Debit,5487985553439546,12/2023,103,YES,2,15906.0,01/2020,2020,No
1689,0,Visa,Debit,4032033794787095,07/2022,167,YES,1,10194.0,11/2015,2015,No
1689,1,Mastercard,Debit (Prepaid),5746544800697198,09/2021,335,YES,2,91.0,11/2011,2011,No
1689,2,Mastercard,Debit,5995053751840192,02/2024,267,YES,1,12591.0,06/2003,2010,No
1689,3,Mastercard,Debit,5802870059687260,07/2022,990,NO,1,10574.0,03/2013,2013,No
1690,0,Mastercard,Debit (Prepaid),5391951338573410,01/2020,356,YES,2,92.0,08/2007,2009,No
1690,1,Mastercard,Debit,5751709126583195,03/2021,435,YES,1,7338.0,08/2006,2016,No
1691,0,Mastercard,Debit,5678405303384008,03/2022,24,YES,2,26838.0,11/2015,2015,No
1691,1,Visa,Debit,4963369225142746,09/2009,418,YES,1,38154.0,08/2003,2011,No
1691,2,Amex,Credit,321246869185324,08/2020,300,YES,2,13200.0,05/2002,2014,No
1691,3,Mastercard,Debit (Prepaid),5207231566469664,03/2014,198,YES,1,89.0,01/2008,2015,No
1691,4,Amex,Credit,342755409763060,04/2007,743,YES,2,3900.0,05/2003,2008,No
1692,0,Visa,Debit,4735775382501736,07/2024,45,YES,1,7676.0,12/2006,2010,No
1693,0,Mastercard,Debit,5723984491385619,03/2022,703,YES,2,13345.0,07/2007,2010,No
1693,1,Visa,Credit,4575711221736157,11/2024,777,YES,1,8000.0,08/2011,2011,No
1693,2,Mastercard,Debit (Prepaid),5756681783759529,03/2022,331,YES,2,87.0,10/2008,2012,No
1693,3,Mastercard,Debit,5556746533263402,10/2024,516,YES,2,6395.0,01/2006,2014,No
1694,0,Mastercard,Credit,5288171160215324,01/2023,828,YES,1,8900.0,01/2020,2020,No
1695,0,Mastercard,Debit (Prepaid),5929319761273570,02/2024,367,YES,1,69.0,04/2015,2015,No
1695,1,Visa,Debit,4783135306510626,01/2021,128,YES,1,18912.0,08/2004,2008,No
1695,2,Mastercard,Debit,5232731518306860,09/2021,971,YES,1,23021.0,10/2007,2011,No
1695,3,Mastercard,Debit,5920175797699651,08/2021,420,YES,1,21985.0,01/2018,2018,No
1696,0,Visa,Credit,4892534625652849,12/2023,286,YES,2,5300.0,01/2020,2020,No
1697,0,Mastercard,Debit,5787921795028281,07/2020,29,YES,2,2397.0,01/2010,2013,No
1697,1,Mastercard,Credit,5626143345177540,11/2012,318,YES,2,2800.0,07/2007,2010,No
1697,2,Visa,Debit,4145457087186133,02/2020,837,YES,1,10466.0,06/2017,2017,No
1697,3,Amex,Credit,382984229682656,12/2012,950,NO,1,9400.0,06/2004,2011,No
1697,4,Visa,Debit,4094653186833148,06/2023,298,YES,2,20161.0,10/2010,2010,No
1698,0,Mastercard,Credit,5399068844339829,09/2024,512,YES,1,12600.0,02/2011,2015,No
1698,1,Visa,Credit,4639536674901608,01/2024,981,NO,1,14300.0,04/2006,2007,No
1698,2,Visa,Debit,4404150274692596,03/2022,155,YES,1,23452.0,06/2008,2011,No
1698,3,Mastercard,Credit,5970339574772530,10/2021,757,YES,2,13200.0,01/2010,2014,No
1698,4,Visa,Credit,4892298386279580,01/2013,50,YES,1,13500.0,06/2008,2008,No
1699,0,Visa,Credit,4880198318553266,01/2024,660,YES,1,17600.0,01/2020,2020,No
1700,0,Mastercard,Debit,5950613249503517,08/2020,608,YES,2,16558.0,01/2020,2020,No
1701,0,Mastercard,Debit,5510529698460163,12/2024,410,YES,1,44717.0,01/2020,2020,No
1701,1,Mastercard,Credit,5447265501719265,11/2021,636,NO,1,13700.0,02/2020,2020,No
1701,2,Mastercard,Debit,5679761417086761,04/2020,123,YES,2,14332.0,01/2020,2020,No
1702,0,Visa,Debit,4716305740813495,06/2022,984,YES,1,15695.0,02/2020,2020,No
1702,1,Discover,Credit,6492132286425890,02/2020,811,YES,1,13700.0,02/2020,2020,No
1703,0,Mastercard,Debit,5195057277840268,10/2020,855,YES,1,19600.0,03/2017,2017,No
1703,1,Visa,Debit,4366055356305424,06/2021,186,YES,1,17815.0,06/2009,2010,No
1703,2,Mastercard,Debit,5453650582708795,11/2015,531,YES,1,16373.0,02/2010,2010,No
1704,0,Visa,Debit,4479062988731370,11/2021,628,YES,2,14340.0,01/2002,2009,No
1705,0,Mastercard,Debit (Prepaid),5956867363687567,08/2024,701,YES,1,109.0,11/2011,2011,No
1705,1,Mastercard,Debit,5046535005565011,03/2023,821,YES,1,16218.0,02/2020,2020,No
1705,2,Mastercard,Debit,5948980046719583,05/2024,710,YES,1,22115.0,05/2012,2012,No
1706,0,Visa,Debit (Prepaid),4443766253735109,04/2024,361,YES,1,80.0,06/2002,2011,No
1707,0,Mastercard,Debit,5172517796855710,02/2020,817,NO,2,18261.0,02/2020,2020,No
1708,0,Visa,Debit,4660445166648632,12/2012,610,YES,1,1325.0,04/2000,2011,No
1708,1,Visa,Credit,4877727463431062,01/2023,537,YES,2,16900.0,03/2002,2007,No
1709,0,Amex,Credit,304990666285186,02/2023,972,YES,2,6500.0,01/2020,2020,No
1709,1,Mastercard,Credit,5689609387142035,02/2021,393,NO,1,7800.0,01/2011,2011,No
1709,2,Mastercard,Debit,5290515548238201,12/2022,813,NO,1,9294.0,01/2010,2011,No
1709,3,Mastercard,Debit,5358949072497400,12/2011,324,YES,2,12163.0,03/2011,2011,No
1709,4,Visa,Debit,4972569366952714,01/2020,855,YES,2,14959.0,05/2011,2011,No
1709,5,Mastercard,Debit (Prepaid),5039304998585215,11/2023,721,YES,2,15.0,12/2003,2010,No
1710,0,Mastercard,Debit,5735388999396191,07/2022,260,YES,1,18118.0,03/2001,2007,No
1710,1,Visa,Debit,4804168677193110,03/2023,32,YES,2,22025.0,02/2010,2010,No
1710,2,Mastercard,Credit,5216010288888583,09/2011,983,YES,1,9100.0,03/2009,2015,No
1711,0,Visa,Debit,4320358361635021,10/2013,729,YES,2,16064.0,06/2008,2011,No
1711,1,Mastercard,Credit,5039473078606416,09/2024,356,YES,1,6000.0,06/2010,2011,No
1711,2,Visa,Debit,4951288736229807,02/2023,776,YES,2,7136.0,11/2001,2014,No
1711,3,Discover,Credit,6418843769862227,04/2021,423,YES,1,3900.0,10/2002,2010,No
1711,4,Mastercard,Debit,5508687277469967,01/2020,469,YES,1,8444.0,07/2011,2011,No
1712,0,Mastercard,Debit,5256438428040603,11/2020,880,YES,2,12692.0,08/2003,2012,No
1712,1,Mastercard,Debit,5772409732789359,04/2020,218,YES,2,9027.0,03/2002,2015,No
1712,2,Visa,Debit,4755440234138028,10/2020,584,YES,1,4507.0,01/2009,2019,No
1713,0,Mastercard,Debit,5237616749088430,05/2024,670,YES,1,17963.0,01/2020,2020,No
1713,1,Visa,Credit,4717288923637339,02/2020,818,YES,1,12200.0,02/2020,2020,No
1713,2,Mastercard,Debit,5990008776952532,02/2020,386,YES,2,1996.0,02/2020,2020,No
1714,0,Mastercard,Debit,5532144053662492,01/2021,154,YES,2,19998.0,02/2020,2020,No
1714,1,Amex,Credit,368046753984282,02/2020,882,YES,2,15600.0,02/2020,2020,No
1715,0,Mastercard,Debit,5196909207454962,05/2023,71,YES,1,13035.0,02/2013,2013,No
1715,1,Visa,Credit,4763339915481098,06/2023,488,YES,2,8300.0,05/2010,2010,No
1715,2,Amex,Credit,371833102197375,07/2024,591,YES,2,6200.0,02/2011,2011,No
1715,3,Visa,Debit,4948154067393861,03/2024,688,YES,2,11795.0,11/2013,2013,No
1715,4,Discover,Credit,6167888794302874,05/2011,138,YES,1,7900.0,06/2008,2013,No
1716,0,Discover,Credit,6666283868705517,02/2020,112,YES,1,12900.0,02/2020,2020,No
1716,1,Visa,Debit,4223918113000039,12/2020,371,YES,2,6556.0,01/2020,2020,No
1716,2,Mastercard,Credit,5170494527481348,05/2022,731,NO,1,3800.0,05/2015,2015,No
1717,0,Visa,Credit,4662421715985774,10/2021,439,YES,2,7800.0,10/2007,2008,No
1717,1,Mastercard,Credit,5382732373960615,02/2016,56,YES,2,10900.0,06/2006,2012,No
1717,2,Mastercard,Debit,5602736350449912,12/2024,673,YES,1,1846.0,01/2005,2005,No
1717,3,Mastercard,Debit (Prepaid),5222744542088596,08/2016,394,YES,1,76.0,09/2008,2015,No
1717,4,Mastercard,Credit,5052545011580809,07/2020,940,NO,1,0.0,08/2010,2010,No
1718,0,Visa,Credit,4936494163188301,01/2022,72,NO,1,13400.0,03/2019,2019,No
1718,1,Visa,Credit,4209685692130280,01/2020,565,YES,1,15800.0,01/2020,2020,No
1718,2,Visa,Debit,4949964634585996,06/2011,341,YES,1,14744.0,11/2010,2010,No
1719,0,Discover,Credit,6193476799412108,02/2020,669,YES,1,8700.0,01/2020,2020,No
1719,1,Mastercard,Debit,5196434400831396,01/2022,696,YES,1,12088.0,01/2020,2020,No
1719,2,Mastercard,Credit,5242129479868764,11/2024,288,YES,2,4700.0,01/2014,2014,No
1719,3,Visa,Debit,4930615029109805,01/2024,514,YES,2,11983.0,02/2020,2020,No
1719,4,Mastercard,Debit,5894488780147229,02/2020,182,YES,1,11557.0,02/2020,2020,No
1720,0,Mastercard,Debit,5889682038601562,02/2020,815,YES,1,12152.0,01/2020,2020,No
1720,1,Discover,Credit,6125317256925478,10/2023,681,YES,2,11100.0,01/2020,2020,No
1721,0,Visa,Credit,4476864861762314,09/2022,669,YES,1,14700.0,03/2011,2011,No
1722,0,Mastercard,Debit (Prepaid),5754706935084019,06/2021,827,NO,1,52.0,09/2002,2013,No
1722,1,Mastercard,Debit,5427548263390254,12/2016,736,YES,1,3224.0,10/2010,2013,No
1722,2,Visa,Debit,4186305659535998,11/2020,674,YES,2,23001.0,12/2007,2013,No
1722,3,Mastercard,Debit,5507762507273350,01/2022,170,YES,1,23652.0,03/2005,2014,No
1722,4,Mastercard,Debit (Prepaid),5763661322183411,09/2020,688,YES,1,86.0,11/2007,2013,No
1723,0,Mastercard,Debit (Prepaid),5133503724511818,08/2021,528,YES,2,80.0,10/2007,2011,No
1723,1,Mastercard,Debit,5443684097691863,10/2022,473,YES,1,26097.0,08/2007,2011,No
1723,2,Visa,Debit,4551009502548949,05/2023,466,YES,1,11032.0,11/2015,2015,No
1723,3,Visa,Credit,4632232168339378,01/2020,970,YES,1,8900.0,04/2004,2011,No
1723,4,Amex,Credit,310400555625656,02/2020,226,YES,2,4700.0,01/2020,2020,No
1724,0,Visa,Debit,4925413173106257,05/2022,460,YES,1,10523.0,10/2011,2011,No
1724,1,Amex,Credit,327604676331354,02/2020,199,YES,1,8900.0,02/2020,2020,No
1725,0,Visa,Debit,4967103653953670,05/2021,962,YES,1,6489.0,07/2009,2013,No
1725,1,Mastercard,Debit,5497742793973953,09/2020,24,NO,2,9146.0,12/2001,2012,No
1726,0,Mastercard,Debit (Prepaid),5014318785325420,03/2024,622,YES,1,66.0,10/2019,2019,No
1726,1,Visa,Debit,4417739183409950,01/2023,990,NO,1,18138.0,03/2015,2015,No
1726,2,Mastercard,Debit,5352211789998935,02/2021,443,YES,1,23238.0,02/2014,2014,No
1726,3,Mastercard,Debit,5410637796399201,09/2022,983,YES,1,20706.0,10/2013,2013,No
1726,4,Visa,Credit,4762138266799478,08/2022,495,YES,2,12100.0,07/2002,2010,No
1727,0,Visa,Debit,4363891861741725,03/2020,662,YES,2,19781.0,11/2013,2013,No
1727,1,Discover,Credit,6967609497983390,03/2023,334,YES,2,9300.0,10/2003,2012,No
1727,2,Mastercard,Debit,5267551356380608,12/2022,984,NO,2,5451.0,06/1999,2012,No
1727,3,Visa,Debit,4103248264872952,02/2016,23,YES,2,6491.0,11/2007,2013,No
1728,0,Visa,Credit,4051081191440795,02/2023,42,YES,1,6900.0,01/2020,2020,No
1728,1,Amex,Credit,383475654382335,05/2024,835,NO,2,6100.0,01/2020,2020,No
1729,0,Visa,Debit,4837452802436823,05/2022,288,YES,1,16905.0,07/2006,2008,No
1730,0,Mastercard,Debit,5503001623065365,04/2020,552,YES,1,47153.0,02/2002,2006,No
1730,1,Visa,Debit,4776377960241200,12/2022,190,YES,2,25010.0,07/2010,2010,No
1731,0,Mastercard,Debit,5178473684405564,12/2022,562,YES,1,232.0,12/2009,2010,No
1731,1,Mastercard,Credit,5012197802964363,02/2016,674,YES,2,100.0,08/2013,2013,No
1731,2,Mastercard,Debit (Prepaid),5855938431811539,04/2017,656,YES,1,80.0,07/2003,2011,No
1732,0,Amex,Credit,337444224350580,12/2022,542,YES,2,3300.0,02/2020,2020,No
1733,0,Mastercard,Debit,5799169833597049,01/2021,85,YES,1,3483.0,06/2006,2013,No
1733,1,Amex,Credit,345109128105029,02/2024,963,YES,2,13900.0,01/2015,2015,No
1734,0,Mastercard,Debit,5158280368787690,10/2024,616,YES,1,70187.0,06/2002,2011,No
1734,1,Visa,Debit,4077584980284629,12/2021,84,NO,2,7821.0,01/2011,2014,No
1734,2,Mastercard,Debit,5978884065247077,10/2024,708,YES,2,96637.0,06/2007,2007,No
1734,3,Discover,Credit,6977627305195042,03/2022,233,YES,2,44200.0,09/2016,2016,No
1734,4,Visa,Debit (Prepaid),4065795089404702,08/2023,765,NO,1,68.0,03/2007,2007,No
1734,5,Mastercard,Debit (Prepaid),5320344964229690,01/2021,628,YES,1,54.0,01/2014,2014,No
1734,6,Mastercard,Debit,5879372260390616,05/2022,403,YES,1,62519.0,07/2011,2011,No
1734,7,Visa,Debit,4910341780863441,11/2022,246,YES,1,87408.0,05/2013,2013,No
1735,0,Mastercard,Debit,5913847569907564,03/2024,237,YES,2,15100.0,01/2009,2009,No
1735,1,Mastercard,Debit,5349556696203116,05/2024,875,YES,1,2303.0,07/2008,2011,No
1735,2,Visa,Credit,4295192613583548,03/2023,349,YES,2,9000.0,01/2020,2020,No
1736,0,Amex,Credit,356005165062230,10/2021,507,YES,1,12600.0,12/2008,2008,No
1736,1,Mastercard,Debit,5240082203312523,05/2021,393,YES,1,25027.0,06/2009,2009,No
1736,2,Mastercard,Debit,5127936739014860,01/2023,896,YES,1,30424.0,09/2008,2011,No
1737,0,Mastercard,Debit,5689212244021237,08/2022,924,YES,2,14304.0,02/2020,2020,No
1738,0,Visa,Debit,4621223878831288,06/2016,682,YES,2,19081.0,10/2015,2015,No
1738,1,Mastercard,Debit,5395339623143984,09/2020,501,YES,2,17401.0,11/2013,2013,No
1738,2,Mastercard,Credit,5135678062479808,07/2021,505,YES,1,12800.0,05/2010,2016,No
1738,3,Mastercard,Debit (Prepaid),5670005225763179,07/2015,698,YES,1,42.0,07/2010,2011,No
1738,4,Mastercard,Debit,5818161374881413,06/2014,212,NO,2,10404.0,06/2009,2010,No
1739,0,Mastercard,Debit,5517723360584005,07/2013,347,YES,1,39422.0,07/2004,2009,No
1739,1,Mastercard,Credit,5237138657431099,09/2023,589,YES,1,11900.0,04/2011,2011,No
1739,2,Mastercard,Debit,5974924187009496,06/2022,102,YES,2,4880.0,02/2008,2010,No
1739,3,Mastercard,Debit,5764898909630971,04/2020,255,YES,2,25392.0,07/1998,2014,No
1740,0,Mastercard,Credit,5591895053896003,02/2020,836,YES,1,18500.0,01/2020,2020,No
1740,1,Mastercard,Debit (Prepaid),5076996431094044,01/2022,241,YES,1,57.0,01/2020,2020,No
1741,0,Visa,Credit,4816860056537332,11/2022,197,YES,1,10100.0,06/2011,2014,No
1741,1,Mastercard,Debit,5764651900129904,03/2024,596,YES,1,2037.0,06/2009,2013,No
1741,2,Visa,Debit,4991364969575729,01/2021,244,YES,2,21999.0,06/2010,2015,No
1741,3,Mastercard,Debit,5557499918915420,01/2021,576,YES,2,15793.0,04/1994,2012,No
1742,0,Mastercard,Debit,5675256776194426,01/2021,833,NO,1,28844.0,08/1998,2011,No
1742,1,Mastercard,Debit,5595385125014567,08/2023,519,YES,1,34023.0,09/2008,2008,No
1742,2,Amex,Credit,335445013271477,09/2022,999,YES,1,19400.0,12/2010,2013,No
1742,3,Amex,Credit,339792898644120,06/2023,936,YES,1,16100.0,06/2011,2011,No
1743,0,Visa,Credit,4300321753140483,08/2022,628,YES,2,18400.0,03/2015,2015,No
1744,0,Visa,Debit,4191974309505453,01/2018,802,YES,2,17314.0,06/2008,2014,No
1744,1,Mastercard,Debit,5404392353169210,10/2020,819,YES,1,20999.0,05/2005,2007,No
1744,2,Visa,Debit,4475946693710004,11/2006,530,YES,2,7199.0,10/2006,2013,No
1745,0,Mastercard,Debit,5089930923373798,08/2020,17,YES,1,23956.0,04/2010,2010,No
1745,1,Mastercard,Debit,5773396250865734,02/2019,800,YES,2,17695.0,12/2016,2016,No
1745,2,Visa,Debit,4246551286869282,08/2022,593,YES,2,22765.0,02/2018,2018,No
1745,3,Visa,Debit,4515082319612545,02/2020,194,YES,1,15934.0,01/2017,2017,No
1746,0,Visa,Debit,4107644655969763,10/2017,870,YES,1,9295.0,05/2009,2009,No
1746,1,Mastercard,Debit,5164840016148969,08/2023,26,YES,2,7112.0,05/2010,2014,No
1747,0,Mastercard,Debit,5550568534248004,07/2024,941,YES,2,23712.0,01/2008,2009,No
1747,1,Mastercard,Debit,5549004168547038,02/2021,29,YES,1,33471.0,08/2006,2011,No
1747,2,Visa,Debit,4982899751098466,02/2020,864,YES,1,23240.0,09/2015,2015,No
1747,3,Visa,Debit,4249726842929939,07/2022,917,YES,1,18828.0,08/2014,2014,No
1747,4,Visa,Credit,4161722287532690,10/2010,265,YES,1,14000.0,09/2010,2016,No
1747,5,Mastercard,Debit (Prepaid),5921304090510635,07/2022,404,YES,2,20.0,02/2008,2017,No
1748,0,Mastercard,Debit,5037463911586202,05/2021,117,YES,1,16339.0,10/2012,2012,No
1748,1,Mastercard,Debit,5078145607261496,07/2021,614,YES,2,23902.0,01/2020,2020,No
1749,0,Visa,Debit,4777168194473448,12/2024,558,YES,2,38025.0,01/2020,2020,No
1749,1,Visa,Credit,4696113920786154,07/2020,495,YES,2,22900.0,01/2020,2020,No
1749,2,Mastercard,Debit,5452689036471935,07/2024,803,YES,1,24682.0,01/2020,2020,No
1750,0,Visa,Credit,4269419419379307,02/2024,906,YES,2,6200.0,01/2020,2020,No
1751,0,Visa,Debit,4097047880363971,10/2024,652,YES,2,9241.0,02/2020,2020,No
1752,0,Visa,Credit,4972676446491092,06/2022,555,NO,2,11500.0,02/2010,2010,No
1752,1,Mastercard,Debit,5710919174207434,09/2021,13,NO,1,14958.0,12/2005,2009,No
1752,2,Visa,Debit (Prepaid),4394875861818282,03/2021,15,YES,2,20.0,09/2008,2008,No
1752,3,Mastercard,Debit,5615301359229492,06/2008,29,NO,1,4581.0,10/2006,2009,No
1753,0,Visa,Debit,4419460752105618,02/2023,113,YES,1,18116.0,01/2010,2010,No
1753,1,Mastercard,Debit,5642115649403351,03/2020,731,YES,1,23082.0,06/2009,2009,No
1753,2,Visa,Credit,4199299822093543,09/2015,515,YES,2,19100.0,01/2008,2008,No
1753,3,Mastercard,Debit,5479463619359581,08/2023,700,YES,2,23740.0,10/2006,2014,No
1753,4,Mastercard,Debit,5499930396917667,11/2021,570,YES,1,22242.0,02/1996,2012,No
1753,5,Visa,Credit,4445565501557714,09/2020,474,YES,2,12700.0,06/2011,2011,No
1754,0,Visa,Credit,4570269578447082,02/2024,74,YES,2,5000.0,02/2020,2020,No
1754,1,Mastercard,Debit,5118294961901335,01/2020,713,YES,1,7640.0,01/2020,2020,No
1755,0,Visa,Debit,4400094918183273,06/2020,700,NO,1,6789.0,01/2007,2009,No
1755,1,Mastercard,Credit,5413710543564908,10/2024,454,YES,1,6600.0,12/2019,2019,No
1756,0,Mastercard,Debit,5918070737334540,09/2023,879,YES,2,898.0,10/2004,2007,No
1757,0,Mastercard,Debit,5601819028761095,05/2023,832,NO,1,137669.0,12/2010,2010,No
1757,1,Visa,Credit,4309358602980982,08/2023,207,YES,1,58100.0,04/2006,2011,No
1757,2,Visa,Credit,4744339709686056,06/2020,810,YES,2,49300.0,07/2009,2010,No
1757,3,Mastercard,Debit,5945500533879840,01/2023,428,YES,1,92828.0,12/2016,2016,No
1757,4,Mastercard,Credit,5079922576804283,10/2022,242,YES,2,55300.0,11/2010,2010,No
1758,0,Mastercard,Debit (Prepaid),5390553032149250,02/2024,292,NO,2,71.0,01/2020,2020,No
1758,1,Mastercard,Debit,5120169290018670,02/2022,784,YES,1,11591.0,03/2011,2011,No
1758,2,Mastercard,Debit,5538394493237764,07/2019,115,YES,1,8633.0,08/2011,2011,No
1758,3,Visa,Debit,4377250779161296,02/2024,393,YES,1,12496.0,06/2008,2010,No
1759,0,Mastercard,Debit (Prepaid),5333013779987101,01/2009,836,YES,2,4.0,05/2007,2009,No
1759,1,Visa,Credit,4033661530367499,01/2023,95,YES,2,8000.0,02/2012,2012,No
1759,2,Discover,Credit,6268816898046008,05/2022,829,YES,1,8600.0,11/2011,2011,No
1760,0,Visa,Debit (Prepaid),4550158721667391,05/2020,764,YES,1,71.0,11/2013,2013,No
1760,1,Visa,Debit,4691816721269524,11/2023,564,YES,2,11347.0,10/2006,2009,No
1760,2,Visa,Credit,4392345136564007,01/2024,539,YES,1,8800.0,08/2007,2012,No
1760,3,Visa,Credit,4174000010311703,07/2023,922,YES,1,14700.0,07/2016,2016,No
1761,0,Visa,Debit,4086714175586108,05/2010,977,YES,2,9661.0,05/2008,2015,No
1761,1,Visa,Debit,4224384711964351,03/2015,585,YES,2,26872.0,02/2006,2015,No
1761,2,Mastercard,Debit (Prepaid),5454320123258478,03/2020,429,YES,1,102.0,02/2010,2010,No
1762,0,Mastercard,Debit,5666750494047679,04/2023,756,NO,1,10767.0,09/2008,2008,No
1762,1,Mastercard,Debit,5482357093415075,11/2024,625,YES,1,14393.0,02/2020,2020,No
1763,0,Visa,Debit (Prepaid),4940092514148148,01/2024,337,YES,2,62.0,02/2020,2020,No
1764,0,Visa,Credit,4472791439889132,10/2020,900,YES,2,25300.0,01/2006,2009,No
1764,1,Visa,Debit,4961188850895805,08/2021,629,NO,1,28884.0,02/2010,2015,No
1764,2,Visa,Debit,4061229587825801,08/2024,127,YES,1,2696.0,09/2008,2013,No
1764,3,Visa,Credit,4846362912981071,03/2013,650,YES,1,9200.0,01/2013,2013,No
1765,0,Mastercard,Debit,5481399554489218,08/2019,754,NO,2,21005.0,11/2009,2010,No
1766,0,Mastercard,Debit,5932064740893460,01/2023,263,NO,1,18689.0,03/2008,2009,No
1766,1,Mastercard,Credit,5226320820755917,04/2020,569,YES,1,9300.0,01/2008,2008,No
1766,2,Mastercard,Debit,5721088827990781,07/2022,570,YES,2,9789.0,05/2003,2013,No
1766,3,Mastercard,Debit,5031033208388940,03/2024,565,YES,2,11694.0,01/2010,2012,No
1766,4,Visa,Debit,4366735799878155,06/2023,763,YES,1,11592.0,08/1998,2015,No
1766,5,Mastercard,Credit,5102494493150212,12/2014,615,YES,1,8100.0,12/2010,2010,No
1766,6,Mastercard,Debit,5212081047458870,11/2021,836,YES,1,11647.0,08/2017,2017,No
1767,0,Visa,Debit,4417317940986636,04/2022,598,NO,1,10693.0,02/2020,2020,No
1768,0,Mastercard,Debit,5585235709223011,09/2020,555,YES,1,10776.0,09/2013,2013,No
1768,1,Discover,Credit,6638748785809862,06/2021,943,YES,1,6300.0,05/2002,2011,No
1768,2,Discover,Credit,6128331852366832,02/2019,56,YES,2,5600.0,04/2015,2015,No
1769,0,Visa,Credit,4192874179326162,07/2021,680,YES,1,7900.0,09/2005,2009,No
1769,1,Visa,Debit,4206608050110882,11/2021,873,YES,2,19442.0,08/2010,2010,No
1770,0,Mastercard,Credit,5697281977143652,02/2024,18,YES,2,7500.0,04/2008,2008,No
1771,0,Visa,Credit,4084600800745908,11/2021,121,YES,2,2000.0,01/2020,2020,No
1771,1,Visa,Debit,4749157487981215,10/2024,568,YES,1,10800.0,02/2020,2020,No
1772,0,Amex,Credit,386220220724226,09/2017,281,NO,2,3900.0,08/1999,2010,No
1773,0,Visa,Credit,4478591356446764,10/2024,207,YES,2,5500.0,09/2013,2013,No
1773,1,Visa,Credit,4289888672554714,04/2020,736,YES,2,16400.0,01/1995,2015,No
1773,2,Visa,Debit (Prepaid),4418492072049483,05/2021,868,YES,2,53.0,08/2006,2012,No
1773,3,Mastercard,Debit,5016047912098598,11/2013,561,NO,1,17883.0,02/2009,2017,No
1773,4,Mastercard,Debit,5663910895753021,08/2024,385,YES,2,12212.0,06/2006,2006,No
1774,0,Visa,Credit,4375233416487695,11/2023,566,YES,1,15800.0,05/2009,2015,No
1774,1,Mastercard,Credit,5350464215817716,12/2024,315,YES,1,26400.0,08/2005,2008,No
1774,2,Mastercard,Debit,5167461508736953,09/2021,218,YES,2,25993.0,09/2013,2013,No
1774,3,Visa,Debit (Prepaid),4031671355735386,05/2022,372,YES,2,59.0,07/2013,2013,No
1775,0,Mastercard,Debit (Prepaid),5759154405195541,08/2023,644,YES,2,8.0,06/2011,2011,No
1775,1,Mastercard,Debit,5147349032162324,07/2020,325,NO,2,1955.0,02/2005,2013,No
1776,0,Visa,Debit,4398726361408174,09/2022,592,YES,1,7159.0,07/2010,2011,No
1776,1,Mastercard,Debit,5166788218031494,10/2021,167,YES,1,12172.0,05/2016,2016,No
1776,2,Mastercard,Debit,5748345653201805,01/2021,704,YES,2,10889.0,04/2008,2010,No
1777,0,Mastercard,Credit,5124181575265453,02/2020,308,YES,2,10800.0,04/2007,2010,No
1777,1,Mastercard,Debit (Prepaid),5019509763985509,12/2013,156,YES,1,58.0,05/2012,2012,No
1777,2,Mastercard,Credit,5578674156872455,02/2023,118,YES,1,11000.0,06/2009,2009,No
1777,3,Amex,Credit,304564349597311,11/2024,170,YES,2,12700.0,09/2004,2008,No
1777,4,Mastercard,Credit,5588638647228889,09/2012,525,YES,1,10100.0,11/2009,2009,No
1778,0,Amex,Credit,335921476257243,02/2022,743,NO,1,11300.0,06/2003,2007,No
1778,1,Visa,Debit,4564719638698318,12/2020,446,YES,1,26596.0,04/2006,2015,No
1778,2,Mastercard,Debit,5862160658521395,01/2023,117,YES,2,1807.0,11/2008,2013,No
1778,3,Discover,Credit,6494282265479617,07/2024,471,YES,1,9700.0,11/2002,2005,No
1778,4,Mastercard,Credit,5607170404260670,03/2020,51,YES,1,12300.0,12/2005,2010,No
1779,0,Visa,Debit,4692209881034936,10/2024,841,YES,1,40914.0,11/2011,2011,No
1779,1,Visa,Debit,4733764906350562,09/2021,982,YES,1,21749.0,04/1999,2008,No
1779,2,Visa,Debit,4318258273065778,10/2024,152,YES,1,39491.0,09/2014,2014,No
1780,0,Visa,Debit,4721815072237153,06/2021,106,YES,2,97352.0,03/2007,2019,No
1780,1,Visa,Debit,4559856655520965,04/2021,475,NO,2,5921.0,04/2009,2010,No
1780,2,Mastercard,Debit,5283029601327772,10/2023,972,YES,2,54057.0,11/2003,2012,No
1780,3,Mastercard,Debit,5489127405017818,02/2021,287,NO,2,64565.0,02/2009,2019,No
1780,4,Visa,Credit,4699987716360968,06/2022,973,YES,1,36700.0,10/2013,2013,No
1781,0,Mastercard,Debit,5112841703970154,06/2022,367,YES,1,7175.0,09/2010,2017,No
1781,1,Amex,Credit,396239738941168,10/2024,814,YES,1,2800.0,10/2002,2011,No
1782,0,Visa,Credit,4957171481250708,08/2023,860,YES,2,3600.0,04/2006,2006,No
1782,1,Visa,Debit,4848387288995352,09/2020,393,YES,1,30348.0,08/2009,2010,No
1783,0,Visa,Credit,4993894078039979,06/2022,784,YES,2,6000.0,09/2012,2012,No
1784,0,Visa,Credit,4213207721993381,01/2023,746,YES,1,1700.0,06/2010,2010,No
1785,0,Visa,Debit,4597915385582398,07/2006,864,YES,2,10755.0,09/2003,2020,No
1785,1,Mastercard,Debit,5814688468697564,11/2023,196,YES,2,61262.0,12/2003,2016,No
1785,2,Amex,Credit,385811228095330,01/2013,173,YES,1,0.0,07/2001,2009,No
1786,0,Mastercard,Credit,5805568930094664,06/2023,887,YES,2,3500.0,02/2020,2020,No
1787,0,Mastercard,Credit,5677473176452050,01/2018,686,YES,2,7100.0,05/2017,2017,No
1788,0,Mastercard,Debit (Prepaid),5154212510711021,09/2022,821,YES,2,51.0,02/2009,2013,No
1788,1,Mastercard,Debit,5134527149271246,02/2022,755,YES,2,11457.0,01/2010,2016,No
1788,2,Mastercard,Debit,5925144583646101,06/2023,273,NO,2,1563.0,02/2002,2011,No
1789,0,Visa,Debit,4755309590277505,07/2021,531,YES,2,37325.0,11/2014,2014,No
1789,1,Mastercard,Credit,5790469227539261,10/2022,1,NO,1,14200.0,05/2008,2016,No
1789,2,Mastercard,Debit,5164497134993115,09/2021,490,YES,1,28815.0,06/2008,2015,No
1789,3,Mastercard,Debit (Prepaid),5082923874323795,02/2021,774,YES,2,85.0,02/2010,2010,No
1789,4,Visa,Debit,4551485171901900,11/2018,892,YES,2,15285.0,07/2009,2009,No
1790,0,Mastercard,Debit,5625635561969960,07/2023,310,YES,2,10636.0,01/2011,2011,No
1790,1,Visa,Debit,4771456546451310,10/2015,970,YES,1,12891.0,01/2013,2013,No
1790,2,Mastercard,Debit,5404831533605189,10/2021,72,YES,1,11885.0,08/2013,2013,No
1791,0,Mastercard,Debit,5435311573918660,02/2017,45,YES,2,2849.0,11/2003,2012,No
1791,1,Visa,Debit,4623830121488860,08/2023,233,YES,1,3867.0,09/2009,2009,No
1791,2,Visa,Debit,4139199465174934,10/2021,9,YES,2,6688.0,01/2010,2016,No
1791,3,Mastercard,Debit,5422145957568718,12/2020,242,YES,2,8021.0,05/2001,2018,No
1792,0,Mastercard,Debit,5306745473896520,05/2022,271,YES,1,27201.0,03/2011,2011,No
1792,1,Visa,Credit,4148318094287271,12/2020,313,YES,2,12800.0,12/2007,2009,No
1792,2,Mastercard,Debit (Prepaid),5993362497379576,03/2020,94,YES,2,96.0,01/2004,2011,No
1792,3,Mastercard,Debit,5626378456369424,05/2023,982,NO,2,16426.0,11/2011,2011,No
1793,0,Visa,Credit,4402488714330108,11/2021,627,YES,1,9100.0,02/2020,2020,No
1794,0,Visa,Debit,4296121621030187,01/2023,314,YES,1,14546.0,09/2001,2008,No
1794,1,Discover,Credit,6974497425701266,12/2020,192,YES,1,8400.0,03/1997,2013,No
1794,2,Mastercard,Debit,5500175661325557,10/2020,43,YES,2,10815.0,11/2009,2020,No
1794,3,Mastercard,Credit,5647089735442965,03/2021,480,NO,1,4000.0,12/2008,2012,No
1795,0,Visa,Debit,4086633692001413,05/2020,881,YES,1,11254.0,04/1999,2018,No
1795,1,Visa,Debit,4842195195266314,09/2020,497,YES,2,2271.0,04/2008,2008,No
1795,2,Visa,Debit,4780096957038020,12/2007,604,YES,2,6311.0,05/2000,2013,No
1795,3,Amex,Credit,340045632784763,02/2020,218,YES,1,13700.0,01/2012,2012,No
1796,0,Mastercard,Credit,5428221818543241,09/2024,953,YES,1,14300.0,09/2015,2015,No
1797,0,Mastercard,Credit,5070662282651105,02/2020,516,YES,2,14600.0,02/2020,2020,No
1798,0,Mastercard,Credit,5801798801399788,06/2021,527,YES,2,7100.0,03/2017,2017,No
1799,0,Mastercard,Debit,5346665102858338,01/2024,734,YES,1,4534.0,01/2009,2010,No
1799,1,Visa,Credit,4889540259167879,07/2021,890,YES,2,4200.0,08/2019,2019,No
1799,2,Mastercard,Debit,5895798485445131,05/2024,48,NO,1,27117.0,12/2005,2005,No
1800,0,Mastercard,Debit,5356557830959677,04/2023,125,NO,2,14404.0,04/2007,2015,No
1800,1,Mastercard,Debit,5456509634452108,08/2012,557,YES,2,6360.0,03/2007,2016,No
1800,2,Mastercard,Debit,5176036831889983,11/2020,119,YES,1,4701.0,03/2002,2017,No
1801,0,Mastercard,Debit,5086512779429782,05/2024,613,YES,1,13793.0,07/2019,2019,No
1801,1,Mastercard,Debit,5568197772676119,12/2012,676,YES,1,27569.0,06/2012,2012,No
1801,2,Amex,Credit,351118771819506,05/2021,551,YES,1,10400.0,01/2011,2011,No
1802,0,Visa,Debit,4325994913282358,02/2021,114,NO,1,14959.0,07/2011,2011,No
1802,1,Visa,Debit,4573359573640504,10/2022,267,YES,2,19713.0,07/2017,2017,No
1802,2,Mastercard,Debit (Prepaid),5146076432064543,03/2022,662,YES,1,90.0,01/2015,2015,No
1803,0,Amex,Credit,321390295697853,02/2020,287,YES,2,15500.0,02/2020,2020,No
1803,1,Visa,Credit,4037574014013949,05/2023,634,NO,1,19200.0,01/2020,2020,No
1804,0,Visa,Debit,4766814724627532,06/2020,723,YES,1,16610.0,01/2020,2020,No
1804,1,Visa,Debit,4777234942221867,06/2023,559,YES,1,21793.0,05/2013,2013,No
1804,2,Visa,Debit,4175156104515816,07/2022,655,NO,1,15261.0,01/2020,2020,No
1804,3,Visa,Debit,4092634167714573,04/2024,721,YES,1,25919.0,01/2011,2011,No
1805,0,Mastercard,Debit,5575214152731773,01/2016,88,YES,2,4546.0,01/2004,2010,No
1805,1,Discover,Credit,6731998965120910,07/2022,82,YES,2,9600.0,02/2020,2020,No
1806,0,Visa,Debit,4086123102379526,04/2024,744,YES,1,9238.0,02/2020,2020,No
1806,1,Mastercard,Debit,5674572566243618,10/2022,702,YES,2,15474.0,02/2020,2020,No
1807,0,Amex,Credit,308644614282116,07/2022,930,YES,2,9500.0,07/2008,2015,No
1807,1,Visa,Debit,4287552229905456,04/2003,482,YES,1,7030.0,01/2001,2011,No
1807,2,Mastercard,Debit (Prepaid),5200521526888417,05/2020,493,YES,2,25.0,10/2009,2010,No
1808,0,Mastercard,Debit,5900781818896314,08/2024,694,YES,2,15125.0,05/2014,2014,No
1808,1,Visa,Credit,4737448001688514,06/2020,626,YES,2,13200.0,02/2010,2010,No
1808,2,Mastercard,Debit (Prepaid),5097151873275379,09/2006,617,YES,2,130.0,08/2006,2014,No
1809,0,Visa,Debit,4470396121935962,11/2023,109,YES,1,13193.0,01/2017,2017,No
1809,1,Mastercard,Debit,5359387075130556,05/2020,975,YES,1,16187.0,09/2011,2011,No
1810,0,Mastercard,Debit,5359252107099592,10/2020,401,YES,2,1627.0,10/2000,2013,No
1810,1,Mastercard,Credit,5084097673104529,10/2007,908,YES,2,5600.0,01/2006,2008,No
1810,2,Mastercard,Credit,5637704480335686,09/2024,146,YES,1,9600.0,12/2003,2016,No
1811,0,Amex,Credit,337243144975638,07/2020,64,YES,1,89900.0,02/2020,2020,No
1811,1,Amex,Credit,366279021724239,07/2024,517,YES,2,44100.0,02/2020,2020,No
1812,0,Visa,Debit,4418732012686610,02/2020,79,YES,2,19446.0,02/2020,2020,No
1813,0,Visa,Credit,4745663916245954,08/2023,938,NO,2,29900.0,03/2010,2017,No
1813,1,Mastercard,Debit,5128104617797218,03/2017,726,YES,1,33506.0,12/2008,2011,No
1814,0,Visa,Debit,4170170540626885,07/2023,65,YES,1,20971.0,01/2020,2020,No
1814,1,Mastercard,Debit (Prepaid),5712463929886788,06/2020,814,YES,2,65.0,05/2006,2009,No
1815,0,Visa,Debit,4887792862892213,06/2019,31,YES,2,18808.0,09/2011,2013,No
1815,1,Mastercard,Debit,5402670262764803,07/2021,292,NO,2,8723.0,02/2020,2020,No
1816,0,Mastercard,Debit,5641208271147811,12/2016,668,YES,2,28003.0,04/2009,2009,No
1816,1,Mastercard,Debit,5168276651669097,07/2022,939,YES,2,15972.0,04/2013,2013,No
1816,2,Visa,Debit,4005308847294610,10/2018,106,YES,1,22342.0,08/2014,2014,No
1816,3,Mastercard,Debit,5008326450243575,04/2020,382,NO,1,21058.0,06/2015,2015,No
1817,0,Mastercard,Debit (Prepaid),5826140028493879,04/2021,787,YES,2,26.0,01/2020,2020,No
1818,0,Visa,Debit,4270247503047583,08/2023,977,NO,1,24605.0,02/2020,2020,No
1818,1,Mastercard,Debit,5941060191494195,11/2021,888,YES,2,23529.0,01/2020,2020,No
1818,2,Visa,Debit,4451428446253891,01/2023,354,YES,2,20780.0,02/2020,2020,No
1819,0,Visa,Credit,4958653958330137,11/2022,821,YES,2,3900.0,04/2012,2012,No
1820,0,Mastercard,Debit,5320717372996306,07/2024,264,YES,2,4392.0,10/2010,2017,No
1821,0,Mastercard,Credit,5376701080589928,10/2020,991,YES,1,12300.0,05/2010,2013,No
1821,1,Amex,Credit,337550322941360,04/2024,449,YES,2,11100.0,02/2016,2016,No
1821,2,Visa,Debit (Prepaid),4336821790834583,11/2020,943,YES,2,93.0,07/2019,2019,No
1821,3,Mastercard,Credit,5028747805927867,07/2024,278,YES,1,9500.0,09/2010,2015,No
1822,0,Visa,Credit,4895717164008273,11/2022,687,YES,1,12000.0,12/2004,2011,No
1822,1,Mastercard,Debit,5627821887128376,07/2020,309,YES,2,11999.0,01/2007,2015,No
1822,2,Mastercard,Credit,5772874140116142,01/2021,811,YES,2,0.0,06/2019,2019,No
1822,3,Mastercard,Debit,5107765857429099,09/2021,77,YES,2,18991.0,12/2005,2011,No
1822,4,Mastercard,Debit,5141288066109648,10/2024,209,YES,1,27146.0,02/2006,2011,No
1823,0,Visa,Debit (Prepaid),4405540956453724,10/2024,340,YES,2,32.0,01/2002,2009,No
1823,1,Visa,Debit,4706797634213663,04/2023,754,YES,2,19103.0,03/2002,2011,No
1823,2,Visa,Credit,4497075414603384,10/2021,609,YES,2,11400.0,03/2016,2016,No
1824,0,Visa,Debit (Prepaid),4573104032868370,10/2023,912,YES,1,75.0,10/2005,2007,No
1825,0,Visa,Credit,4287715741686227,12/2020,945,YES,1,12700.0,03/2010,2020,No
1825,1,Mastercard,Debit (Prepaid),5863932577604198,05/2023,815,YES,1,61.0,10/2004,2012,No
1825,2,Discover,Credit,6890958566283018,08/2018,17,YES,2,24400.0,02/2010,2011,No
1825,3,Mastercard,Debit,5523521756936715,02/2023,646,YES,2,32895.0,09/2004,2005,No
1825,4,Mastercard,Credit,5283200338474521,09/2006,183,YES,1,14300.0,02/2005,2010,No
1826,0,Mastercard,Credit,5867990216480062,11/2023,890,NO,1,9400.0,01/2020,2020,No
1826,1,Mastercard,Debit,5278235755391641,01/2024,334,YES,1,11364.0,01/2020,2020,No
1827,0,Visa,Debit,4579828689268319,07/2023,234,YES,1,24308.0,05/2006,2011,No
1827,1,Mastercard,Debit,5728624930968573,07/2011,308,YES,1,26328.0,12/2004,2005,No
1827,2,Visa,Debit,4168297207560528,06/2018,37,YES,1,21655.0,05/2006,2009,No
1827,3,Visa,Debit,4656088751958530,01/2022,257,YES,1,23300.0,01/2012,2012,No
1827,4,Visa,Credit,4481314542302614,05/2023,653,YES,1,15900.0,07/2010,2013,No
1827,5,Mastercard,Credit,5747096332409894,03/2023,145,YES,2,8500.0,08/2008,2011,No
1828,0,Visa,Debit (Prepaid),4938575047755879,09/2020,779,YES,1,60.0,01/2020,2020,No
1828,1,Visa,Debit,4706273875998303,02/2021,662,NO,2,15234.0,02/2020,2020,No
1828,2,Visa,Debit,4756674643883046,10/2022,215,YES,2,30870.0,01/2020,2020,No
1828,3,Visa,Debit,4596537044879993,03/2021,466,YES,1,30155.0,01/2020,2020,No
1829,0,Mastercard,Debit,5864857498399320,03/2020,31,YES,1,23088.0,04/2018,2018,No
1830,0,Mastercard,Debit,5932803595236806,12/2024,567,YES,2,23397.0,02/2020,2020,No
1830,1,Mastercard,Credit,5768193861918367,03/2022,263,YES,2,9100.0,01/2020,2020,No
1831,0,Visa,Credit,4632633126868484,02/2020,343,YES,2,6600.0,01/2020,2020,No
1831,1,Mastercard,Credit,5608087801127195,02/2020,715,YES,2,7000.0,03/2011,2011,No
1832,0,Amex,Credit,367474243774504,12/2001,558,YES,1,11600.0,07/1998,2009,No
1832,1,Amex,Credit,375207905449012,12/2022,512,YES,2,0.0,02/2020,2020,No
1832,2,Mastercard,Debit,5962520384384662,11/2022,627,YES,2,14699.0,08/2016,2016,No
1832,3,Mastercard,Debit,5891798640440029,07/2022,370,YES,2,20289.0,10/2011,2011,No
1833,0,Mastercard,Debit,5724812856736556,12/2024,821,YES,2,16474.0,02/2010,2010,No
1833,1,Visa,Debit,4441537373999689,02/2020,193,YES,2,3356.0,02/2020,2020,No
1833,2,Visa,Debit,4130215809450765,02/2020,602,YES,2,14679.0,01/2020,2020,No
1833,3,Discover,Credit,6308521512097419,08/2020,770,YES,2,4300.0,08/2012,2012,No
1834,0,Mastercard,Debit,5146038421358947,09/2021,676,YES,1,946.0,11/2003,2015,No
1834,1,Mastercard,Debit,5024268943997814,04/2024,101,YES,2,7720.0,10/2007,2007,No
1834,2,Mastercard,Credit,5536644643614485,08/2015,627,YES,2,3500.0,05/2014,2014,No
1835,0,Visa,Credit,4030904159290027,04/2023,880,YES,1,13700.0,04/2017,2017,No
1835,1,Visa,Credit,4707721125348403,02/2024,530,YES,1,16700.0,08/2007,2007,No
1836,0,Visa,Credit,4585094832412488,08/2021,873,YES,1,18800.0,01/2020,2020,No
1837,0,Mastercard,Debit,5575263233323319,04/2020,712,YES,2,15518.0,04/2007,2011,No
1837,1,Visa,Debit,4381450999997195,10/2024,135,YES,2,27313.0,08/2017,2017,No
1837,2,Mastercard,Debit,5517928534321046,06/2022,283,YES,1,21989.0,04/2009,2009,No
1837,3,Discover,Credit,6340588661070812,02/2020,737,YES,1,12900.0,09/2010,2013,No
1837,4,Mastercard,Debit,5037612210257223,10/2021,213,YES,2,20026.0,10/2008,2010,No
1838,0,Visa,Debit,4997086356987452,03/2023,106,YES,2,10676.0,10/2013,2013,No
1838,1,Mastercard,Debit,5563288095981743,07/2023,711,YES,2,27447.0,06/2008,2010,No
1838,2,Mastercard,Debit,5471501151275219,01/2019,875,YES,2,16617.0,05/2010,2011,No
1838,3,Visa,Debit,4406180094358834,09/2020,386,YES,2,12173.0,01/2020,2020,No
1839,0,Mastercard,Debit,5758903151118803,12/2021,876,NO,1,2105.0,02/2020,2020,No
1840,0,Mastercard,Debit,5678186427083264,04/2023,765,YES,1,16678.0,12/2015,2015,No
1840,1,Mastercard,Debit,5259128969401805,03/2020,719,YES,1,14123.0,07/2003,2006,No
1840,2,Visa,Debit,4779897441663920,07/2023,172,YES,1,11281.0,02/2020,2020,No
1840,3,Mastercard,Credit,5462760953855576,09/2021,665,NO,2,10300.0,01/1998,2006,No
1840,4,Visa,Debit (Prepaid),4218945513492403,04/2020,609,YES,2,102.0,05/2004,2011,No
1841,0,Visa,Debit,4529198706544196,12/2019,956,YES,1,11254.0,12/2012,2012,No
1841,1,Visa,Debit,4624298880024351,05/2023,695,NO,2,10703.0,10/2018,2018,No
1841,2,Mastercard,Credit,5781831200471526,04/2021,342,YES,1,5000.0,01/2006,2016,No
1841,3,Mastercard,Debit,5814657967124433,09/2021,53,YES,2,8002.0,02/2020,2020,No
1842,0,Visa,Debit,4428221393352281,01/2012,800,YES,2,18969.0,03/2010,2010,No
1842,1,Mastercard,Debit,5620777347987312,04/2019,203,YES,1,12931.0,02/2013,2013,No
1843,0,Visa,Debit,4052977938644536,07/2008,922,YES,2,18112.0,05/2008,2011,No
1844,0,Visa,Debit,4599537074421924,06/2021,352,YES,1,13034.0,11/2006,2006,No
1844,1,Visa,Debit (Prepaid),4735444171765440,04/2021,440,YES,1,71.0,10/2017,2017,No
1844,2,Visa,Debit,4346364600707726,05/2021,819,YES,1,10374.0,02/2007,2007,No
1844,3,Visa,Debit,4464255837780501,09/2016,11,YES,1,13382.0,08/2014,2014,No
1844,4,Visa,Debit,4169528920281151,02/2020,372,YES,1,11063.0,07/2006,2011,No
1845,0,Mastercard,Credit,5013961450307351,03/2020,831,YES,2,700.0,01/2020,2020,No
1846,0,Mastercard,Debit (Prepaid),5885996845393849,02/2023,676,YES,2,55.0,12/2009,2011,No
1847,0,Visa,Debit,4607163659779577,01/2024,954,YES,1,18358.0,02/2007,2010,No
1847,1,Visa,Credit,4050809280792654,10/2022,906,YES,1,8700.0,06/2001,2010,No
1847,2,Mastercard,Debit,5242747753340318,12/2009,558,YES,2,1966.0,12/2009,2011,No
1848,0,Mastercard,Debit,5043650081401232,11/2017,56,YES,1,13257.0,05/2012,2012,No
1848,1,Visa,Debit,4049537564126777,12/2019,952,YES,1,20297.0,11/2019,2019,No
1849,0,Visa,Credit,4868636850065871,04/2023,143,YES,2,7500.0,02/2020,2020,No
1850,0,Mastercard,Debit,5751825449090351,10/2018,741,YES,1,31696.0,06/2006,2015,No
1851,0,Amex,Credit,361343872480844,09/2010,837,YES,2,7400.0,02/2010,2012,No
1851,1,Visa,Debit,4770207045170231,11/2022,959,NO,2,7644.0,01/2010,2010,No
1852,0,Visa,Credit,4906330160441425,06/2021,740,NO,1,13600.0,04/2007,2011,No
1852,1,Mastercard,Debit (Prepaid),5018139436441141,11/2022,978,YES,1,40.0,04/2008,2011,No
1852,2,Mastercard,Debit (Prepaid),5560959222277430,08/2007,327,YES,2,61.0,07/2000,2013,No
1852,3,Mastercard,Debit,5660745375245497,07/2022,27,YES,1,7597.0,02/2002,2005,No
1852,4,Visa,Credit,4424092813863775,07/2024,996,NO,2,9900.0,04/2005,2006,No
1853,0,Mastercard,Debit,5500745251339739,12/2021,290,YES,2,7898.0,02/2007,2014,No
1853,1,Amex,Credit,312560176162838,02/2020,667,YES,1,12700.0,12/2019,2019,No
1853,2,Visa,Debit,4026064532527532,04/2018,850,NO,1,34329.0,12/2003,2010,No
1854,0,Mastercard,Debit,5733951015747886,08/2021,629,NO,1,25206.0,03/2006,2018,No
1854,1,Mastercard,Debit (Prepaid),5358041053681348,10/2021,787,YES,1,89.0,09/2002,2012,No
1854,2,Visa,Debit,4466987531926977,04/2024,542,YES,3,15143.0,03/2010,2014,No
1855,0,Mastercard,Credit,5867727546265982,10/2010,868,YES,2,12700.0,05/2010,2010,No
1855,1,Visa,Debit (Prepaid),4021365419633529,04/2024,489,YES,2,53.0,09/2009,2009,No
1855,2,Mastercard,Debit (Prepaid),5451240838028180,07/2023,89,YES,2,67.0,07/2009,2016,No
1855,3,Mastercard,Debit,5524375174709990,04/2020,727,NO,2,22839.0,07/2010,2015,No
1856,0,Mastercard,Debit,5184750031787695,05/2024,395,YES,1,17252.0,01/2020,2020,No
1856,1,Visa,Debit,4414457303374738,03/2024,962,YES,1,19103.0,03/2011,2011,No
1856,2,Visa,Debit,4622792344518889,05/2020,682,NO,1,15619.0,07/2014,2014,No
1856,3,Mastercard,Debit,5288684620224628,02/2020,742,YES,1,17512.0,03/2018,2018,No
1856,4,Visa,Credit,4446204059905464,11/2020,745,YES,1,9300.0,01/2008,2008,No
1856,5,Discover,Credit,6459832607723477,03/2021,613,YES,2,9300.0,06/2011,2011,No
1856,6,Mastercard,Debit,5116412114054866,01/2021,641,YES,1,13584.0,09/2019,2019,No
1857,0,Amex,Credit,361660199951264,02/2020,359,YES,2,8300.0,02/2020,2020,No
1857,1,Visa,Credit,4177943531666106,10/2024,935,YES,1,7000.0,01/2020,2020,No
1857,2,Mastercard,Debit (Prepaid),5274198815905606,01/2020,614,YES,1,80.0,01/2020,2020,No
1857,3,Visa,Debit,4868987724427798,02/2020,851,YES,1,3678.0,01/2020,2020,No
1857,4,Mastercard,Debit,5979708797094587,02/2020,245,YES,1,5826.0,01/2020,2020,No
1858,0,Amex,Credit,321786749835899,03/2024,747,YES,2,8200.0,02/2020,2020,No
1858,1,Discover,Credit,6364215863625390,10/2023,14,YES,1,13000.0,04/2013,2013,No
1858,2,Mastercard,Debit,5690509651153906,05/2022,573,YES,2,20430.0,06/2016,2016,No
1858,3,Mastercard,Credit,5008598572977474,02/2020,232,YES,1,8300.0,01/2020,2020,No
1859,0,Mastercard,Debit,5578069135826637,07/2019,703,YES,1,10882.0,04/2017,2017,No
1859,1,Visa,Debit,4323438857314993,03/2022,40,YES,1,19454.0,06/2013,2013,No
1859,2,Mastercard,Debit,5075857376370680,02/2020,982,YES,1,19624.0,05/2014,2014,No
1859,3,Amex,Credit,322674119450622,08/2012,250,YES,1,8700.0,02/2010,2010,No
1859,4,Mastercard,Credit,5253140087088071,12/2020,945,YES,1,8000.0,01/2020,2020,No
1859,5,Visa,Debit,4565738687713649,03/2020,549,YES,1,14540.0,09/2002,2002,No
1859,6,Mastercard,Credit,5170430476017818,06/2023,817,YES,1,7300.0,08/2010,2013,No
1860,0,Visa,Credit,4941217468452968,03/2015,160,YES,2,12200.0,06/2010,2010,No
1860,1,Visa,Credit,4222423291346252,01/2021,67,YES,1,5000.0,06/2013,2013,No
1860,2,Mastercard,Credit,5451362125568437,03/2020,365,YES,1,11200.0,10/2010,2010,No
1860,3,Visa,Credit,4759687155885583,07/2016,34,NO,2,11200.0,12/2010,2011,No
1860,4,Visa,Debit,4680328184934192,12/2012,377,YES,1,26730.0,08/2008,2010,No
1861,0,Mastercard,Credit,5678554364408518,07/2017,255,YES,2,11500.0,01/2014,2014,No
1861,1,Mastercard,Debit,5622967893451771,10/2022,227,YES,2,16747.0,02/2020,2020,No
1861,2,Visa,Debit,4337361376136363,09/2011,943,YES,1,11574.0,04/2006,2009,No
1861,3,Mastercard,Debit,5291637236164085,06/2008,568,NO,1,13772.0,01/2007,2009,No
1862,0,Visa,Debit,4539775091869861,02/2021,740,YES,1,271.0,04/2009,2012,No
1862,1,Amex,Credit,395311275502832,05/2022,56,YES,2,16100.0,10/2014,2014,No
1862,2,Mastercard,Debit,5733441683735973,02/2020,667,YES,2,11039.0,02/2020,2020,No
1863,0,Mastercard,Credit,5685035507383249,08/2017,135,YES,2,19800.0,09/2012,2012,No
1864,0,Discover,Credit,6596755789941875,11/2024,931,YES,2,5700.0,04/2013,2013,No
1864,1,Mastercard,Credit,5003485851351776,03/2011,861,NO,1,7200.0,12/2003,2012,No
1864,2,Mastercard,Debit (Prepaid),5164766009976950,09/2020,691,YES,2,11.0,02/2009,2013,No
1865,0,Mastercard,Debit,5422341110559659,10/2021,939,YES,2,45373.0,01/2020,2020,No
1865,1,Visa,Credit,4415046745142821,06/2011,166,NO,1,21000.0,06/2007,2015,No
1865,2,Visa,Debit,4343665057958607,08/2021,665,YES,1,43287.0,07/2006,2013,No
1865,3,Visa,Debit,4452357307336469,07/2021,260,YES,1,42176.0,04/2008,2008,No
1865,4,Mastercard,Debit,5322921857948894,03/2022,534,YES,2,19789.0,03/2006,2010,No
1866,0,Mastercard,Debit,5241330528442158,07/2022,436,YES,1,24508.0,03/2008,2009,No
1866,1,Mastercard,Debit,5386540540263311,03/2024,26,YES,1,25197.0,09/2008,2011,No
1867,0,Mastercard,Credit,5512081974916797,10/2022,765,YES,2,9300.0,12/2015,2015,No
1867,1,Visa,Debit,4605950682175499,08/2020,517,YES,1,16047.0,12/2019,2019,No
1868,0,Mastercard,Debit,5902542975328331,12/2023,983,YES,1,27795.0,10/2009,2014,No
1868,1,Discover,Credit,6917280872761373,04/2020,315,YES,2,16100.0,08/2011,2011,No
1869,0,Mastercard,Debit,5576035087378479,05/2023,481,YES,2,14027.0,12/2007,2014,No
1869,1,Discover,Credit,6737538441360610,08/2024,595,YES,1,10600.0,02/2003,2007,No
1870,0,Visa,Debit,4044316472139410,12/2023,596,YES,2,26995.0,07/2000,2009,No
1871,0,Mastercard,Credit,5226870809361787,01/2020,75,YES,1,10400.0,01/2020,2020,No
1871,1,Mastercard,Credit,5067574894573935,09/2023,755,YES,2,11400.0,02/2020,2020,No
1871,2,Visa,Credit,4742301691992776,01/2022,16,YES,2,11900.0,01/2020,2020,No
1872,0,Visa,Debit,4414714260971092,09/2021,462,YES,1,29065.0,02/2020,2020,No
1872,1,Mastercard,Debit (Prepaid),5483078601827876,07/2023,594,YES,2,55.0,01/2020,2020,No
1872,2,Visa,Debit (Prepaid),4749171976917258,01/2020,187,YES,1,89.0,01/2020,2020,No
1873,0,Mastercard,Credit,5994692166168768,03/2020,708,YES,2,22800.0,02/2020,2020,No
1874,0,Visa,Credit,4187289847634833,04/2021,798,NO,2,4300.0,12/2013,2013,No
1874,1,Visa,Debit,4145423192370462,02/2021,398,NO,1,38900.0,06/2013,2013,No
1875,0,Discover,Credit,6514958752973692,11/2012,261,NO,1,9500.0,08/2008,2009,No
1875,1,Mastercard,Debit,5648870697869377,02/2020,686,YES,2,17633.0,02/2020,2020,No
1876,0,Mastercard,Credit,5191615123045322,11/2020,485,YES,1,7400.0,06/2005,2011,No
1876,1,Mastercard,Debit,5458954548704072,07/2024,47,YES,1,9001.0,06/2015,2015,No
1876,2,Mastercard,Debit,5077942665919872,08/2023,127,NO,2,9669.0,04/2008,2011,No
1876,3,Mastercard,Debit,5617443939610345,08/2024,813,YES,2,16491.0,12/2012,2012,No
1876,4,Visa,Credit,4809764397537147,12/2013,939,YES,1,7800.0,05/2006,2012,No
1877,0,Mastercard,Debit,5401966281135701,02/2023,737,YES,2,12183.0,05/2014,2014,No
1877,1,Visa,Credit,4142618269549473,12/2022,716,YES,1,8900.0,09/2010,2016,No
1878,0,Mastercard,Debit,5141201123047050,10/2023,639,NO,1,13558.0,01/2020,2020,No
1878,1,Visa,Credit,4562385865984516,06/2023,2,YES,1,12600.0,02/2020,2020,No
1879,0,Mastercard,Debit,5505033368140306,10/2023,281,YES,1,10742.0,02/2020,2020,No
1879,1,Visa,Credit,4393681534654146,02/2020,748,YES,2,8100.0,01/2020,2020,No
1879,2,Visa,Debit,4454771454125736,10/2024,884,YES,1,12240.0,01/2020,2020,No
1880,0,Mastercard,Credit,5696485046042913,02/2024,764,YES,1,28000.0,05/2007,2007,No
1880,1,Mastercard,Debit,5545483213832558,06/2020,645,NO,1,19843.0,09/2006,2015,No
1880,2,Visa,Debit,4353181605005049,02/2021,19,YES,2,4707.0,08/2010,2010,No
1880,3,Amex,Credit,309385388804488,01/2024,251,YES,1,16200.0,05/2010,2010,No
1880,4,Mastercard,Debit (Prepaid),5331189129913282,10/2020,359,YES,1,58.0,06/2019,2019,No
1880,5,Visa,Credit,4119849353170305,02/2020,170,YES,2,21600.0,08/2003,2015,No
1880,6,Mastercard,Debit,5676028749684108,01/2022,678,YES,2,4707.0,04/2006,2015,No
1880,7,Mastercard,Debit,5270284172540389,05/2024,714,YES,3,27178.0,07/2011,2011,No
1881,0,Mastercard,Credit,5819630613408765,03/2023,727,YES,2,8100.0,05/2008,2014,No
1881,1,Mastercard,Debit,5980129246400404,02/2024,42,YES,2,16815.0,01/2008,2014,No
1881,2,Visa,Debit (Prepaid),4881855799456128,02/2022,637,YES,1,0.0,06/2009,2012,No
1882,0,Mastercard,Credit,5268892141706910,03/2023,905,YES,1,51900.0,05/2006,2009,No
1882,1,Mastercard,Credit,5634102457746992,02/2020,250,YES,1,17700.0,06/2008,2009,No
1882,2,Mastercard,Debit,5340780229634197,07/2023,257,YES,1,47211.0,04/2010,2010,No
1883,0,Amex,Credit,386478516235378,03/2024,172,NO,2,17800.0,01/2009,2009,No
1883,1,Visa,Debit,4330882727770787,10/2019,22,YES,1,29685.0,02/2018,2018,No
1883,2,Visa,Credit,4724864981660920,08/2024,403,NO,1,12700.0,06/2010,2013,No
1883,3,Visa,Debit,4561951091545890,08/2022,691,YES,1,21744.0,06/2006,2011,No
1884,0,Visa,Credit,4417109828447309,05/2002,812,YES,2,15500.0,03/1999,2013,No
1884,1,Mastercard,Debit,5418111837859479,05/2022,529,YES,2,23154.0,07/2004,2012,No
1884,2,Mastercard,Debit,5864938158181063,03/2012,438,YES,2,8747.0,03/2009,2009,No
1884,3,Mastercard,Debit,5565412921641370,09/2024,992,YES,1,25059.0,05/2011,2011,No
1885,0,Mastercard,Credit,5333842700329565,04/2018,191,YES,2,14200.0,03/2004,2010,No
1885,1,Visa,Debit,4906021631955321,01/2024,889,YES,2,18888.0,01/2006,2014,No
1885,2,Mastercard,Debit,5260501863539748,10/2023,797,NO,2,3099.0,02/2005,2013,No
1885,3,Mastercard,Debit,5948253675276941,11/2021,348,YES,2,10656.0,09/2004,2011,No
1885,4,Mastercard,Debit,5510063639324759,06/2012,587,YES,2,12698.0,06/2005,2010,No
1886,0,Visa,Credit,4359575208295254,09/2022,939,YES,1,10200.0,08/2008,2012,No
1886,1,Visa,Credit,4835239816888340,04/2015,368,YES,2,10100.0,08/2014,2014,No
1886,2,Visa,Credit,4754007965044975,01/2021,604,YES,1,10700.0,06/2009,2013,No
1886,3,Amex,Credit,327833439977815,06/2012,215,YES,2,6100.0,02/2007,2008,No
1886,4,Visa,Credit,4956654746579365,10/2023,15,YES,2,8800.0,04/2005,2014,No
1887,0,Mastercard,Debit,5677315632040269,01/2020,927,YES,1,21280.0,06/2018,2018,No
1887,1,Mastercard,Debit (Prepaid),5658794762166757,03/2023,663,YES,1,111.0,11/2000,2010,No
1887,2,Visa,Debit,4788096167141165,01/2024,88,YES,1,26608.0,05/2009,2009,No
1887,3,Visa,Debit,4032385619436581,03/2022,88,YES,2,37619.0,11/2016,2016,No
1888,0,Mastercard,Debit,5809446324429038,09/2020,480,YES,1,25422.0,06/2002,2008,No
1889,0,Visa,Debit,4967614598666288,12/2020,790,YES,2,16053.0,10/2014,2014,No
1889,1,Amex,Credit,304727353948890,07/2022,930,YES,1,8400.0,03/2001,2014,No
1889,2,Mastercard,Debit,5293034450657206,09/2021,829,YES,1,14385.0,07/2010,2012,No
1889,3,Mastercard,Debit,5908634356288234,12/2020,276,YES,2,1607.0,10/2009,2011,No
1889,4,Mastercard,Debit (Prepaid),5295399317930837,12/2015,543,YES,2,51.0,03/2005,2007,No
1889,5,Visa,Debit,4925352341824320,09/2023,570,YES,2,5646.0,06/2007,2019,No
1890,0,Visa,Debit,4015359680044238,10/2021,867,YES,1,20887.0,08/2008,2008,No
1890,1,Amex,Credit,361232830727034,08/2022,626,YES,1,9500.0,06/2005,2005,No
1890,2,Visa,Debit,4029109059179282,08/2024,637,YES,2,8960.0,07/2008,2014,No
1891,0,Mastercard,Debit,5084129042406429,05/2022,379,YES,2,15822.0,07/2013,2013,No
1891,1,Mastercard,Debit,5171925674822493,08/2023,349,YES,1,17057.0,12/2013,2013,No
1891,2,Mastercard,Credit,5417194878972795,04/2021,638,YES,2,14500.0,03/2005,2019,No
1892,0,Mastercard,Debit,5637089823683604,01/2023,543,YES,2,14146.0,01/2020,2020,No
1892,1,Mastercard,Debit,5024262627226050,03/2020,539,YES,1,22392.0,01/2020,2020,No
1893,0,Mastercard,Debit,5997533760937121,09/2013,563,YES,2,21084.0,12/2009,2015,No
1893,1,Mastercard,Debit,5658918047471971,03/2024,179,YES,2,11889.0,05/2002,2014,No
1894,0,Mastercard,Credit,5693300103257697,10/2009,646,YES,1,8600.0,11/2005,2006,No
1894,1,Visa,Debit,4085525339324208,09/2023,988,YES,1,1740.0,08/2010,2010,No
1894,2,Mastercard,Debit,5364261943325012,06/2022,255,YES,1,16908.0,09/2001,2013,No
1894,3,Mastercard,Debit,5164138227100839,07/2022,553,YES,1,15591.0,05/2001,2012,No
1894,4,Mastercard,Debit,5093862705639584,05/2008,697,YES,2,20974.0,07/2006,2007,No
1894,5,Mastercard,Credit,5317076130104741,05/2022,81,YES,1,7200.0,01/2020,2020,No
1894,6,Amex,Credit,354553734129805,02/2024,512,NO,1,8500.0,04/2009,2010,No
1895,0,Mastercard,Debit,5588241759620390,08/2022,902,YES,1,28666.0,08/2004,2010,No
1895,1,Mastercard,Debit,5077019023912414,02/2022,452,NO,2,24334.0,01/2020,2020,No
1895,2,Amex,Credit,331661418672228,02/2020,340,YES,2,13100.0,05/2007,2013,No
1895,3,Mastercard,Debit (Prepaid),5003507127783509,01/2011,406,YES,2,53.0,09/2008,2012,No
1895,4,Mastercard,Debit,5485919338552938,11/2021,934,YES,1,16898.0,05/2006,2013,No
1895,5,Amex,Credit,310908674378136,02/2021,334,YES,2,9600.0,10/2007,2008,No
1896,0,Amex,Credit,348934344491613,04/2005,705,YES,2,6800.0,04/2004,2010,No
1896,1,Amex,Credit,352221649550364,10/2024,412,YES,2,9900.0,06/2001,2006,No
1896,2,Mastercard,Debit (Prepaid),5900191366508128,08/2018,94,YES,2,52.0,01/2008,2011,No
1897,0,Mastercard,Credit,5997676532243287,08/2020,937,YES,2,19600.0,12/2001,2013,No
1897,1,Visa,Credit,4975397225900594,10/2022,633,YES,2,19300.0,03/2010,2010,No
1897,2,Visa,Debit,4554612997314669,10/2020,551,YES,1,42253.0,02/2020,2020,No
1897,3,Mastercard,Debit,5186294128669152,06/2023,648,YES,1,21997.0,01/2009,2011,No
1898,0,Visa,Debit,4245753102284802,02/2020,47,YES,2,20902.0,10/2008,2015,No
1898,1,Visa,Debit,4849801141196819,01/2021,469,YES,2,2284.0,02/2004,2017,No
1899,0,Visa,Credit,4750738672953674,03/2022,97,YES,1,19800.0,02/2020,2020,No
1899,1,Mastercard,Debit,5317755409759521,06/2020,472,YES,1,18364.0,01/2020,2020,No
1900,0,Amex,Credit,394462670377525,05/2018,988,YES,1,6500.0,12/2005,2016,No
1900,1,Mastercard,Debit,5455692825493528,05/2024,886,YES,2,1200.0,11/2010,2010,No
1900,2,Visa,Credit,4702160782866812,07/2022,32,YES,1,6300.0,05/2015,2015,No
1900,3,Visa,Debit,4702909631016695,08/2024,296,YES,1,13496.0,02/2020,2020,No
1900,4,Visa,Debit,4777682501119860,03/2022,841,NO,2,10636.0,06/2017,2017,No
1900,5,Visa,Credit,4115517902859173,02/2020,685,YES,1,7000.0,01/2006,2018,No
1901,0,Discover,Credit,6057750888394995,10/2022,941,YES,2,10000.0,02/2020,2020,No
1901,1,Visa,Credit,4027267585799417,02/2020,614,YES,2,5700.0,08/2015,2015,No
1902,0,Visa,Debit,4308818013677927,02/2020,200,YES,1,9845.0,01/2020,2020,No
1902,1,Mastercard,Debit,5762905101107710,01/2024,55,YES,2,13597.0,01/2020,2020,No
1903,0,Mastercard,Credit,5654301247931831,10/2015,534,YES,1,10300.0,07/2001,2017,No
1903,1,Mastercard,Debit,5279944889030781,09/2007,556,YES,2,17775.0,09/2000,2008,No
1903,2,Mastercard,Debit,5603953556223249,07/2021,279,YES,2,6056.0,07/2011,2011,No
1903,3,Visa,Debit,4806234146608194,08/2020,750,YES,1,1736.0,06/2003,2012,No
1903,4,Mastercard,Debit,5124868578530623,05/2022,482,YES,1,20573.0,12/2006,2014,No
1904,0,Discover,Credit,6423896642709968,12/2024,893,YES,1,18400.0,12/2011,2011,No
1904,1,Mastercard,Debit,5831867303465557,07/2024,88,YES,2,12610.0,10/2001,2007,No
1904,2,Mastercard,Debit,5848792320156293,08/2020,354,YES,2,10471.0,01/2008,2010,No
1904,3,Amex,Credit,354174665165986,02/2023,490,YES,2,25100.0,06/2010,2010,No
1905,0,Mastercard,Credit,5648920659581656,03/2022,9,YES,2,10200.0,01/2020,2020,No
1905,1,Mastercard,Debit,5039518885202193,09/2022,731,NO,1,13460.0,08/2016,2016,No
1906,0,Visa,Debit,4258875940264453,04/2022,889,NO,1,9765.0,02/2020,2020,No
1906,1,Mastercard,Credit,5184235869070087,09/2023,200,YES,1,5900.0,01/2020,2020,No
1906,2,Mastercard,Debit (Prepaid),5922455636977986,09/2021,516,YES,1,62.0,02/2020,2020,No
1907,0,Mastercard,Debit,5205146873846149,03/2020,412,YES,1,10673.0,01/2020,2020,No
1907,1,Mastercard,Debit,5271577810389285,11/2023,444,NO,2,14959.0,12/2010,2013,No
1907,2,Visa,Debit,4421074314274468,10/2015,365,YES,2,4924.0,05/2009,2013,No
1908,0,Visa,Credit,4765720927158180,06/2020,635,YES,1,12900.0,11/2008,2010,No
1908,1,Amex,Credit,323995995043195,03/2021,845,YES,2,4300.0,05/2013,2013,No
1908,2,Mastercard,Debit,5325429814066263,07/2024,405,YES,2,16134.0,08/2007,2010,No
1908,3,Visa,Credit,4827782115726481,07/2023,26,YES,2,7900.0,07/2005,2006,No
1909,0,Visa,Debit,4052223642085368,11/2020,695,YES,1,15204.0,04/2014,2014,No
1909,1,Mastercard,Debit,5043025719349382,10/2022,212,YES,2,12282.0,02/2020,2020,No
1909,2,Mastercard,Debit (Prepaid),5097177024373449,03/2020,487,YES,1,79.0,09/2017,2017,No
1910,0,Mastercard,Debit,5129559258430452,02/2015,315,YES,2,22679.0,05/2010,2010,No
1910,1,Visa,Credit,4848478019868044,02/2020,877,YES,1,5500.0,01/2020,2020,No
1910,2,Mastercard,Credit,5273827620362753,12/2012,361,YES,1,8400.0,02/2010,2013,No
1911,0,Discover,Credit,6617667813539645,06/2022,357,YES,2,6900.0,02/2010,2015,No
1911,1,Visa,Debit,4735265751138652,08/2022,484,YES,1,14217.0,05/1997,2013,No
1911,2,Mastercard,Debit,5466783111172182,02/2024,259,YES,1,9226.0,08/1997,2015,No
1911,3,Discover,Credit,6286867412246582,02/2020,286,YES,2,4000.0,07/2008,2008,No
1911,4,Visa,Credit,4163142253525850,05/2024,949,YES,2,10600.0,01/2006,2015,No
1912,0,Mastercard,Debit (Prepaid),5809675483353806,04/2020,851,YES,1,69.0,01/2020,2020,No
1912,1,Mastercard,Debit,5049740310754292,11/2024,203,NO,2,10964.0,01/2020,2020,No
1912,2,Mastercard,Debit,5586967087960864,07/2023,920,NO,1,8651.0,02/2020,2020,No
1912,3,Mastercard,Debit,5371618774432893,07/2017,17,YES,1,9800.0,05/2014,2014,No
1913,0,Visa,Credit,4086767707930248,06/2019,906,YES,2,9200.0,06/2009,2009,No
1913,1,Visa,Debit,4315296241283753,08/2021,887,YES,1,17231.0,01/2008,2008,No
1914,0,Visa,Debit,4448638660853564,05/2022,705,YES,2,21782.0,01/2020,2020,No
1915,0,Visa,Debit,4243196015563986,01/2020,369,YES,1,16736.0,01/2020,2020,No
1915,1,Mastercard,Debit,5886331202952827,04/2023,569,YES,1,16986.0,02/2020,2020,No
1916,0,Mastercard,Debit,5606664610863321,04/2024,859,YES,2,5521.0,04/2008,2015,No
1917,0,Visa,Debit,4683529333850689,01/2023,987,YES,2,27776.0,03/2005,2009,No
1917,1,Amex,Credit,340472738242121,05/2021,594,YES,1,10800.0,12/2002,2012,No
1917,2,Mastercard,Credit,5582873367992936,05/2016,523,YES,1,4300.0,06/2015,2015,No
1917,3,Mastercard,Credit,5894846894284597,10/2020,560,YES,1,11300.0,12/2000,2010,No
1918,0,Mastercard,Debit,5973418253600951,05/2023,54,YES,1,31164.0,02/2020,2020,No
1918,1,Amex,Credit,331642499814393,08/2020,68,YES,1,13900.0,10/2003,2003,No
1918,2,Visa,Debit,4455787437333576,11/2023,216,YES,2,23834.0,04/2001,2014,No
1919,0,Visa,Debit,4129826777465625,11/2021,941,YES,1,9599.0,11/2010,2010,No
1919,1,Visa,Debit,4928809249781808,09/2021,962,YES,1,8177.0,07/2013,2013,No
1919,2,Amex,Credit,356753784698882,01/2015,199,YES,1,6100.0,02/2008,2019,No
1919,3,Mastercard,Debit,5244932923677516,07/2020,633,YES,2,3658.0,10/2010,2016,No
1920,0,Visa,Credit,4054184324450514,08/2022,45,YES,2,8100.0,09/2009,2015,No
1920,1,Mastercard,Credit,5533435981760046,04/2005,746,YES,2,7900.0,05/2004,2009,No
1920,2,Mastercard,Debit (Prepaid),5019455882080711,05/2024,607,YES,2,57.0,02/2020,2020,No
1920,3,Mastercard,Debit,5859718770565482,08/2020,127,YES,1,12170.0,07/2017,2017,No
1920,4,Amex,Credit,309524218964644,09/2024,665,YES,2,10400.0,11/2007,2009,No
1921,0,Mastercard,Credit,5369677036150953,12/2024,992,YES,1,12000.0,12/2007,2009,No
1921,1,Visa,Credit,4179464821874368,10/2022,376,YES,2,16600.0,02/2010,2010,No
1921,2,Mastercard,Debit,5187470414488999,05/2023,680,NO,1,13900.0,03/2012,2012,No
1922,0,Mastercard,Debit,5611228007672267,01/2019,578,NO,2,11817.0,05/2006,2009,No
1922,1,Visa,Debit,4909515632835135,05/2015,967,YES,1,1433.0,03/2010,2010,No
1922,2,Mastercard,Debit,5671721481892550,07/2022,733,YES,1,11982.0,01/2009,2013,No
1922,3,Mastercard,Debit,5263399480715028,09/2022,84,YES,1,5440.0,04/2010,2010,No
1923,0,Visa,Debit,4171386450929978,10/2020,702,YES,1,32269.0,05/2014,2014,No
1923,1,Mastercard,Debit (Prepaid),5992452355066267,07/2010,255,YES,1,68.0,06/2010,2011,No
1923,2,Mastercard,Debit,5862553540544506,08/2022,206,YES,2,25390.0,04/2011,2011,No
1924,0,Mastercard,Debit (Prepaid),5904726356147306,09/2021,689,YES,2,73.0,01/2020,2020,No
1925,0,Mastercard,Debit,5245266215525840,01/2021,956,YES,1,14895.0,02/2020,2020,No
1925,1,Visa,Credit,4605955992344250,11/2022,710,YES,2,7100.0,02/2020,2020,No
1926,0,Mastercard,Debit,5173250188599461,02/2020,842,YES,1,12829.0,02/2020,2020,No
1926,1,Mastercard,Debit,5953826141797560,07/2024,781,YES,1,19508.0,07/2012,2012,No
1926,2,Visa,Credit,4679944060407471,05/2021,328,YES,1,12700.0,09/2009,2015,No
1926,3,Amex,Credit,376263258046959,02/2020,498,YES,1,13700.0,01/2020,2020,No
1926,4,Mastercard,Debit,5303628231225889,09/2022,849,YES,1,26467.0,03/2005,2007,No
1926,5,Visa,Debit,4009824948264772,12/2011,343,YES,2,25059.0,12/2011,2011,No
1926,6,Visa,Debit,4208882690900434,09/2021,889,YES,2,17403.0,05/2007,2010,No
1927,0,Visa,Credit,4458593801378188,07/2024,713,YES,2,7400.0,01/2014,2014,No
1927,1,Amex,Credit,304032329695965,07/2020,406,YES,2,14300.0,05/2008,2012,No
1927,2,Mastercard,Debit,5975850851446048,10/2024,385,YES,2,8262.0,09/2003,2018,No
1927,3,Visa,Credit,4107536740374307,04/2018,877,YES,1,7700.0,08/2014,2014,No
1928,0,Visa,Debit (Prepaid),4342161680384576,06/2020,911,YES,2,37.0,01/2020,2020,No
1929,0,Visa,Debit,4608939462503365,11/2015,656,NO,1,13767.0,10/2012,2012,No
1929,1,Visa,Debit (Prepaid),4181646920762737,05/2020,86,YES,1,90.0,01/2014,2014,No
1929,2,Mastercard,Debit,5023221503017150,05/2006,739,YES,2,11408.0,04/2003,2010,No
1930,0,Visa,Credit,4529057760721503,04/2020,270,YES,2,2400.0,03/2014,2014,No
1930,1,Visa,Credit,4234868356191481,11/2024,759,YES,2,18600.0,02/2008,2011,No
1930,2,Mastercard,Debit,5469185883238396,02/2024,610,YES,2,15422.0,12/1999,2009,No
1931,0,Visa,Debit,4324994489841346,11/2024,374,YES,2,19575.0,09/2009,2009,No
1931,1,Visa,Debit (Prepaid),4465717590252409,10/2020,476,YES,2,62.0,04/2011,2011,No
1931,2,Mastercard,Credit,5520845437304871,02/2018,530,NO,1,10800.0,05/2007,2009,No
1931,3,Amex,Credit,343577155217599,07/2013,751,YES,2,12400.0,12/2008,2010,No
1931,4,Visa,Debit,4563222610324202,11/2022,673,YES,1,30314.0,10/2005,2007,No
1931,5,Mastercard,Debit,5599596861279013,11/2020,190,YES,1,16317.0,04/2008,2010,No
1931,6,Visa,Debit,4700587500082036,01/2023,458,YES,1,26033.0,09/2012,2012,No
1931,7,Visa,Credit,4668774755047551,04/2023,733,NO,1,11600.0,11/2004,2008,No
1932,0,Discover,Credit,6113554012285569,03/2022,285,YES,2,14800.0,12/2010,2011,No
1932,1,Mastercard,Debit,5418595509569231,09/2024,749,YES,2,4183.0,09/2010,2010,No
1932,2,Mastercard,Debit,5024480860444789,03/2024,877,YES,1,6732.0,02/2010,2010,No
1933,0,Amex,Credit,347590336473806,08/2021,561,YES,1,8200.0,06/2009,2013,No
1933,1,Mastercard,Debit,5523829978930626,02/2024,247,NO,2,1726.0,11/2009,2014,No
1933,2,Visa,Debit,4515665907154914,06/2020,91,NO,2,20318.0,05/1996,2015,No
1933,3,Mastercard,Debit (Prepaid),5198349029624244,09/2023,52,YES,2,42.0,07/2008,2017,No
1934,0,Mastercard,Debit,5648990684688270,09/2020,557,YES,1,18654.0,08/2013,2013,No
1934,1,Mastercard,Debit,5877605571862978,08/2023,436,YES,1,11219.0,09/2000,2010,No
1934,2,Mastercard,Debit,5424175323034310,11/2018,340,YES,1,11143.0,04/2015,2015,No
1934,3,Visa,Credit,4241977850163967,05/2022,803,NO,1,6900.0,07/2009,2012,No
1934,4,Mastercard,Debit,5337331365480778,04/2019,672,YES,2,12861.0,01/2004,2008,No
1935,0,Mastercard,Debit,5949441299547681,01/2021,269,YES,1,12801.0,07/2007,2011,No
1935,1,Visa,Credit,4353130198173895,03/2024,851,YES,2,6300.0,02/2020,2020,No
1936,0,Amex,Credit,366949625918264,07/2022,960,YES,1,12900.0,01/2020,2020,No
1936,1,Amex,Credit,351563977299905,04/2022,915,YES,2,12800.0,01/2020,2020,No
1937,0,Mastercard,Debit,5290775938068362,02/2020,372,YES,2,3861.0,01/2020,2020,No
1937,1,Visa,Debit,4098930150034371,08/2007,821,YES,2,8024.0,11/2005,2011,No
1937,2,Visa,Debit,4433713978036656,02/2020,989,YES,2,16452.0,02/2020,2020,No
1938,0,Mastercard,Debit,5477831310262429,12/2020,288,YES,1,24326.0,05/2011,2011,No
1938,1,Discover,Credit,6116887229829457,04/2017,772,YES,2,9600.0,02/2007,2012,No
1938,2,Mastercard,Credit,5115594587514456,11/2020,682,YES,2,5400.0,07/2009,2010,No
1938,3,Visa,Debit,4246770344294430,12/2014,779,YES,1,26158.0,09/2011,2011,No
1938,4,Mastercard,Debit (Prepaid),5777252404670457,12/2023,26,YES,1,65.0,01/2009,2009,No
1938,5,Visa,Debit,4443261006820284,07/2024,583,YES,1,24674.0,12/2008,2010,No
1938,6,Visa,Debit,4709355283958408,11/2022,7,NO,1,14484.0,06/2012,2012,No
1939,0,Mastercard,Debit,5559774982144167,01/2021,233,YES,1,20765.0,07/2010,2014,No
1939,1,Mastercard,Credit,5077326215891911,04/2021,470,YES,2,17100.0,12/2016,2016,No
1940,0,Mastercard,Credit,5861460389220807,02/2022,901,YES,1,3600.0,09/2009,2009,No
1941,0,Mastercard,Debit,5268061657818192,03/2023,669,YES,1,14139.0,01/2020,2020,No
1942,0,Visa,Credit,4763790665708312,04/2024,729,YES,1,10600.0,01/2020,2020,No
1942,1,Mastercard,Debit,5939726039641834,01/2020,670,YES,1,22844.0,01/2020,2020,No
1942,2,Mastercard,Debit,5989639729186969,03/2020,385,YES,1,15212.0,01/2020,2020,No
1942,3,Discover,Credit,6429670593440596,05/2022,863,YES,2,17300.0,02/2020,2020,No
1943,0,Mastercard,Debit,5229268684192805,10/2022,810,YES,2,13088.0,01/2020,2020,No
1943,1,Amex,Credit,349828182407923,01/2020,939,YES,1,5700.0,01/2020,2020,No
1943,2,Mastercard,Debit,5237713667538127,02/2020,674,YES,1,19294.0,02/2020,2020,No
1944,0,Mastercard,Debit,5510238208636520,01/2020,842,YES,2,8876.0,01/2020,2020,No
1945,0,Visa,Debit,4551026838442529,12/2013,610,YES,1,9922.0,10/2006,2011,No
1945,1,Visa,Debit,4848774820047542,11/2024,454,YES,1,14514.0,11/2015,2015,No
1945,2,Visa,Debit,4857655456740069,01/2023,655,NO,1,14464.0,04/2007,2008,No
1945,3,Mastercard,Credit,5237779163714217,01/2021,520,YES,1,10600.0,11/2005,2009,No
1946,0,Mastercard,Credit,5017550508372775,09/2018,481,NO,1,5900.0,09/2010,2011,No
1946,1,Mastercard,Debit,5644486560076379,10/2024,413,YES,2,5082.0,08/2008,2009,No
1946,2,Visa,Debit,4305298887064773,05/2016,895,NO,1,7003.0,03/2006,2012,No
1946,3,Mastercard,Debit,5363081183912419,07/2024,479,YES,2,7364.0,04/2004,2009,No
1946,4,Mastercard,Debit,5365700074909909,12/2020,476,YES,1,9513.0,12/2009,2009,No
1947,0,Mastercard,Debit,5122845886811755,04/2024,156,YES,2,17063.0,01/2020,2020,No
1948,0,Mastercard,Credit,5034807492446890,02/2020,628,YES,2,5700.0,12/2016,2016,No
1948,1,Visa,Credit,4450994374522199,03/2023,271,YES,1,8600.0,11/2004,2009,No
1948,2,Mastercard,Debit,5508211695909086,05/2024,164,YES,1,12586.0,04/2009,2010,No
1949,0,Mastercard,Debit,5741088763813563,02/2020,480,YES,1,36967.0,02/2020,2020,No
1949,1,Mastercard,Debit,5259808955370180,02/2020,147,YES,2,28458.0,02/2020,2020,No
1950,0,Mastercard,Credit,5257815762743073,10/2020,52,YES,2,5500.0,05/2009,2009,No
1950,1,Visa,Debit,4249372985491598,10/2022,678,YES,1,26222.0,10/2010,2010,No
1951,0,Mastercard,Debit,5422366850951714,12/2023,973,YES,2,21802.0,09/2011,2011,No
1951,1,Amex,Credit,343289673294707,02/2021,678,YES,2,13100.0,06/2011,2011,No
1951,2,Mastercard,Debit,5212401746902609,11/2021,77,YES,2,17079.0,11/2012,2012,No
1952,0,Visa,Credit,4752059764737905,12/2020,397,YES,2,31500.0,10/2008,2008,No
1952,1,Mastercard,Debit,5088932138697648,02/2024,904,YES,1,51412.0,08/1997,2008,No
1953,0,Visa,Credit,4605207086612818,05/2019,438,YES,1,0.0,05/2009,2009,No
1954,0,Mastercard,Debit,5127787392899921,06/2021,895,YES,2,13746.0,03/2005,2007,No
1955,0,Visa,Debit,4316375262880141,03/2022,580,YES,1,30023.0,12/2015,2015,No
1955,1,Visa,Credit,4354340819623207,04/2024,195,YES,2,14300.0,03/2000,2009,No
1956,0,Visa,Debit,4716535552633032,02/2023,508,YES,1,18137.0,12/2008,2011,No
1956,1,Amex,Credit,378254419416636,08/2020,484,YES,3,10700.0,01/2020,2020,No
1956,2,Mastercard,Credit,5346005460523910,12/2021,389,YES,1,10000.0,01/2015,2015,No
1957,0,Visa,Debit (Prepaid),4936140686570275,03/2024,506,YES,2,82.0,02/2020,2020,No
1958,0,Mastercard,Debit,5843937298541003,06/2021,609,YES,1,15976.0,04/2012,2012,No
1958,1,Mastercard,Debit,5880006305695949,03/2023,187,YES,1,34560.0,10/2003,2011,No
1958,2,Visa,Credit,4158498171851975,07/2020,263,YES,1,18600.0,03/2009,2013,No
1958,3,Mastercard,Debit (Prepaid),5922687925814446,05/2020,982,YES,1,65.0,04/2001,2014,No
1958,4,Visa,Debit,4441559114756148,03/2022,974,YES,1,15374.0,10/2004,2016,No
1959,0,Visa,Credit,4990026739935404,09/2022,28,YES,1,16700.0,02/2020,2020,No
1959,1,Mastercard,Debit,5152513437799120,07/2023,970,NO,1,20534.0,01/2020,2020,No
1960,0,Mastercard,Debit,5854609142644269,12/2024,371,YES,2,24939.0,01/2020,2020,No
1960,1,Mastercard,Credit,5829556470616453,04/2020,377,YES,1,15200.0,01/2020,2020,No
1961,0,Visa,Credit,4142689074024202,07/2014,401,YES,2,13700.0,04/2002,2012,No
1961,1,Mastercard,Debit,5797464528593168,02/2023,743,YES,2,7949.0,12/2007,2010,No
1961,2,Discover,Credit,6402388690714912,04/2020,731,YES,1,9300.0,01/2020,2020,No
1961,3,Mastercard,Debit,5247646091462977,06/2023,180,YES,1,21862.0,08/2011,2011,No
1961,4,Mastercard,Debit,5560170355102541,04/2020,566,NO,2,15988.0,06/2017,2017,No
1961,5,Mastercard,Debit,5443759192548846,12/2014,623,NO,1,17112.0,09/2012,2012,No
1961,6,Mastercard,Debit,5086596988156517,10/2024,171,YES,1,27063.0,11/2013,2013,No
1961,7,Mastercard,Debit,5713469175389037,04/2021,887,YES,2,24656.0,11/2007,2008,No
1962,0,Visa,Debit,4261882459977550,04/2022,882,YES,2,1436.0,02/2005,2005,No
1963,0,Visa,Credit,4485600180364627,07/2014,123,YES,1,18700.0,11/2000,2010,No
1963,1,Visa,Debit,4554258012686189,02/2011,650,YES,1,8420.0,11/2008,2012,No
1963,2,Mastercard,Debit (Prepaid),5312039477119395,10/2022,56,YES,1,35.0,10/2010,2010,No
1964,0,Mastercard,Debit,5268139916584585,12/2022,638,YES,1,22995.0,08/2014,2014,No
1964,1,Visa,Debit,4397605575320998,07/2023,634,YES,1,37620.0,06/2011,2011,No
1964,2,Visa,Debit,4151208103004284,12/2018,499,YES,1,18220.0,03/2010,2011,No
1964,3,Amex,Credit,355152345366905,01/2022,511,YES,1,11100.0,06/2008,2016,No
1965,0,Mastercard,Debit (Prepaid),5483397485442231,04/2017,795,YES,1,76.0,04/2008,2008,No
1965,1,Mastercard,Debit,5614906039254489,10/2021,288,YES,1,47183.0,01/2014,2014,No
1965,2,Mastercard,Debit,5257083044708319,02/2024,600,YES,2,44912.0,02/2020,2020,No
1966,0,Visa,Debit,4109920926456573,02/2023,276,YES,1,7721.0,07/2010,2010,No
1967,0,Visa,Credit,4809875418420460,11/2023,507,NO,2,23400.0,01/2020,2020,No
1967,1,Visa,Debit,4325897539134882,06/2023,877,YES,1,12039.0,01/2020,2020,No
1967,2,Visa,Debit,4014221108776885,03/2020,718,YES,2,10971.0,02/2020,2020,No
1967,3,Mastercard,Debit,5271701044160481,02/2022,131,YES,2,14570.0,01/2020,2020,No
1967,4,Visa,Debit,4077582571419704,10/2022,419,YES,2,12195.0,01/2020,2020,No
1968,0,Mastercard,Debit,5805865464891142,02/2020,145,YES,1,9061.0,02/2020,2020,No
1968,1,Mastercard,Debit,5806091901843856,08/2023,270,YES,2,10964.0,08/2013,2013,No
1968,2,Amex,Credit,399822688085690,07/2021,676,YES,2,6900.0,02/2020,2020,No
1969,0,Mastercard,Debit,5641266533811383,06/2023,654,YES,1,26107.0,01/2020,2020,No
1969,1,Visa,Debit (Prepaid),4154048240434633,01/2020,751,YES,1,76.0,01/2020,2020,No
1969,2,Mastercard,Debit,5207403371427185,05/2020,462,YES,2,19613.0,02/2020,2020,No
1969,3,Visa,Debit,4825524341593939,10/2021,930,YES,1,17569.0,01/2020,2020,No
1970,0,Visa,Debit,4340019142427236,10/2021,130,YES,2,10099.0,02/2020,2020,No
1971,0,Amex,Credit,310470716823944,05/2020,922,YES,1,15200.0,08/2005,2017,No
1971,1,Mastercard,Debit,5905005083070942,03/2023,993,YES,1,13844.0,07/2003,2011,No
1972,0,Mastercard,Debit,5013028791214183,04/2023,910,YES,1,18748.0,02/2020,2020,No
1972,1,Mastercard,Debit,5879193554887191,10/2020,924,YES,2,13733.0,02/2020,2020,No
1972,2,Mastercard,Debit,5012988175512442,12/2021,188,YES,2,20623.0,02/2020,2020,No
1973,0,Mastercard,Debit (Prepaid),5322126645643429,07/2023,917,YES,2,39.0,01/2020,2020,No
1974,0,Mastercard,Debit,5535209227360709,01/2019,434,YES,1,12759.0,09/2011,2011,No
1974,1,Mastercard,Debit,5304434448477779,12/2022,266,NO,1,19554.0,11/2004,2007,No
1975,0,Mastercard,Debit,5673440794177682,04/2023,44,NO,2,21274.0,01/2008,2009,No
1975,1,Visa,Debit (Prepaid),4738669769696354,08/2022,376,YES,1,25.0,06/2006,2013,No
1975,2,Mastercard,Debit,5550350468440254,01/2023,305,YES,2,12868.0,04/2005,2012,No
1976,0,Visa,Debit (Prepaid),4669769619755993,01/2020,338,YES,1,80.0,02/2018,2018,No
1976,1,Mastercard,Debit,5946850544837798,01/2023,589,YES,2,18244.0,09/2013,2013,No
1976,2,Mastercard,Debit,5275357240057940,06/2024,107,YES,2,11402.0,04/2015,2015,No
1977,0,Mastercard,Credit,5510232749503632,06/2020,400,YES,1,7200.0,06/2013,2013,No
1977,1,Mastercard,Debit,5821737939719970,07/2021,620,YES,1,22975.0,06/2014,2014,No
1978,0,Visa,Debit,4955581838657248,10/2022,581,YES,2,5579.0,04/2005,2010,No
1979,0,Visa,Debit,4474440079220409,10/2022,166,NO,1,56039.0,04/2018,2018,No
1979,1,Mastercard,Debit,5724240961290015,12/2023,700,YES,1,28861.0,04/2014,2014,No
1979,2,Mastercard,Debit (Prepaid),5217967974128120,09/2021,914,YES,1,66.0,10/2009,2009,No
1979,3,Mastercard,Credit,5877792740240707,09/2022,793,NO,2,22900.0,09/2009,2010,No
1980,0,Mastercard,Credit,5145463747127185,11/2023,913,YES,1,8500.0,02/2020,2020,No
1980,1,Mastercard,Credit,5541745788882180,02/2022,58,NO,1,3800.0,04/2007,2007,No
1981,0,Mastercard,Debit,5750484233286684,06/2023,222,YES,2,9789.0,01/2008,2009,No
1981,1,Amex,Credit,358690297708537,03/2018,877,YES,2,10800.0,12/2012,2012,No
1982,0,Visa,Credit,4865108019055527,07/2021,237,YES,1,15100.0,02/2020,2020,No
1982,1,Discover,Credit,6515253433115422,04/2020,190,YES,1,15700.0,02/2009,2011,No
1982,2,Visa,Debit,4497189555825931,05/2015,378,YES,2,7320.0,06/2006,2015,No
1982,3,Amex,Credit,370616632244142,06/2018,911,NO,2,5600.0,07/2017,2017,No
1982,4,Mastercard,Debit,5506509188518636,06/2021,743,YES,2,12762.0,07/2003,2010,No
1982,5,Mastercard,Credit,5129342889760157,04/2024,444,YES,2,11900.0,10/2006,2015,No
1983,0,Discover,Credit,6259105481899955,02/2014,854,YES,2,16400.0,12/2005,2008,No
1983,1,Mastercard,Debit,5074464458367025,08/2017,226,YES,2,5656.0,04/2005,2020,No
1983,2,Visa,Debit (Prepaid),4653783977944705,02/2024,233,YES,1,107.0,09/2010,2015,No
1983,3,Visa,Credit,4723544766031693,04/2024,305,YES,2,7800.0,09/2012,2012,No
1983,4,Visa,Credit,4784666596890935,02/2022,50,YES,2,7700.0,07/2005,2015,No
1983,5,Visa,Debit,4842554939859572,12/2022,511,NO,3,8033.0,08/2009,2014,No
1984,0,Mastercard,Debit (Prepaid),5111395106828890,12/2022,302,YES,1,56.0,01/2020,2020,No
1984,1,Mastercard,Debit,5309146201291578,02/2020,566,YES,1,21099.0,02/2020,2020,No
1984,2,Mastercard,Debit,5743134448921247,07/2021,955,YES,2,9316.0,01/2020,2020,No
1985,0,Mastercard,Debit,5274379508016909,01/2022,559,NO,2,21971.0,05/2004,2012,No
1985,1,Mastercard,Debit,5247895172758076,03/2023,818,NO,1,10442.0,03/2008,2016,No
1985,2,Visa,Credit,4409499021452008,08/2019,435,NO,2,8100.0,03/2019,2019,No
1986,0,Mastercard,Debit,5447193146031175,12/2023,290,YES,2,9956.0,03/2011,2011,No
1987,0,Mastercard,Debit,5325590478347304,04/2020,663,YES,2,25702.0,05/2016,2016,No
1987,1,Mastercard,Debit,5418724960148500,09/2019,758,YES,1,15435.0,06/2017,2017,No
1987,2,Amex,Credit,314393148415045,12/2023,772,YES,2,11500.0,11/2010,2010,No
1988,0,Mastercard,Debit,5277481941284870,09/2023,765,YES,1,21244.0,01/2020,2020,No
1988,1,Visa,Debit (Prepaid),4405922261615510,06/2011,725,YES,1,85.0,01/2009,2009,No
1989,0,Visa,Credit,4212472982412282,03/2023,449,YES,1,4000.0,02/2011,2011,No
1989,1,Visa,Debit,4191753432473688,08/2022,915,YES,1,23169.0,07/2008,2011,No
1989,2,Visa,Debit,4140779954294938,11/2022,794,YES,2,16638.0,02/2015,2015,No
1990,0,Mastercard,Debit,5416901310036134,05/2023,533,YES,1,4700.0,02/2007,2015,No
1990,1,Visa,Debit,4752509852890437,07/2024,219,YES,2,3648.0,04/2009,2009,No
1990,2,Mastercard,Credit,5692198759214977,03/2024,761,YES,2,11400.0,04/2009,2010,No
1990,3,Visa,Credit,4882749213560039,02/2022,251,YES,2,7100.0,01/2008,2009,No
1990,4,Visa,Debit,4759540467704662,06/2019,306,YES,2,6204.0,01/2009,2015,No
1990,5,Amex,Credit,313704088925690,09/2021,425,YES,2,6100.0,06/2013,2013,No
1991,0,Visa,Debit (Prepaid),4463555557160795,12/2020,748,NO,3,61.0,02/2020,2020,No
1992,0,Mastercard,Debit,5777074368748266,07/2018,895,YES,2,15512.0,10/2014,2014,No
1992,1,Visa,Debit,4736880733497138,06/2022,632,YES,2,8332.0,08/2016,2016,No
1993,0,Amex,Credit,352640919361783,06/2023,945,YES,1,6200.0,09/2019,2019,No
1993,1,Mastercard,Debit,5396719740758943,08/2021,596,YES,1,23152.0,01/2013,2013,No
1993,2,Mastercard,Debit (Prepaid),5182063803419504,09/2020,572,YES,2,81.0,10/1998,2010,No
1993,3,Mastercard,Debit,5021628982108623,08/2024,87,YES,1,11812.0,06/2010,2010,No
1993,4,Visa,Debit,4239166872169819,01/2020,156,YES,2,12483.0,06/2016,2016,No
1993,5,Visa,Credit,4920642520708261,08/2022,998,YES,1,9100.0,10/2009,2010,No
1994,0,Visa,Debit,4331126149037342,02/2021,920,YES,2,21787.0,01/2020,2020,No
1994,1,Discover,Credit,6209823400357197,01/2020,916,YES,2,12000.0,01/2020,2020,No
1994,2,Mastercard,Debit,5800888888822204,02/2020,80,YES,1,26265.0,02/2020,2020,No
1995,0,Visa,Debit,4351221158003580,08/2012,302,YES,2,27317.0,01/2010,2010,No
1995,1,Visa,Debit,4947422352493090,01/2023,940,YES,2,15094.0,09/2009,2011,No
1995,2,Discover,Credit,6537516721853185,02/2023,573,NO,1,18300.0,03/2007,2013,No
1996,0,Mastercard,Debit,5345225563130049,06/2018,321,NO,2,19756.0,10/2014,2014,No
1996,1,Mastercard,Debit,5867403593584849,01/2022,493,NO,1,17116.0,02/2012,2012,No
1996,2,Visa,Credit,4803534694306012,09/2021,383,YES,1,11100.0,01/2002,2009,No
1996,3,Mastercard,Debit,5040196029255389,11/2021,832,YES,1,2468.0,02/2005,2005,No
1997,0,Mastercard,Debit,5916545236079509,07/2024,314,YES,1,16415.0,07/2016,2016,No
1997,1,Amex,Credit,300609782832003,01/2024,663,YES,1,6900.0,11/2000,2013,No
1997,2,Visa,Credit,4718517475996018,01/2021,492,YES,2,5700.0,04/2012,2012,No
1998,0,Mastercard,Credit,5929512204765914,08/2020,237,NO,2,9200.0,02/2012,2012,No
1999,0,Mastercard,Debit,5589768928167462,01/2020,630,YES,1,28074.0,01/2020,2020,No
1999,1,Visa,Credit,4994011318343994,12/2020,120,YES,1,14400.0,05/2017,2017,No
